{"info":{},"categories":{"label":{"labels":[{"name":"human","parent":"","attributes":[]},{"name":"window","parent":"","attributes":[]},{"name":"chair","parent":"","attributes":[]}],"attributes":[]}},"items":[{"id":"08122008671","annotations":[{"id":0,"type":"bbox","attributes":{"occluded":false,"rotation":0.0,"score":0.8334732041417593},"group":0,"label_id":2,"z_order":0,"bbox":[275.71,398.65,223.53000000000003,507.47]},{"id":0,"type":"bbox","attributes":{"occluded":false,"rotation":0.0,"score":0.8057158937612492},"group":0,"label_id":0,"z_order":0,"bbox":[230.4,75.45,1305.6,1969.46]},{"id":0,"type":"bbox","attributes":{"occluded":false,"rotation":0.0,"score":0.887802787530787},"group":0,"label_id":1,"z_order":0,"bbox":[251.25,2.95,423.19000000000005,268.84000000000003]}],"attr":{"frame":0},"image":{"path":"../Downloads/1/images/default/08122008671.jpg","size":[2048,1536]},"media":{"path":"../Downloads/1/images/default/08122008671.jpg"}}]}