{"info":{},"categories":{"label":{"labels":[{"name":"human","parent":"","attributes":[]},{"name":"window","parent":"","attributes":[]},{"name":"chair","parent":"","attributes":[]}],"attributes":[]}},"items":[{"id":"08122008671","annotations":[{"id":0,"type":"bbox","attributes":{"occluded":false,"rotation":0.0,"score":0.8334732041417593},"group":0,"label_id":2,"z_order":0,"bbox":[275.71,398.65,223.53000000000003,507.47]},{"id":0,"type":"bbox","attributes":{"occluded":false,"rotation":0.0,"score":0.8425349020233387},"group":0,"label_id":0,"z_order":0,"bbox":[438.83,93.57,1097.17,1658.3400000000001]},{"id":0,"type":"bbox","attributes":{"occluded":false,"rotation":0.0,"score":0.8878027875307871},"group":0,"label_id":1,"z_order":0,"bbox":[251.25,2.95,423.19000000000005,268.84000000000003]},{"id":0,"type":"bbox","attributes":{"occluded":false,"rotation":0.0,"score":0.3333333333333333},"group":0,"label_id":2,"z_order":0,"bbox":[1384.29,220.44,151.71000000000004,274.88]}],"attr":{"frame":0},"image":{"path":"../Downloads/1/images/default/08122008671.jpg","size":[2048,1536]},"media":{"path":"../Downloads/1/images/default/08122008671.jpg"}}]}