[
{
  "model": "admin.logentry",
  "pk": 1,
  "fields": {
    "action_time": "2021-12-14T18:20:01.999Z",
    "user": 1,
    "content_type": 4,
    "object_id": "1",
    "object_repr": "admin",
    "action_flag": 2,
    "change_message": "[{\"changed\": {\"fields\": [\"Email address\"]}}]"
  }
},
{
  "model": "admin.logentry",
  "pk": 2,
  "fields": {
    "action_time": "2021-12-14T18:21:09.151Z",
    "user": 1,
    "content_type": 4,
    "object_id": "2",
    "object_repr": "user1",
    "action_flag": 1,
    "change_message": "[{\"added\": {}}]"
  }
},
{
  "model": "admin.logentry",
  "pk": 3,
  "fields": {
    "action_time": "2021-12-14T18:23:58.718Z",
    "user": 1,
    "content_type": 4,
    "object_id": "2",
    "object_repr": "user1",
    "action_flag": 2,
    "change_message": "[{\"changed\": {\"fields\": [\"First name\", \"Last name\", \"Email address\"]}}]"
  }
},
{
  "model": "admin.logentry",
  "pk": 4,
  "fields": {
    "action_time": "2021-12-14T18:24:12.553Z",
    "user": 1,
    "content_type": 4,
    "object_id": "3",
    "object_repr": "user2",
    "action_flag": 1,
    "change_message": "[{\"added\": {}}]"
  }
},
{
  "model": "admin.logentry",
  "pk": 5,
  "fields": {
    "action_time": "2021-12-14T18:24:24.326Z",
    "user": 1,
    "content_type": 4,
    "object_id": "3",
    "object_repr": "user2",
    "action_flag": 2,
    "change_message": "[{\"changed\": {\"fields\": [\"First name\", \"Last name\", \"Email address\"]}}]"
  }
},
{
  "model": "admin.logentry",
  "pk": 6,
  "fields": {
    "action_time": "2021-12-14T18:24:39.624Z",
    "user": 1,
    "content_type": 4,
    "object_id": "4",
    "object_repr": "user3",
    "action_flag": 1,
    "change_message": "[{\"added\": {}}]"
  }
},
{
  "model": "admin.logentry",
  "pk": 7,
  "fields": {
    "action_time": "2021-12-14T18:24:53.704Z",
    "user": 1,
    "content_type": 4,
    "object_id": "4",
    "object_repr": "user3",
    "action_flag": 2,
    "change_message": "[{\"changed\": {\"fields\": [\"First name\", \"Last name\", \"Email address\"]}}]"
  }
},
{
  "model": "admin.logentry",
  "pk": 8,
  "fields": {
    "action_time": "2021-12-14T18:25:10.952Z",
    "user": 1,
    "content_type": 4,
    "object_id": "5",
    "object_repr": "user4",
    "action_flag": 1,
    "change_message": "[{\"added\": {}}]"
  }
},
{
  "model": "admin.logentry",
  "pk": 9,
  "fields": {
    "action_time": "2021-12-14T18:25:31.451Z",
    "user": 1,
    "content_type": 4,
    "object_id": "5",
    "object_repr": "user4",
    "action_flag": 2,
    "change_message": "[{\"changed\": {\"fields\": [\"First name\", \"Last name\", \"Email address\"]}}]"
  }
},
{
  "model": "admin.logentry",
  "pk": 10,
  "fields": {
    "action_time": "2021-12-14T18:30:00.390Z",
    "user": 1,
    "content_type": 4,
    "object_id": "6",
    "object_repr": "worker1",
    "action_flag": 1,
    "change_message": "[{\"added\": {}}]"
  }
},
{
  "model": "admin.logentry",
  "pk": 11,
  "fields": {
    "action_time": "2021-12-14T18:30:20.019Z",
    "user": 1,
    "content_type": 4,
    "object_id": "6",
    "object_repr": "worker1",
    "action_flag": 2,
    "change_message": "[{\"changed\": {\"fields\": [\"First name\", \"Last name\", \"Email address\", \"Groups\"]}}]"
  }
},
{
  "model": "admin.logentry",
  "pk": 12,
  "fields": {
    "action_time": "2021-12-14T18:30:43.380Z",
    "user": 1,
    "content_type": 4,
    "object_id": "7",
    "object_repr": "worker2",
    "action_flag": 1,
    "change_message": "[{\"added\": {}}]"
  }
},
{
  "model": "admin.logentry",
  "pk": 13,
  "fields": {
    "action_time": "2021-12-14T18:31:05.739Z",
    "user": 1,
    "content_type": 4,
    "object_id": "7",
    "object_repr": "worker2",
    "action_flag": 2,
    "change_message": "[{\"changed\": {\"fields\": [\"First name\", \"Last name\", \"Email address\", \"Groups\"]}}]"
  }
},
{
  "model": "admin.logentry",
  "pk": 14,
  "fields": {
    "action_time": "2021-12-14T18:31:25.912Z",
    "user": 1,
    "content_type": 4,
    "object_id": "8",
    "object_repr": "worker3",
    "action_flag": 1,
    "change_message": "[{\"added\": {}}]"
  }
},
{
  "model": "admin.logentry",
  "pk": 15,
  "fields": {
    "action_time": "2021-12-14T18:31:46.096Z",
    "user": 1,
    "content_type": 4,
    "object_id": "8",
    "object_repr": "worker3",
    "action_flag": 2,
    "change_message": "[{\"changed\": {\"fields\": [\"First name\", \"Last name\", \"Email address\", \"Groups\"]}}]"
  }
},
{
  "model": "admin.logentry",
  "pk": 16,
  "fields": {
    "action_time": "2021-12-14T18:32:01.519Z",
    "user": 1,
    "content_type": 4,
    "object_id": "9",
    "object_repr": "worker4",
    "action_flag": 1,
    "change_message": "[{\"added\": {}}]"
  }
},
{
  "model": "admin.logentry",
  "pk": 17,
  "fields": {
    "action_time": "2021-12-14T18:32:21.067Z",
    "user": 1,
    "content_type": 4,
    "object_id": "9",
    "object_repr": "worker4",
    "action_flag": 2,
    "change_message": "[{\"changed\": {\"fields\": [\"First name\", \"Last name\", \"Email address\", \"Groups\"]}}]"
  }
},
{
  "model": "admin.logentry",
  "pk": 18,
  "fields": {
    "action_time": "2021-12-14T18:33:06.933Z",
    "user": 1,
    "content_type": 4,
    "object_id": "10",
    "object_repr": "business1",
    "action_flag": 1,
    "change_message": "[{\"added\": {}}]"
  }
},
{
  "model": "admin.logentry",
  "pk": 19,
  "fields": {
    "action_time": "2021-12-14T18:33:12.541Z",
    "user": 1,
    "content_type": 4,
    "object_id": "10",
    "object_repr": "business1",
    "action_flag": 2,
    "change_message": "[{\"changed\": {\"fields\": [\"First name\", \"Last name\"]}}]"
  }
},
{
  "model": "admin.logentry",
  "pk": 20,
  "fields": {
    "action_time": "2021-12-14T18:33:28.422Z",
    "user": 1,
    "content_type": 4,
    "object_id": "10",
    "object_repr": "business1",
    "action_flag": 2,
    "change_message": "[{\"changed\": {\"fields\": [\"Last name\", \"Email address\", \"Groups\"]}}]"
  }
},
{
  "model": "admin.logentry",
  "pk": 21,
  "fields": {
    "action_time": "2021-12-14T18:34:02.007Z",
    "user": 1,
    "content_type": 4,
    "object_id": "11",
    "object_repr": "business2",
    "action_flag": 1,
    "change_message": "[{\"added\": {}}]"
  }
},
{
  "model": "admin.logentry",
  "pk": 22,
  "fields": {
    "action_time": "2021-12-14T18:34:18.560Z",
    "user": 1,
    "content_type": 4,
    "object_id": "11",
    "object_repr": "business2",
    "action_flag": 2,
    "change_message": "[{\"changed\": {\"fields\": [\"First name\", \"Last name\", \"Email address\", \"Groups\"]}}]"
  }
},
{
  "model": "admin.logentry",
  "pk": 23,
  "fields": {
    "action_time": "2021-12-14T18:34:34.313Z",
    "user": 1,
    "content_type": 4,
    "object_id": "12",
    "object_repr": "business3",
    "action_flag": 1,
    "change_message": "[{\"added\": {}}]"
  }
},
{
  "model": "admin.logentry",
  "pk": 24,
  "fields": {
    "action_time": "2021-12-14T18:34:54.186Z",
    "user": 1,
    "content_type": 4,
    "object_id": "12",
    "object_repr": "business3",
    "action_flag": 2,
    "change_message": "[{\"changed\": {\"fields\": [\"First name\", \"Last name\", \"Email address\", \"Groups\"]}}]"
  }
},
{
  "model": "admin.logentry",
  "pk": 25,
  "fields": {
    "action_time": "2021-12-14T18:35:15.352Z",
    "user": 1,
    "content_type": 4,
    "object_id": "13",
    "object_repr": "business4",
    "action_flag": 1,
    "change_message": "[{\"added\": {}}]"
  }
},
{
  "model": "admin.logentry",
  "pk": 26,
  "fields": {
    "action_time": "2021-12-14T18:35:31.459Z",
    "user": 1,
    "content_type": 4,
    "object_id": "13",
    "object_repr": "business4",
    "action_flag": 2,
    "change_message": "[{\"changed\": {\"fields\": [\"First name\", \"Last name\", \"Email address\", \"Groups\"]}}]"
  }
},
{
  "model": "admin.logentry",
  "pk": 27,
  "fields": {
    "action_time": "2021-12-14T18:36:00.882Z",
    "user": 1,
    "content_type": 4,
    "object_id": "14",
    "object_repr": "dummy1",
    "action_flag": 1,
    "change_message": "[{\"added\": {}}]"
  }
},
{
  "model": "admin.logentry",
  "pk": 28,
  "fields": {
    "action_time": "2021-12-14T18:36:16.686Z",
    "user": 1,
    "content_type": 4,
    "object_id": "14",
    "object_repr": "dummy1",
    "action_flag": 2,
    "change_message": "[{\"changed\": {\"fields\": [\"First name\", \"Last name\", \"Email address\", \"Groups\"]}}]"
  }
},
{
  "model": "admin.logentry",
  "pk": 29,
  "fields": {
    "action_time": "2021-12-14T18:36:31.775Z",
    "user": 1,
    "content_type": 4,
    "object_id": "15",
    "object_repr": "dummy2",
    "action_flag": 1,
    "change_message": "[{\"added\": {}}]"
  }
},
{
  "model": "admin.logentry",
  "pk": 30,
  "fields": {
    "action_time": "2021-12-14T18:36:47.117Z",
    "user": 1,
    "content_type": 4,
    "object_id": "15",
    "object_repr": "dummy2",
    "action_flag": 2,
    "change_message": "[{\"changed\": {\"fields\": [\"First name\", \"Last name\", \"Email address\", \"Groups\"]}}]"
  }
},
{
  "model": "admin.logentry",
  "pk": 31,
  "fields": {
    "action_time": "2021-12-14T18:37:09.321Z",
    "user": 1,
    "content_type": 4,
    "object_id": "16",
    "object_repr": "dummy3",
    "action_flag": 1,
    "change_message": "[{\"added\": {}}]"
  }
},
{
  "model": "admin.logentry",
  "pk": 32,
  "fields": {
    "action_time": "2021-12-14T18:37:25.887Z",
    "user": 1,
    "content_type": 4,
    "object_id": "16",
    "object_repr": "dummy3",
    "action_flag": 2,
    "change_message": "[{\"changed\": {\"fields\": [\"First name\", \"Last name\", \"Email address\", \"Groups\"]}}]"
  }
},
{
  "model": "admin.logentry",
  "pk": 33,
  "fields": {
    "action_time": "2021-12-14T18:37:41.262Z",
    "user": 1,
    "content_type": 4,
    "object_id": "17",
    "object_repr": "dummy4",
    "action_flag": 1,
    "change_message": "[{\"added\": {}}]"
  }
},
{
  "model": "admin.logentry",
  "pk": 34,
  "fields": {
    "action_time": "2021-12-14T18:38:00.903Z",
    "user": 1,
    "content_type": 4,
    "object_id": "17",
    "object_repr": "dummy4",
    "action_flag": 2,
    "change_message": "[{\"changed\": {\"fields\": [\"First name\", \"Last name\", \"Email address\", \"Groups\"]}}]"
  }
},
{
  "model": "admin.logentry",
  "pk": 35,
  "fields": {
    "action_time": "2021-12-14T18:38:21.968Z",
    "user": 1,
    "content_type": 4,
    "object_id": "1",
    "object_repr": "admin1",
    "action_flag": 2,
    "change_message": "[{\"changed\": {\"fields\": [\"Username\", \"First name\", \"Last name\", \"Email address\"]}}]"
  }
},
{
  "model": "admin.logentry",
  "pk": 36,
  "fields": {
    "action_time": "2021-12-14T18:38:27.813Z",
    "user": 1,
    "content_type": 4,
    "object_id": "1",
    "object_repr": "admin1",
    "action_flag": 2,
    "change_message": "[{\"changed\": {\"fields\": [\"Last name\"]}}]"
  }
},
{
  "model": "admin.logentry",
  "pk": 37,
  "fields": {
    "action_time": "2021-12-14T18:38:46.549Z",
    "user": 1,
    "content_type": 4,
    "object_id": "18",
    "object_repr": "admin2",
    "action_flag": 1,
    "change_message": "[{\"added\": {}}]"
  }
},
{
  "model": "admin.logentry",
  "pk": 38,
  "fields": {
    "action_time": "2021-12-14T18:39:13.940Z",
    "user": 1,
    "content_type": 4,
    "object_id": "18",
    "object_repr": "admin2",
    "action_flag": 2,
    "change_message": "[{\"changed\": {\"fields\": [\"First name\", \"Last name\", \"Email address\", \"Groups\"]}}]"
  }
},
{
  "model": "admin.logentry",
  "pk": 39,
  "fields": {
    "action_time": "2021-12-14T18:41:27.383Z",
    "user": 1,
    "content_type": 4,
    "object_id": "18",
    "object_repr": "admin2",
    "action_flag": 2,
    "change_message": "[{\"changed\": {\"fields\": [\"Staff status\", \"Superuser status\"]}}]"
  }
},
{
  "model": "admin.logentry",
  "pk": 40,
  "fields": {
    "action_time": "2021-12-14T18:41:37.492Z",
    "user": 1,
    "content_type": 4,
    "object_id": "18",
    "object_repr": "admin2",
    "action_flag": 2,
    "change_message": "[{\"changed\": {\"fields\": [\"password\"]}}]"
  }
},
{
  "model": "admin.logentry",
  "pk": 41,
  "fields": {
    "action_time": "2021-12-14T18:41:50.468Z",
    "user": 1,
    "content_type": 4,
    "object_id": "1",
    "object_repr": "admin1",
    "action_flag": 2,
    "change_message": "[{\"changed\": {\"fields\": [\"password\"]}}]"
  }
},
{
  "model": "admin.logentry",
  "pk": 42,
  "fields": {
    "action_time": "2022-02-24T20:45:07.810Z",
    "user": 1,
    "content_type": 4,
    "object_id": "19",
    "object_repr": "user5",
    "action_flag": 1,
    "change_message": "[{\"added\": {}}]"
  }
},
{
  "model": "admin.logentry",
  "pk": 43,
  "fields": {
    "action_time": "2022-02-24T20:45:13.620Z",
    "user": 1,
    "content_type": 4,
    "object_id": "19",
    "object_repr": "user5",
    "action_flag": 2,
    "change_message": "[{\"changed\": {\"fields\": [\"First name\", \"Last name\", \"Email address\"]}}]"
  }
},
{
  "model": "admin.logentry",
  "pk": 44,
  "fields": {
    "action_time": "2022-02-24T20:45:19.301Z",
    "user": 1,
    "content_type": 4,
    "object_id": "20",
    "object_repr": "user6",
    "action_flag": 1,
    "change_message": "[{\"added\": {}}]"
  }
},
{
  "model": "admin.logentry",
  "pk": 45,
  "fields": {
    "action_time": "2022-02-24T20:45:25.772Z",
    "user": 1,
    "content_type": 4,
    "object_id": "20",
    "object_repr": "user6",
    "action_flag": 2,
    "change_message": "[{\"changed\": {\"fields\": [\"First name\", \"Last name\", \"Email address\"]}}]"
  }
},
{
  "model": "auth.permission",
  "pk": 1,
  "fields": {
    "name": "Can add log entry",
    "content_type": 1,
    "codename": "add_logentry"
  }
},
{
  "model": "auth.permission",
  "pk": 2,
  "fields": {
    "name": "Can change log entry",
    "content_type": 1,
    "codename": "change_logentry"
  }
},
{
  "model": "auth.permission",
  "pk": 3,
  "fields": {
    "name": "Can delete log entry",
    "content_type": 1,
    "codename": "delete_logentry"
  }
},
{
  "model": "auth.permission",
  "pk": 4,
  "fields": {
    "name": "Can view log entry",
    "content_type": 1,
    "codename": "view_logentry"
  }
},
{
  "model": "auth.permission",
  "pk": 5,
  "fields": {
    "name": "Can add permission",
    "content_type": 2,
    "codename": "add_permission"
  }
},
{
  "model": "auth.permission",
  "pk": 6,
  "fields": {
    "name": "Can change permission",
    "content_type": 2,
    "codename": "change_permission"
  }
},
{
  "model": "auth.permission",
  "pk": 7,
  "fields": {
    "name": "Can delete permission",
    "content_type": 2,
    "codename": "delete_permission"
  }
},
{
  "model": "auth.permission",
  "pk": 8,
  "fields": {
    "name": "Can view permission",
    "content_type": 2,
    "codename": "view_permission"
  }
},
{
  "model": "auth.permission",
  "pk": 9,
  "fields": {
    "name": "Can add group",
    "content_type": 3,
    "codename": "add_group"
  }
},
{
  "model": "auth.permission",
  "pk": 10,
  "fields": {
    "name": "Can change group",
    "content_type": 3,
    "codename": "change_group"
  }
},
{
  "model": "auth.permission",
  "pk": 11,
  "fields": {
    "name": "Can delete group",
    "content_type": 3,
    "codename": "delete_group"
  }
},
{
  "model": "auth.permission",
  "pk": 12,
  "fields": {
    "name": "Can view group",
    "content_type": 3,
    "codename": "view_group"
  }
},
{
  "model": "auth.permission",
  "pk": 13,
  "fields": {
    "name": "Can add user",
    "content_type": 4,
    "codename": "add_user"
  }
},
{
  "model": "auth.permission",
  "pk": 14,
  "fields": {
    "name": "Can change user",
    "content_type": 4,
    "codename": "change_user"
  }
},
{
  "model": "auth.permission",
  "pk": 15,
  "fields": {
    "name": "Can delete user",
    "content_type": 4,
    "codename": "delete_user"
  }
},
{
  "model": "auth.permission",
  "pk": 16,
  "fields": {
    "name": "Can view user",
    "content_type": 4,
    "codename": "view_user"
  }
},
{
  "model": "auth.permission",
  "pk": 17,
  "fields": {
    "name": "Can add content type",
    "content_type": 5,
    "codename": "add_contenttype"
  }
},
{
  "model": "auth.permission",
  "pk": 18,
  "fields": {
    "name": "Can change content type",
    "content_type": 5,
    "codename": "change_contenttype"
  }
},
{
  "model": "auth.permission",
  "pk": 19,
  "fields": {
    "name": "Can delete content type",
    "content_type": 5,
    "codename": "delete_contenttype"
  }
},
{
  "model": "auth.permission",
  "pk": 20,
  "fields": {
    "name": "Can view content type",
    "content_type": 5,
    "codename": "view_contenttype"
  }
},
{
  "model": "auth.permission",
  "pk": 21,
  "fields": {
    "name": "Can add session",
    "content_type": 6,
    "codename": "add_session"
  }
},
{
  "model": "auth.permission",
  "pk": 22,
  "fields": {
    "name": "Can change session",
    "content_type": 6,
    "codename": "change_session"
  }
},
{
  "model": "auth.permission",
  "pk": 23,
  "fields": {
    "name": "Can delete session",
    "content_type": 6,
    "codename": "delete_session"
  }
},
{
  "model": "auth.permission",
  "pk": 24,
  "fields": {
    "name": "Can view session",
    "content_type": 6,
    "codename": "view_session"
  }
},
{
  "model": "auth.permission",
  "pk": 25,
  "fields": {
    "name": "Can add Token",
    "content_type": 7,
    "codename": "add_token"
  }
},
{
  "model": "auth.permission",
  "pk": 26,
  "fields": {
    "name": "Can change Token",
    "content_type": 7,
    "codename": "change_token"
  }
},
{
  "model": "auth.permission",
  "pk": 27,
  "fields": {
    "name": "Can delete Token",
    "content_type": 7,
    "codename": "delete_token"
  }
},
{
  "model": "auth.permission",
  "pk": 28,
  "fields": {
    "name": "Can view Token",
    "content_type": 7,
    "codename": "view_token"
  }
},
{
  "model": "auth.permission",
  "pk": 29,
  "fields": {
    "name": "Can add token",
    "content_type": 8,
    "codename": "add_tokenproxy"
  }
},
{
  "model": "auth.permission",
  "pk": 30,
  "fields": {
    "name": "Can change token",
    "content_type": 8,
    "codename": "change_tokenproxy"
  }
},
{
  "model": "auth.permission",
  "pk": 31,
  "fields": {
    "name": "Can delete token",
    "content_type": 8,
    "codename": "delete_tokenproxy"
  }
},
{
  "model": "auth.permission",
  "pk": 32,
  "fields": {
    "name": "Can view token",
    "content_type": 8,
    "codename": "view_tokenproxy"
  }
},
{
  "model": "auth.permission",
  "pk": 33,
  "fields": {
    "name": "Can add site",
    "content_type": 9,
    "codename": "add_site"
  }
},
{
  "model": "auth.permission",
  "pk": 34,
  "fields": {
    "name": "Can change site",
    "content_type": 9,
    "codename": "change_site"
  }
},
{
  "model": "auth.permission",
  "pk": 35,
  "fields": {
    "name": "Can delete site",
    "content_type": 9,
    "codename": "delete_site"
  }
},
{
  "model": "auth.permission",
  "pk": 36,
  "fields": {
    "name": "Can view site",
    "content_type": 9,
    "codename": "view_site"
  }
},
{
  "model": "auth.permission",
  "pk": 37,
  "fields": {
    "name": "Can add email address",
    "content_type": 10,
    "codename": "add_emailaddress"
  }
},
{
  "model": "auth.permission",
  "pk": 38,
  "fields": {
    "name": "Can change email address",
    "content_type": 10,
    "codename": "change_emailaddress"
  }
},
{
  "model": "auth.permission",
  "pk": 39,
  "fields": {
    "name": "Can delete email address",
    "content_type": 10,
    "codename": "delete_emailaddress"
  }
},
{
  "model": "auth.permission",
  "pk": 40,
  "fields": {
    "name": "Can view email address",
    "content_type": 10,
    "codename": "view_emailaddress"
  }
},
{
  "model": "auth.permission",
  "pk": 41,
  "fields": {
    "name": "Can add email confirmation",
    "content_type": 11,
    "codename": "add_emailconfirmation"
  }
},
{
  "model": "auth.permission",
  "pk": 42,
  "fields": {
    "name": "Can change email confirmation",
    "content_type": 11,
    "codename": "change_emailconfirmation"
  }
},
{
  "model": "auth.permission",
  "pk": 43,
  "fields": {
    "name": "Can delete email confirmation",
    "content_type": 11,
    "codename": "delete_emailconfirmation"
  }
},
{
  "model": "auth.permission",
  "pk": 44,
  "fields": {
    "name": "Can view email confirmation",
    "content_type": 11,
    "codename": "view_emailconfirmation"
  }
},
{
  "model": "auth.permission",
  "pk": 45,
  "fields": {
    "name": "Can add social account",
    "content_type": 12,
    "codename": "add_socialaccount"
  }
},
{
  "model": "auth.permission",
  "pk": 46,
  "fields": {
    "name": "Can change social account",
    "content_type": 12,
    "codename": "change_socialaccount"
  }
},
{
  "model": "auth.permission",
  "pk": 47,
  "fields": {
    "name": "Can delete social account",
    "content_type": 12,
    "codename": "delete_socialaccount"
  }
},
{
  "model": "auth.permission",
  "pk": 48,
  "fields": {
    "name": "Can view social account",
    "content_type": 12,
    "codename": "view_socialaccount"
  }
},
{
  "model": "auth.permission",
  "pk": 49,
  "fields": {
    "name": "Can add social application",
    "content_type": 13,
    "codename": "add_socialapp"
  }
},
{
  "model": "auth.permission",
  "pk": 50,
  "fields": {
    "name": "Can change social application",
    "content_type": 13,
    "codename": "change_socialapp"
  }
},
{
  "model": "auth.permission",
  "pk": 51,
  "fields": {
    "name": "Can delete social application",
    "content_type": 13,
    "codename": "delete_socialapp"
  }
},
{
  "model": "auth.permission",
  "pk": 52,
  "fields": {
    "name": "Can view social application",
    "content_type": 13,
    "codename": "view_socialapp"
  }
},
{
  "model": "auth.permission",
  "pk": 53,
  "fields": {
    "name": "Can add social application token",
    "content_type": 14,
    "codename": "add_socialtoken"
  }
},
{
  "model": "auth.permission",
  "pk": 54,
  "fields": {
    "name": "Can change social application token",
    "content_type": 14,
    "codename": "change_socialtoken"
  }
},
{
  "model": "auth.permission",
  "pk": 55,
  "fields": {
    "name": "Can delete social application token",
    "content_type": 14,
    "codename": "delete_socialtoken"
  }
},
{
  "model": "auth.permission",
  "pk": 56,
  "fields": {
    "name": "Can view social application token",
    "content_type": 14,
    "codename": "view_socialtoken"
  }
},
{
  "model": "auth.permission",
  "pk": 57,
  "fields": {
    "name": "Can add profile",
    "content_type": 39,
    "codename": "add_profile"
  }
},
{
  "model": "auth.permission",
  "pk": 58,
  "fields": {
    "name": "Can change profile",
    "content_type": 39,
    "codename": "change_profile"
  }
},
{
  "model": "auth.permission",
  "pk": 59,
  "fields": {
    "name": "Can delete profile",
    "content_type": 39,
    "codename": "delete_profile"
  }
},
{
  "model": "auth.permission",
  "pk": 60,
  "fields": {
    "name": "Can view profile",
    "content_type": 39,
    "codename": "view_profile"
  }
},
{
  "model": "auth.permission",
  "pk": 61,
  "fields": {
    "name": "Can add issue",
    "content_type": 40,
    "codename": "add_issue"
  }
},
{
  "model": "auth.permission",
  "pk": 62,
  "fields": {
    "name": "Can change issue",
    "content_type": 40,
    "codename": "change_issue"
  }
},
{
  "model": "auth.permission",
  "pk": 63,
  "fields": {
    "name": "Can delete issue",
    "content_type": 40,
    "codename": "delete_issue"
  }
},
{
  "model": "auth.permission",
  "pk": 64,
  "fields": {
    "name": "Can view issue",
    "content_type": 40,
    "codename": "view_issue"
  }
},
{
  "model": "auth.permission",
  "pk": 65,
  "fields": {
    "name": "Can add comment",
    "content_type": 41,
    "codename": "add_comment"
  }
},
{
  "model": "auth.permission",
  "pk": 66,
  "fields": {
    "name": "Can change comment",
    "content_type": 41,
    "codename": "change_comment"
  }
},
{
  "model": "auth.permission",
  "pk": 67,
  "fields": {
    "name": "Can delete comment",
    "content_type": 41,
    "codename": "delete_comment"
  }
},
{
  "model": "auth.permission",
  "pk": 68,
  "fields": {
    "name": "Can view comment",
    "content_type": 41,
    "codename": "view_comment"
  }
},
{
  "model": "auth.permission",
  "pk": 69,
  "fields": {
    "name": "Can add training project",
    "content_type": 43,
    "codename": "add_trainingproject"
  }
},
{
  "model": "auth.permission",
  "pk": 70,
  "fields": {
    "name": "Can change training project",
    "content_type": 43,
    "codename": "change_trainingproject"
  }
},
{
  "model": "auth.permission",
  "pk": 71,
  "fields": {
    "name": "Can delete training project",
    "content_type": 43,
    "codename": "delete_trainingproject"
  }
},
{
  "model": "auth.permission",
  "pk": 72,
  "fields": {
    "name": "Can view training project",
    "content_type": 43,
    "codename": "view_trainingproject"
  }
},
{
  "model": "auth.permission",
  "pk": 73,
  "fields": {
    "name": "Can add training project label",
    "content_type": 44,
    "codename": "add_trainingprojectlabel"
  }
},
{
  "model": "auth.permission",
  "pk": 74,
  "fields": {
    "name": "Can change training project label",
    "content_type": 44,
    "codename": "change_trainingprojectlabel"
  }
},
{
  "model": "auth.permission",
  "pk": 75,
  "fields": {
    "name": "Can delete training project label",
    "content_type": 44,
    "codename": "delete_trainingprojectlabel"
  }
},
{
  "model": "auth.permission",
  "pk": 76,
  "fields": {
    "name": "Can view training project label",
    "content_type": 44,
    "codename": "view_trainingprojectlabel"
  }
},
{
  "model": "auth.permission",
  "pk": 77,
  "fields": {
    "name": "Can add training project image",
    "content_type": 45,
    "codename": "add_trainingprojectimage"
  }
},
{
  "model": "auth.permission",
  "pk": 78,
  "fields": {
    "name": "Can change training project image",
    "content_type": 45,
    "codename": "change_trainingprojectimage"
  }
},
{
  "model": "auth.permission",
  "pk": 79,
  "fields": {
    "name": "Can delete training project image",
    "content_type": 45,
    "codename": "delete_trainingprojectimage"
  }
},
{
  "model": "auth.permission",
  "pk": 80,
  "fields": {
    "name": "Can view training project image",
    "content_type": 45,
    "codename": "view_trainingprojectimage"
  }
},
{
  "model": "auth.permission",
  "pk": 81,
  "fields": {
    "name": "Can add manifest",
    "content_type": 47,
    "codename": "add_manifest"
  }
},
{
  "model": "auth.permission",
  "pk": 82,
  "fields": {
    "name": "Can change manifest",
    "content_type": 47,
    "codename": "change_manifest"
  }
},
{
  "model": "auth.permission",
  "pk": 83,
  "fields": {
    "name": "Can delete manifest",
    "content_type": 47,
    "codename": "delete_manifest"
  }
},
{
  "model": "auth.permission",
  "pk": 84,
  "fields": {
    "name": "Can view manifest",
    "content_type": 47,
    "codename": "view_manifest"
  }
},
{
  "model": "auth.permission",
  "pk": 85,
  "fields": {
    "name": "Can add git data",
    "content_type": 48,
    "codename": "add_gitdata"
  }
},
{
  "model": "auth.permission",
  "pk": 86,
  "fields": {
    "name": "Can change git data",
    "content_type": 48,
    "codename": "change_gitdata"
  }
},
{
  "model": "auth.permission",
  "pk": 87,
  "fields": {
    "name": "Can delete git data",
    "content_type": 48,
    "codename": "delete_gitdata"
  }
},
{
  "model": "auth.permission",
  "pk": 88,
  "fields": {
    "name": "Can view git data",
    "content_type": 48,
    "codename": "view_gitdata"
  }
},
{
  "model": "auth.group",
  "pk": 1,
  "fields": {
    "name": "admin",
    "permissions": []
  }
},
{
  "model": "auth.group",
  "pk": 2,
  "fields": {
    "name": "business",
    "permissions": []
  }
},
{
  "model": "auth.group",
  "pk": 3,
  "fields": {
    "name": "user",
    "permissions": []
  }
},
{
  "model": "auth.group",
  "pk": 4,
  "fields": {
    "name": "worker",
    "permissions": []
  }
},
{
  "model": "auth.user",
  "pk": 1,
  "fields": {
    "password": "pbkdf2_sha256$260000$DevmxlmLwciP1P6sZs2Qag$U9DFtjTWx96Sk95qY6UXVcvpdQEP2LcoFBftk5D2RKY=",
    "last_login": "2022-03-05T09:34:33.293Z",
    "is_superuser": true,
    "username": "admin1",
    "first_name": "Admin",
    "last_name": "First",
    "email": "admin1@cvat.org",
    "is_staff": true,
    "is_active": true,
    "date_joined": "2021-12-14T18:04:57Z",
    "groups": [
      1
    ],
    "user_permissions": []
  }
},
{
  "model": "auth.user",
  "pk": 2,
  "fields": {
    "password": "pbkdf2_sha256$260000$Pf2xYWXBedoAJ504jyDD8e$8sJ244Ai0xhZrUTelapPNHlEg7CV0cCUaxbcxZtfaug=",
    "last_login": "2022-03-17T07:22:09.327Z",
    "is_superuser": false,
    "username": "user1",
    "first_name": "User",
    "last_name": "First",
    "email": "user1@cvat.org",
    "is_staff": false,
    "is_active": true,
    "date_joined": "2021-12-14T18:21:09Z",
    "groups": [
      3
    ],
    "user_permissions": []
  }
},
{
  "model": "auth.user",
  "pk": 3,
  "fields": {
    "password": "pbkdf2_sha256$260000$9YZSJ0xF4Kvjsm2Fwflciy$zRpcqAMLaJBbqTRS09NkZovOHtcdy6haZxu++AeoWFo=",
    "last_login": "2022-03-28T13:05:05.561Z",
    "is_superuser": false,
    "username": "user2",
    "first_name": "User",
    "last_name": "Second",
    "email": "user2@cvat.org",
    "is_staff": false,
    "is_active": true,
    "date_joined": "2021-12-14T18:24:12Z",
    "groups": [
      3
    ],
    "user_permissions": []
  }
},
{
  "model": "auth.user",
  "pk": 4,
  "fields": {
    "password": "pbkdf2_sha256$260000$100pcg3A4DB6ewFLQFhfc8$YokGMdr0t2ZayTurcYpUyjaCbN4CeHPkoLCv5krrAhw=",
    "last_login": null,
    "is_superuser": false,
    "username": "user3",
    "first_name": "User",
    "last_name": "Third",
    "email": "user3@cvat.org",
    "is_staff": false,
    "is_active": true,
    "date_joined": "2021-12-14T18:24:39Z",
    "groups": [
      3
    ],
    "user_permissions": []
  }
},
{
  "model": "auth.user",
  "pk": 5,
  "fields": {
    "password": "pbkdf2_sha256$260000$O87TrQZ5e1FdAjz2K5Xn3q$czWORxw/fCBgnZAEVjX/ki7JRHCsnaqRimCGYmULKfc=",
    "last_login": null,
    "is_superuser": false,
    "username": "user4",
    "first_name": "User",
    "last_name": "Fourth",
    "email": "user4@cvat.org",
    "is_staff": false,
    "is_active": true,
    "date_joined": "2021-12-14T18:25:10Z",
    "groups": [
      3
    ],
    "user_permissions": []
  }
},
{
  "model": "auth.user",
  "pk": 6,
  "fields": {
    "password": "pbkdf2_sha256$260000$15iUjDNh5gPg5683u1HhOG$fF8hW6AR90o9SCsO/MomzdQFkgQsMUW3YQUlwwiC1vA=",
    "last_login": "2021-12-14T19:11:21.048Z",
    "is_superuser": false,
    "username": "worker1",
    "first_name": "Worker",
    "last_name": "First",
    "email": "worker1@cvat.org",
    "is_staff": false,
    "is_active": true,
    "date_joined": "2021-12-14T18:30:00Z",
    "groups": [
      4
    ],
    "user_permissions": []
  }
},
{
  "model": "auth.user",
  "pk": 7,
  "fields": {
    "password": "pbkdf2_sha256$260000$EtdCZTYNPHPX50kM67A7kA$JxuHkmB25RkeMszSV9Pd58E9AFdSu3Rx2UYSAKu/q4k=",
    "last_login": null,
    "is_superuser": false,
    "username": "worker2",
    "first_name": "Worker",
    "last_name": "Second",
    "email": "worker2@cvat.org",
    "is_staff": false,
    "is_active": true,
    "date_joined": "2021-12-14T18:30:43Z",
    "groups": [
      4
    ],
    "user_permissions": []
  }
},
{
  "model": "auth.user",
  "pk": 8,
  "fields": {
    "password": "pbkdf2_sha256$260000$PNnmu5EKgxZCY9HQgNLfta$JjsE9zrFYJ3ISUHANjjwnxuiGNRGIyVamqnqrkqR9fQ=",
    "last_login": null,
    "is_superuser": false,
    "username": "worker3",
    "first_name": "Worker",
    "last_name": "Third",
    "email": "worker3@cvat.org",
    "is_staff": false,
    "is_active": true,
    "date_joined": "2021-12-14T18:31:25Z",
    "groups": [
      4
    ],
    "user_permissions": []
  }
},
{
  "model": "auth.user",
  "pk": 9,
  "fields": {
    "password": "pbkdf2_sha256$260000$ipL3D6HSba1Cn7pzb5Q7bh$OFx/xO6Q3Q5sBGq3W3MBsmqFhVjkPmVVfaQdnJ8FAtg=",
    "last_login": null,
    "is_superuser": false,
    "username": "worker4",
    "first_name": "Worker",
    "last_name": "Fourth",
    "email": "worker4@cvat.org",
    "is_staff": false,
    "is_active": true,
    "date_joined": "2021-12-14T18:32:01Z",
    "groups": [
      4
    ],
    "user_permissions": []
  }
},
{
  "model": "auth.user",
  "pk": 10,
  "fields": {
    "password": "pbkdf2_sha256$260000$X4F89IRqnBtojZuHidrwQG$j1+EpXfyvMesHdod4N+dNUfF4WKS2NWFfeGDec/43as=",
    "last_login": "2022-03-05T10:31:48.850Z",
    "is_superuser": false,
    "username": "business1",
    "first_name": "Business",
    "last_name": "First",
    "email": "business1@cvat.org",
    "is_staff": false,
    "is_active": true,
    "date_joined": "2021-12-14T18:33:06Z",
    "groups": [
      2
    ],
    "user_permissions": []
  }
},
{
  "model": "auth.user",
  "pk": 11,
  "fields": {
    "password": "pbkdf2_sha256$260000$Zw76ANIvIsDngZGsTv2G8O$piTVoqHrpTskW8rI1FBT9rzM2dcpjhrcOfI3pDgtjbo=",
    "last_login": "2022-03-17T07:22:55.930Z",
    "is_superuser": false,
    "username": "business2",
    "first_name": "Business",
    "last_name": "Second",
    "email": "business2@cvat.org",
    "is_staff": false,
    "is_active": true,
    "date_joined": "2021-12-14T18:34:01Z",
    "groups": [
      2
    ],
    "user_permissions": []
  }
},
{
  "model": "auth.user",
  "pk": 12,
  "fields": {
    "password": "pbkdf2_sha256$260000$KcNRm6RwodBaGfWhh7ngqB$SsKUBx7vF1Ee0WBDwExd/JI39w1Ee0cBoox7lqNbhCk=",
    "last_login": null,
    "is_superuser": false,
    "username": "business3",
    "first_name": "Business",
    "last_name": "Third",
    "email": "business3@cvat.org",
    "is_staff": false,
    "is_active": true,
    "date_joined": "2021-12-14T18:34:34Z",
    "groups": [
      2
    ],
    "user_permissions": []
  }
},
{
  "model": "auth.user",
  "pk": 13,
  "fields": {
    "password": "pbkdf2_sha256$260000$BbdWU6TKtVfIAW00Dk4Qyb$mkqf3VrZULPrzfH5NFEeEYCnzBPLaBBsVgdeTCve4lA=",
    "last_login": null,
    "is_superuser": false,
    "username": "business4",
    "first_name": "Business",
    "last_name": "Fourth",
    "email": "business4@cvat.org",
    "is_staff": false,
    "is_active": true,
    "date_joined": "2021-12-14T18:35:15Z",
    "groups": [
      2
    ],
    "user_permissions": []
  }
},
{
  "model": "auth.user",
  "pk": 14,
  "fields": {
    "password": "pbkdf2_sha256$260000$47xWwGNsT3dvBc1qZDcLvC$fLC2y72acILlhGFiVp3nA/bnCxY/mRb7xOqOh7Es95k=",
    "last_login": null,
    "is_superuser": false,
    "username": "dummy1",
    "first_name": "Dummy",
    "last_name": "First",
    "email": "dummy1@cvat.org",
    "is_staff": false,
    "is_active": true,
    "date_joined": "2021-12-14T18:36:00Z",
    "groups": [],
    "user_permissions": []
  }
},
{
  "model": "auth.user",
  "pk": 15,
  "fields": {
    "password": "pbkdf2_sha256$260000$g0en7cElWDD2HJlVV2Vhns$U7eJco9WdvEy/GDpZcoGu2rGGF+3TIMS0v/aRaCqWwo=",
    "last_login": null,
    "is_superuser": false,
    "username": "dummy2",
    "first_name": "Dummy",
    "last_name": "Second",
    "email": "dummy2@cvat.org",
    "is_staff": false,
    "is_active": true,
    "date_joined": "2021-12-14T18:36:31Z",
    "groups": [],
    "user_permissions": []
  }
},
{
  "model": "auth.user",
  "pk": 16,
  "fields": {
    "password": "pbkdf2_sha256$260000$48BDv2UDlqhl8DUBc73KiH$Sl4mklcY7vuFyhZh9y1XozQbb35xT3ZgYAUhrUqpV6c=",
    "last_login": null,
    "is_superuser": false,
    "username": "dummy3",
    "first_name": "Dummy",
    "last_name": "Third",
    "email": "dummy3@cvat.org",
    "is_staff": false,
    "is_active": true,
    "date_joined": "2021-12-14T18:37:09Z",
    "groups": [],
    "user_permissions": []
  }
},
{
  "model": "auth.user",
  "pk": 17,
  "fields": {
    "password": "pbkdf2_sha256$260000$ZgcuAD4y4yevdl8uH9uDkv$D89cXpicXu+B4Vs+Nlew/sXYpZvO4kOO1IMoyYs1AvE=",
    "last_login": null,
    "is_superuser": false,
    "username": "dummy4",
    "first_name": "Dummy",
    "last_name": "Fourth",
    "email": "dummy4@cvat.org",
    "is_staff": false,
    "is_active": true,
    "date_joined": "2021-12-14T18:37:41Z",
    "groups": [],
    "user_permissions": []
  }
},
{
  "model": "auth.user",
  "pk": 18,
  "fields": {
    "password": "pbkdf2_sha256$260000$uOqP32bk2zHuvO0sdGBGmu$hMbzA1yBWcY5rIU670sZ3SHXRLUa7bCkbrMnrEDGSRM=",
    "last_login": "2022-03-05T09:37:01.636Z",
    "is_superuser": true,
    "username": "admin2",
    "first_name": "Admin",
    "last_name": "Second",
    "email": "admin2@cvat.org",
    "is_staff": true,
    "is_active": true,
    "date_joined": "2021-12-14T18:38:46Z",
    "groups": [
      1
    ],
    "user_permissions": []
  }
},
{
  "model": "auth.user",
  "pk": 19,
  "fields": {
    "password": "pbkdf2_sha256$260000$sKpnXRfALvvS3bBUj8e2SD$wcq2zoyeXxa+gnn6007p6DGtNd+ND6H4pGOq9ekb9t0=",
    "last_login": null,
    "is_superuser": false,
    "username": "user5",
    "first_name": "User",
    "last_name": "Fifth",
    "email": "user5@cvat.org",
    "is_staff": false,
    "is_active": true,
    "date_joined": "2022-02-24T20:45:07Z",
    "groups": [
      3
    ],
    "user_permissions": []
  }
},
{
  "model": "auth.user",
  "pk": 20,
  "fields": {
    "password": "pbkdf2_sha256$260000$V3cCtaea9FrYFYQRGJfBGO$nZVdhgyq1iEcv3Ed4QDnMt18ULQViJn0snZDm9ZL2SA=",
    "last_login": null,
    "is_superuser": false,
    "username": "user6",
    "first_name": "User",
    "last_name": "Sixth",
    "email": "user6@cvat.org",
    "is_staff": false,
    "is_active": true,
    "date_joined": "2022-02-24T20:45:19Z",
    "groups": [
      3
    ],
    "user_permissions": []
  }
},
{
  "model": "contenttypes.contenttype",
  "pk": 1,
  "fields": {
    "app_label": "admin",
    "model": "logentry"
  }
},
{
  "model": "contenttypes.contenttype",
  "pk": 2,
  "fields": {
    "app_label": "auth",
    "model": "permission"
  }
},
{
  "model": "contenttypes.contenttype",
  "pk": 3,
  "fields": {
    "app_label": "auth",
    "model": "group"
  }
},
{
  "model": "contenttypes.contenttype",
  "pk": 4,
  "fields": {
    "app_label": "auth",
    "model": "user"
  }
},
{
  "model": "contenttypes.contenttype",
  "pk": 5,
  "fields": {
    "app_label": "contenttypes",
    "model": "contenttype"
  }
},
{
  "model": "contenttypes.contenttype",
  "pk": 6,
  "fields": {
    "app_label": "sessions",
    "model": "session"
  }
},
{
  "model": "contenttypes.contenttype",
  "pk": 7,
  "fields": {
    "app_label": "authtoken",
    "model": "token"
  }
},
{
  "model": "contenttypes.contenttype",
  "pk": 8,
  "fields": {
    "app_label": "authtoken",
    "model": "tokenproxy"
  }
},
{
  "model": "contenttypes.contenttype",
  "pk": 9,
  "fields": {
    "app_label": "sites",
    "model": "site"
  }
},
{
  "model": "contenttypes.contenttype",
  "pk": 10,
  "fields": {
    "app_label": "account",
    "model": "emailaddress"
  }
},
{
  "model": "contenttypes.contenttype",
  "pk": 11,
  "fields": {
    "app_label": "account",
    "model": "emailconfirmation"
  }
},
{
  "model": "contenttypes.contenttype",
  "pk": 12,
  "fields": {
    "app_label": "socialaccount",
    "model": "socialaccount"
  }
},
{
  "model": "contenttypes.contenttype",
  "pk": 13,
  "fields": {
    "app_label": "socialaccount",
    "model": "socialapp"
  }
},
{
  "model": "contenttypes.contenttype",
  "pk": 14,
  "fields": {
    "app_label": "socialaccount",
    "model": "socialtoken"
  }
},
{
  "model": "contenttypes.contenttype",
  "pk": 15,
  "fields": {
    "app_label": "organizations",
    "model": "organization"
  }
},
{
  "model": "contenttypes.contenttype",
  "pk": 16,
  "fields": {
    "app_label": "organizations",
    "model": "membership"
  }
},
{
  "model": "contenttypes.contenttype",
  "pk": 17,
  "fields": {
    "app_label": "organizations",
    "model": "invitation"
  }
},
{
  "model": "contenttypes.contenttype",
  "pk": 18,
  "fields": {
    "app_label": "engine",
    "model": "attributespec"
  }
},
{
  "model": "contenttypes.contenttype",
  "pk": 19,
  "fields": {
    "app_label": "engine",
    "model": "job"
  }
},
{
  "model": "contenttypes.contenttype",
  "pk": 20,
  "fields": {
    "app_label": "engine",
    "model": "label"
  }
},
{
  "model": "contenttypes.contenttype",
  "pk": 21,
  "fields": {
    "app_label": "engine",
    "model": "segment"
  }
},
{
  "model": "contenttypes.contenttype",
  "pk": 22,
  "fields": {
    "app_label": "engine",
    "model": "task"
  }
},
{
  "model": "contenttypes.contenttype",
  "pk": 23,
  "fields": {
    "app_label": "engine",
    "model": "clientfile"
  }
},
{
  "model": "contenttypes.contenttype",
  "pk": 24,
  "fields": {
    "app_label": "engine",
    "model": "remotefile"
  }
},
{
  "model": "contenttypes.contenttype",
  "pk": 25,
  "fields": {
    "app_label": "engine",
    "model": "serverfile"
  }
},
{
  "model": "contenttypes.contenttype",
  "pk": 26,
  "fields": {
    "app_label": "engine",
    "model": "image"
  }
},
{
  "model": "contenttypes.contenttype",
  "pk": 27,
  "fields": {
    "app_label": "engine",
    "model": "video"
  }
},
{
  "model": "contenttypes.contenttype",
  "pk": 28,
  "fields": {
    "app_label": "engine",
    "model": "labeledimageattributeval"
  }
},
{
  "model": "contenttypes.contenttype",
  "pk": 29,
  "fields": {
    "app_label": "engine",
    "model": "labeledshapeattributeval"
  }
},
{
  "model": "contenttypes.contenttype",
  "pk": 30,
  "fields": {
    "app_label": "engine",
    "model": "labeledtrackattributeval"
  }
},
{
  "model": "contenttypes.contenttype",
  "pk": 31,
  "fields": {
    "app_label": "engine",
    "model": "trackedshape"
  }
},
{
  "model": "contenttypes.contenttype",
  "pk": 32,
  "fields": {
    "app_label": "engine",
    "model": "trackedshapeattributeval"
  }
},
{
  "model": "contenttypes.contenttype",
  "pk": 33,
  "fields": {
    "app_label": "engine",
    "model": "labeledimage"
  }
},
{
  "model": "contenttypes.contenttype",
  "pk": 34,
  "fields": {
    "app_label": "engine",
    "model": "labeledshape"
  }
},
{
  "model": "contenttypes.contenttype",
  "pk": 35,
  "fields": {
    "app_label": "engine",
    "model": "labeledtrack"
  }
},
{
  "model": "contenttypes.contenttype",
  "pk": 36,
  "fields": {
    "app_label": "engine",
    "model": "jobcommit"
  }
},
{
  "model": "contenttypes.contenttype",
  "pk": 37,
  "fields": {
    "app_label": "engine",
    "model": "project"
  }
},
{
  "model": "contenttypes.contenttype",
  "pk": 38,
  "fields": {
    "app_label": "engine",
    "model": "data"
  }
},
{
  "model": "contenttypes.contenttype",
  "pk": 39,
  "fields": {
    "app_label": "engine",
    "model": "profile"
  }
},
{
  "model": "contenttypes.contenttype",
  "pk": 40,
  "fields": {
    "app_label": "engine",
    "model": "issue"
  }
},
{
  "model": "contenttypes.contenttype",
  "pk": 41,
  "fields": {
    "app_label": "engine",
    "model": "comment"
  }
},
{
  "model": "contenttypes.contenttype",
  "pk": 42,
  "fields": {
    "app_label": "engine",
    "model": "relatedfile"
  }
},
{
  "model": "contenttypes.contenttype",
  "pk": 43,
  "fields": {
    "app_label": "engine",
    "model": "trainingproject"
  }
},
{
  "model": "contenttypes.contenttype",
  "pk": 44,
  "fields": {
    "app_label": "engine",
    "model": "trainingprojectlabel"
  }
},
{
  "model": "contenttypes.contenttype",
  "pk": 45,
  "fields": {
    "app_label": "engine",
    "model": "trainingprojectimage"
  }
},
{
  "model": "contenttypes.contenttype",
  "pk": 46,
  "fields": {
    "app_label": "engine",
    "model": "cloudstorage"
  }
},
{
  "model": "contenttypes.contenttype",
  "pk": 47,
  "fields": {
    "app_label": "engine",
    "model": "manifest"
  }
},
{
  "model": "contenttypes.contenttype",
  "pk": 48,
  "fields": {
    "app_label": "dataset_repo",
    "model": "gitdata"
  }
},
{
  "model": "sessions.session",
  "pk": "5x9v6r58e4l9if78anupog0ittsq2w3j",
  "fields": {
    "session_data": ".eJxVjMEOwiAQRP-FsyEsobL16N1vIAvLStVAUtqT8d9tkx70OPPezFsFWpcS1p7nMLG6KFCn3y5Seua6A35QvTedWl3mKepd0Qft-tY4v66H-3dQqJdt7UU4MedxGKwFh0RoCBFi4niOTsSAHQFA_JaYmI2nTBEdGRRrSX2-CY443A:1nM644:zfo0j_Zkrm04UxrDj8g_nnsXrpWtRzL4oRx3hAdqyqI",
    "expire_date": "2022-03-07T10:37:08.963Z"
  }
},
{
  "model": "sessions.session",
  "pk": "9rh2r15lb3xra3kdqjtll5n4zw7ebw95",
  "fields": {
    "session_data": ".eJxVjDsOwjAQBe_iGln-xJ9Q0ucM1q69xgFkS3FSIe5OIqWA9s3Me7MA21rC1mkJc2JXptjld0OIT6oHSA-o98Zjq-syIz8UftLOp5bodTvdv4MCvey1tOiNIpGNATlq55IZvaABd4Ao1RCzARLWJ5dRA2kJGqxU1kfjPRL7fAHVPjfN:1nKDkD:rZM4YHHS9MckfKB5KrsvNBVMegYSRdlMqL3uDJRE0Cg",
    "expire_date": "2022-03-02T06:24:53.914Z"
  }
},
{
  "model": "sessions.session",
  "pk": "dpaw6pntyqwr5l6qjv6zq3yoajp301be",
  "fields": {
    "session_data": ".eJxVjEsOwjAMBe-SNYrq_BxYsucMlWO7tIAaqWlXiLujSl3A9s3Me5uetnXst6ZLP4m5GABz-h0L8VPnnciD5nu1XOd1mYrdFXvQZm9V9HU93L-Dkdq41550gJRLCCmJyoBdJmKMmaEEjpwDqmh0wuhc8Q68cmJA7M4OMJjPFyYSODI:1nUkTH:BLJ2UbMcN1AmDEbuOLS5T_O-vbrAzEW_K8oRkQZYt4M",
    "expire_date": "2022-03-31T07:22:55.934Z"
  }
},
{
  "model": "sessions.session",
  "pk": "gcz795933839j3g0t3rjgmikzkzlwse3",
  "fields": {
    "session_data": ".eJxVjEEOwiAQRe_C2hCmUCgu3XsGMjCDVA1NSrsy3l1JutDtf-_9lwi4byXsjdcwkzgLEKffLWJ6cO2A7lhvi0xL3dY5yq7IgzZ5XYifl8P9OyjYSq-9niK4b6A1cfYZnCUEBGuzZxW1UsnYFBV7A9PAIxlMzmmj8pDdyOL9AfdKOC0:1nNKyv:kkKNWtjON5Uk-FR_FbwNa3oJ8t5PEd-rZ1y8BsRyays",
    "expire_date": "2022-03-10T20:44:57.190Z"
  }
},
{
  "model": "sessions.session",
  "pk": "ic4rcr36vkoymwaw6p322bjqlryvq2jd",
  "fields": {
    "session_data": ".eJxVjMsOwiAQRf-FtSEDFRhcuu83kBkeUjU0Ke3K-O_apAvd3nPOfYlA21rD1vMSpiQuQonT78YUH7ntIN2p3WYZ57YuE8tdkQftcpxTfl4P9--gUq_fWns0mX22NsLZDlE7INLWAzkyODjFyKwzAnExUQNQUamgRnIOkzLi_QHSyzeb:1mxPj7:Bl2FnM4tKrtDftiy20PMjYuIfpHYUK6FG6IYdZjPS6o",
    "expire_date": "2021-12-29T08:33:29.459Z"
  }
},
{
  "model": "sessions.session",
  "pk": "khn67dfajnzkr0tlusuyyub011gt0aqb",
  "fields": {
    "session_data": ".eJxVjMEOwiAQRP-FsyEsobL16N1vIAvLStVAUtqT8d9tkx70OPPezFsFWpcS1p7nMLG6KFCn3y5Seua6A35QvTedWl3mKepd0Qft-tY4v66H-3dQqJdt7UU4MedxGKwFh0RoCBFi4niOTsSAHQFA_JaYmI2nTBEdGRRrSX2-CY443A:1nM5q9:nf3N_nhzYu-XfEC1O2ICYP2Zt9XXPPVziSLrP5uHSVw",
    "expire_date": "2022-03-07T10:22:45.432Z"
  }
},
{
  "model": "sessions.session",
  "pk": "lqzut02cip3i7xxinmal28z3mo302vey",
  "fields": {
    "session_data": ".eJxVjEEOwiAQRe_C2hCmUCgu3XsGMjCDVA1NSrsy3l1JutDtf-_9lwi4byXsjdcwkzgLEKffLWJ6cO2A7lhvi0xL3dY5yq7IgzZ5XYifl8P9OyjYSq-9niK4b6A1cfYZnCUEBGuzZxW1UsnYFBV7A9PAIxlMzmmj8pDdyOL9AfdKOC0:1nNLbm:bXtVicsOrZtQ_p4Qr9bOTAmHWYJMHD8_GCUbncB6nzQ",
    "expire_date": "2022-03-10T21:25:06.476Z"
  }
},
{
  "model": "sessions.session",
  "pk": "mnb97kue40xo05g2rwwkw6d34sxrnesw",
  "fields": {
    "session_data": ".eJxVjDsOwjAQBe_iGllO8E-U9JzB2l3v4gBypDipEHfHkVJAOzPvvVWCbS1pa7ykKauLGtTplyHQk-su8gPqfdY013WZUO-JPmzTtznz63q0fwcFWunrgELAEtGgEzcCGTp7I4ZCdA5iN9KRFaA8YARvDXoL7GNgO5Jn9fkCIRs5Sw:1mxQKq:6A9lz-3mKMJukzqDk-DXfGIbDNeLeGul_TgZ7A6Xlf8",
    "expire_date": "2021-12-29T09:12:28.010Z"
  }
},
{
  "model": "sessions.session",
  "pk": "oy4oy702g9qr34fjne8jnxoxvqaiaq26",
  "fields": {
    "session_data": ".eJxVjDEOwjAMRe-SGUUtwW3MyM4ZIjt2SAElUtNOiLtDpQ6w_vfef5lA65LD2nQOk5iz6Ttz-B2Z4kPLRuRO5VZtrGWZJ7abYnfa7LWKPi-7-3eQqeVvfRR16k8sw5DGiI6J0CH46NmxCgGAAqlg6gGpS270wJCiS4pJGcz7AzCgOXQ:1nQRhU:CENLo_Qbw2AV-CZEYqplcFq3P2SRLzudId1jiN9gyuQ",
    "expire_date": "2022-03-19T10:31:48.862Z"
  }
},
{
  "model": "sessions.session",
  "pk": "po0rbd1yhywmc0i2jfam69r419a66aj8",
  "fields": {
    "session_data": ".eJxVjMsOwiAQRf-FtSE8pB1cuvcbCMMMUjWQlHZl_HdD0oVu7znnvkWI-1bC3nkNC4mL0OL0u2FMT64D0CPWe5Op1W1dUA5FHrTLWyN-XQ_376DEXkY9QeKzIpWVn9gYhEhkI3lyYFg7jTMDg7WkAdF5mCFh9mRZZUhOi88X-eU4dg:1mzwj8:CWx3-u6eXmWLpwiFMK5_yWnoPY3yUSf1QCZY-UdJcF8",
    "expire_date": "2022-01-05T08:11:58.507Z"
  }
},
{
  "model": "sessions.session",
  "pk": "qje4thj4oqumlmj2fe27gae72jg4j6u8",
  "fields": {
    "session_data": ".eJxVjDsOwjAQBe_iGll2Ev8o6TmDtetd4wCypTipEHeHSCmgfTPzXiLCtpa4dV7iTOIstBKn3xEhPbjuhO5Qb02mVtdlRrkr8qBdXhvx83K4fwcFevnWjDT6KfmRlSEHTmGyOfigKA8aR9TZgiXO3jKlwRAr61JGA2YKgZ0S7w8qsjkD:1mxDjE:ktIwpvhQwj3_BtA8Avyq5WmmpmIJD88pF_vSxFzeetA",
    "expire_date": "2021-12-28T19:44:48.529Z"
  }
},
{
  "model": "sessions.session",
  "pk": "v28l0efbrv9x06z97ilwcf7lwtuf4ctc",
  "fields": {
    "session_data": ".eJxVjDsOwjAQRO_iGlm22fhDSc8ZrLV3gwPIluKkQtydREoBzRTz3sxbRFyXEtfOc5xIXIRW4vRbJsxPrjuhB9Z7k7nVZZ6S3BV50C5vjfh1Pdy_g4K9bGuLXqMDQqdDTtYN6AHIIoGGMIJlQwxB-VFn3gLPzjil3ABkAIBZfL7_vTer:1nABOV:0UAK9VV6D18QF1-189XQ2T9LrQUSdioGNoHdRUzzt7o",
    "expire_date": "2022-02-02T13:52:59.489Z"
  }
},
{
  "model": "sessions.session",
  "pk": "wf6d6vzf4u74l08o0qgbqehei21hibea",
  "fields": {
    "session_data": ".eJxVjDEOwjAMRe-SGUUkpHZgZO8ZIttxSAG1UtNOiLtDpQ6w_vfef5lE61LT2nROQzYX48zhd2OSh44byHcab5OVaVzmge2m2J02209Zn9fd_Tuo1Oq3DrGwD040Ro_-nJmJgkgsqAAIioCi0KGKMhU4Mgip6wjRF6JyMu8PBAI5Mw:1nIXJc:oovNJRods5cbviWOWush4H3jDdP8XklEignva_EnQ8Q",
    "expire_date": "2022-02-25T14:54:28.092Z"
  }
},
{
  "model": "authtoken.token",
  "pk": "3952f1aea900fc3daa269473a71c41fac08858b5",
  "fields": {
    "user": 10,
    "created": "2022-03-05T10:31:48.838Z"
  }
},
{
  "model": "authtoken.token",
  "pk": "53da3ff9e514d84b56b5170059ff0f595c34157b",
  "fields": {
    "user": 11,
    "created": "2022-03-17T07:22:55.921Z"
  }
},
{
  "model": "sites.site",
  "pk": 1,
  "fields": {
    "domain": "example.com",
    "name": "example.com"
  }
},
{
  "model": "organizations.organization",
  "pk": 1,
  "fields": {
    "slug": "org1",
    "name": "organization #1",
    "description": "",
    "created_date": "2021-12-14T18:45:40.172Z",
    "updated_date": "2021-12-14T18:45:40.172Z",
    "contact": {
      "email": "org1@cvat.org"
    },
    "owner": 2
  }
},
{
  "model": "organizations.organization",
  "pk": 2,
  "fields": {
    "slug": "org2",
    "name": "Organization #2",
    "description": "",
    "created_date": "2021-12-14T19:51:38.667Z",
    "updated_date": "2021-12-14T19:51:38.667Z",
    "contact": {
      "email": "org2@cvat.org"
    },
    "owner": 10
  }
},
{
  "model": "organizations.membership",
  "pk": 1,
  "fields": {
    "user": 2,
    "organization": 1,
    "is_active": true,
    "joined_date": "2021-12-14T18:45:40.172Z",
    "role": "owner"
  }
},
{
  "model": "organizations.membership",
  "pk": 2,
  "fields": {
    "user": 6,
    "organization": 1,
    "is_active": true,
    "joined_date": "2021-12-14T18:47:39.935Z",
    "role": "worker"
  }
},
{
  "model": "organizations.membership",
  "pk": 3,
  "fields": {
    "user": 7,
    "organization": 1,
    "is_active": true,
    "joined_date": "2021-12-14T18:47:49.322Z",
    "role": "worker"
  }
},
{
  "model": "organizations.membership",
  "pk": 4,
  "fields": {
    "user": 10,
    "organization": 1,
    "is_active": true,
    "joined_date": "2021-12-14T18:48:46.579Z",
    "role": "maintainer"
  }
},
{
  "model": "organizations.membership",
  "pk": 5,
  "fields": {
    "user": 10,
    "organization": 2,
    "is_active": true,
    "joined_date": "2021-12-14T19:51:38.667Z",
    "role": "owner"
  }
},
{
  "model": "organizations.membership",
  "pk": 6,
  "fields": {
    "user": 11,
    "organization": 2,
    "is_active": true,
    "joined_date": "2021-12-14T19:54:33.591Z",
    "role": "maintainer"
  }
},
{
  "model": "organizations.membership",
  "pk": 7,
  "fields": {
    "user": 7,
    "organization": 2,
    "is_active": true,
    "joined_date": "2021-12-14T19:54:46.172Z",
    "role": "worker"
  }
},
{
  "model": "organizations.membership",
  "pk": 8,
  "fields": {
    "user": 8,
    "organization": 2,
    "is_active": true,
    "joined_date": "2021-12-14T19:54:56.431Z",
    "role": "worker"
  }
},
{
  "model": "organizations.membership",
  "pk": 9,
  "fields": {
    "user": 3,
    "organization": 2,
    "is_active": true,
    "joined_date": "2021-12-14T19:55:13.745Z",
    "role": "supervisor"
  }
},
{
  "model": "organizations.membership",
  "pk": 10,
  "fields": {
    "user": 4,
    "organization": 2,
    "is_active": true,
    "joined_date": "2022-01-19T13:54:42.005Z",
    "role": "supervisor"
  }
},
{
  "model": "organizations.membership",
  "pk": 11,
  "fields": {
    "user": 5,
    "organization": 2,
    "is_active": true,
    "joined_date": "2022-01-19T13:54:42.015Z",
    "role": "maintainer"
  }
},
{
  "model": "organizations.membership",
  "pk": 12,
  "fields": {
    "user": 19,
    "organization": 2,
    "is_active": true,
    "joined_date": "2022-02-24T21:29:21.978Z",
    "role": "worker"
  }
},
{
  "model": "organizations.invitation",
  "pk": "5FjIXya6fTGvlRpauFvi2QN1wDOqo1V9REB5rJinDR8FZO9gr0qmtWpghsCte8Y1",
  "fields": {
    "created_date": "2022-01-19T13:54:42.005Z",
    "owner": 10,
    "membership": 10
  }
},
{
  "model": "organizations.invitation",
  "pk": "62HplmGPJuzpTXSyzPWiAlREkq8smCjK30GdtYze3q03J9X5ghQe3oMhlAyQ0WBH",
  "fields": {
    "created_date": "2021-12-14T19:54:46.172Z",
    "owner": 10,
    "membership": 7
  }
},
{
  "model": "organizations.invitation",
  "pk": "BrwoDmMNQQ1v9WXOukp9DwQVuqB3RDPjpUECCEq6QcAuG0Pi8k1IYtQ9uz9jg0Bv",
  "fields": {
    "created_date": "2022-01-19T13:54:42.015Z",
    "owner": 10,
    "membership": 11
  }
},
{
  "model": "organizations.invitation",
  "pk": "Fi3WRUhFxTWpMiVpdwNR2CGyhgcIXSCUYgPCugPq72QUOgHz9NSMOGiKS3PfJ7Ql",
  "fields": {
    "created_date": "2022-02-24T21:29:21.978Z",
    "owner": 1,
    "membership": 12
  }
},
{
  "model": "organizations.invitation",
  "pk": "Lzyzgo161I7Fej1vC5RXPdyUgCBfbuxsEEhHYeYOJqvbeJe5clPDnqCm7pKOC9tr",
  "fields": {
    "created_date": "2021-12-14T18:47:39.935Z",
    "owner": 2,
    "membership": 2
  }
},
{
  "model": "organizations.invitation",
  "pk": "Y1I4FFU27WRqq2rWQLtKjDztMqpvqW7gJgg7q73F7oE4H5kukvXugWjiTLHclPDu",
  "fields": {
    "created_date": "2021-12-14T19:54:33.591Z",
    "owner": 10,
    "membership": 6
  }
},
{
  "model": "organizations.invitation",
  "pk": "aViZkw9TaieLoZaswEnkMy8tTet1yYDRof3eKZDtZaHf1BItgCNNM6y6fnjrkrej",
  "fields": {
    "created_date": "2021-12-14T18:47:49.322Z",
    "owner": 2,
    "membership": 3
  }
},
{
  "model": "organizations.invitation",
  "pk": "cbmm587Z05WQUYvesIZUCtbTl7CEL4thv1Au6Nr51psflITn9X6BsvNFXcNEkoYn",
  "fields": {
    "created_date": "2021-12-14T18:48:46.579Z",
    "owner": 2,
    "membership": 4
  }
},
{
  "model": "organizations.invitation",
  "pk": "h43G28di7vfs4Jv5VrKZ26xvGAfm6Yc2FFv14z9EKhiuIEDQ22pEnzmSCab8MnK1",
  "fields": {
    "created_date": "2021-12-14T19:55:13.745Z",
    "owner": 10,
    "membership": 9
  }
},
{
  "model": "organizations.invitation",
  "pk": "mFpVV2Yh39uUdU8IpigSxvuPegqi8sjxFi6P9Jdy6fBE8Ky9Juzi1KjeGDQsizSS",
  "fields": {
    "created_date": "2021-12-14T19:54:56.431Z",
    "owner": 10,
    "membership": 8
  }
},
{
  "model": "engine.data",
  "pk": 2,
  "fields": {
    "chunk_size": 72,
    "size": 23,
    "image_quality": 70,
    "start_frame": 0,
    "stop_frame": 22,
    "frame_filter": "",
    "compressed_chunk_type": "imageset",
    "original_chunk_type": "imageset",
    "storage_method": "cache",
    "storage": "local",
    "cloud_storage": null,
    "sorting_method": "lexicographical"
  }
},
{
  "model": "engine.data",
  "pk": 5,
  "fields": {
    "chunk_size": 72,
    "size": 25,
    "image_quality": 70,
    "start_frame": 0,
    "stop_frame": 24,
    "frame_filter": "",
    "compressed_chunk_type": "imageset",
    "original_chunk_type": "video",
    "storage_method": "cache",
    "storage": "local",
    "cloud_storage": null,
    "sorting_method": "lexicographical"
  }
},
{
  "model": "engine.data",
  "pk": 6,
  "fields": {
    "chunk_size": 72,
    "size": 1,
    "image_quality": 70,
    "start_frame": 0,
    "stop_frame": 0,
    "frame_filter": "",
    "compressed_chunk_type": "imageset",
    "original_chunk_type": "imageset",
    "storage_method": "cache",
    "storage": "local",
    "cloud_storage": null,
    "sorting_method": "lexicographical"
  }
},
{
  "model": "engine.data",
  "pk": 7,
  "fields": {
    "chunk_size": 72,
    "size": 11,
    "image_quality": 70,
    "start_frame": 0,
    "stop_frame": 10,
    "frame_filter": "",
    "compressed_chunk_type": "imageset",
    "original_chunk_type": "imageset",
    "storage_method": "cache",
    "storage": "local",
    "cloud_storage": null,
    "sorting_method": "lexicographical"
  }
},
{
  "model": "engine.data",
  "pk": 8,
  "fields": {
    "chunk_size": 72,
    "size": 14,
    "image_quality": 70,
    "start_frame": 0,
    "stop_frame": 13,
    "frame_filter": "",
    "compressed_chunk_type": "imageset",
    "original_chunk_type": "imageset",
    "storage_method": "cache",
    "storage": "local",
    "cloud_storage": null,
    "sorting_method": "lexicographical"
  }
},
{
  "model": "engine.data",
  "pk": 9,
  "fields": {
    "chunk_size": 72,
    "size": 20,
    "image_quality": 70,
    "start_frame": 0,
    "stop_frame": 19,
    "frame_filter": "",
    "compressed_chunk_type": "imageset",
    "original_chunk_type": "imageset",
    "storage_method": "cache",
    "storage": "local",
    "cloud_storage": null,
    "sorting_method": "lexicographical"
  }
},
{
  "model": "engine.data",
  "pk": 11,
  "fields": {
    "chunk_size": 72,
    "size": 11,
    "image_quality": 70,
    "start_frame": 0,
    "stop_frame": 10,
    "frame_filter": "",
    "compressed_chunk_type": "imageset",
    "original_chunk_type": "imageset",
    "storage_method": "cache",
    "storage": "local",
    "cloud_storage": null,
    "sorting_method": "lexicographical"
  }
},
{
  "model": "engine.video",
  "pk": 1,
  "fields": {
    "data": 5,
    "path": "test_video_1.mp4",
    "width": 1280,
    "height": 720
  }
},
{
  "model": "engine.image",
  "pk": 131,
  "fields": {
    "data": 2,
    "path": "118.png",
    "frame": 0,
    "width": 940,
    "height": 805
  }
},
{
  "model": "engine.image",
  "pk": 132,
  "fields": {
    "data": 2,
    "path": "119.png",
    "frame": 1,
    "width": 693,
    "height": 357
  }
},
{
  "model": "engine.image",
  "pk": 133,
  "fields": {
    "data": 2,
    "path": "120.png",
    "frame": 2,
    "width": 254,
    "height": 301
  }
},
{
  "model": "engine.image",
  "pk": 134,
  "fields": {
    "data": 2,
    "path": "121.png",
    "frame": 3,
    "width": 918,
    "height": 334
  }
},
{
  "model": "engine.image",
  "pk": 135,
  "fields": {
    "data": 2,
    "path": "122.png",
    "frame": 4,
    "width": 619,
    "height": 115
  }
},
{
  "model": "engine.image",
  "pk": 136,
  "fields": {
    "data": 2,
    "path": "123.png",
    "frame": 5,
    "width": 599,
    "height": 738
  }
},
{
  "model": "engine.image",
  "pk": 137,
  "fields": {
    "data": 2,
    "path": "124.png",
    "frame": 6,
    "width": 306,
    "height": 355
  }
},
{
  "model": "engine.image",
  "pk": 138,
  "fields": {
    "data": 2,
    "path": "125.png",
    "frame": 7,
    "width": 838,
    "height": 507
  }
},
{
  "model": "engine.image",
  "pk": 139,
  "fields": {
    "data": 2,
    "path": "126.png",
    "frame": 8,
    "width": 885,
    "height": 211
  }
},
{
  "model": "engine.image",
  "pk": 140,
  "fields": {
    "data": 2,
    "path": "127.png",
    "frame": 9,
    "width": 553,
    "height": 522
  }
},
{
  "model": "engine.image",
  "pk": 141,
  "fields": {
    "data": 2,
    "path": "128.png",
    "frame": 10,
    "width": 424,
    "height": 826
  }
},
{
  "model": "engine.image",
  "pk": 142,
  "fields": {
    "data": 2,
    "path": "129.png",
    "frame": 11,
    "width": 264,
    "height": 984
  }
},
{
  "model": "engine.image",
  "pk": 143,
  "fields": {
    "data": 2,
    "path": "130.png",
    "frame": 12,
    "width": 698,
    "height": 387
  }
},
{
  "model": "engine.image",
  "pk": 144,
  "fields": {
    "data": 2,
    "path": "131.png",
    "frame": 13,
    "width": 781,
    "height": 901
  }
},
{
  "model": "engine.image",
  "pk": 145,
  "fields": {
    "data": 2,
    "path": "132.png",
    "frame": 14,
    "width": 144,
    "height": 149
  }
},
{
  "model": "engine.image",
  "pk": 146,
  "fields": {
    "data": 2,
    "path": "133.png",
    "frame": 15,
    "width": 989,
    "height": 131
  }
},
{
  "model": "engine.image",
  "pk": 147,
  "fields": {
    "data": 2,
    "path": "134.png",
    "frame": 16,
    "width": 661,
    "height": 328
  }
},
{
  "model": "engine.image",
  "pk": 148,
  "fields": {
    "data": 2,
    "path": "135.png",
    "frame": 17,
    "width": 333,
    "height": 811
  }
},
{
  "model": "engine.image",
  "pk": 149,
  "fields": {
    "data": 2,
    "path": "136.png",
    "frame": 18,
    "width": 292,
    "height": 497
  }
},
{
  "model": "engine.image",
  "pk": 150,
  "fields": {
    "data": 2,
    "path": "137.png",
    "frame": 19,
    "width": 886,
    "height": 238
  }
},
{
  "model": "engine.image",
  "pk": 151,
  "fields": {
    "data": 2,
    "path": "138.png",
    "frame": 20,
    "width": 759,
    "height": 179
  }
},
{
  "model": "engine.image",
  "pk": 152,
  "fields": {
    "data": 2,
    "path": "139.png",
    "frame": 21,
    "width": 769,
    "height": 746
  }
},
{
  "model": "engine.image",
  "pk": 153,
  "fields": {
    "data": 2,
    "path": "140.png",
    "frame": 22,
    "width": 749,
    "height": 833
  }
},
{
  "model": "engine.image",
  "pk": 360,
  "fields": {
    "data": 6,
    "path": "test_pointcloud_pcd/pointcloud/000001.pcd",
    "frame": 0,
    "width": 100,
    "height": 1
  }
},
{
  "model": "engine.image",
  "pk": 361,
  "fields": {
    "data": 7,
    "path": "0.png",
    "frame": 0,
    "width": 827,
    "height": 983
  }
},
{
  "model": "engine.image",
  "pk": 362,
  "fields": {
    "data": 7,
    "path": "1.png",
    "frame": 1,
    "width": 467,
    "height": 547
  }
},
{
  "model": "engine.image",
  "pk": 363,
  "fields": {
    "data": 7,
    "path": "10.png",
    "frame": 2,
    "width": 598,
    "height": 202
  }
},
{
  "model": "engine.image",
  "pk": 364,
  "fields": {
    "data": 7,
    "path": "2.png",
    "frame": 3,
    "width": 449,
    "height": 276
  }
},
{
  "model": "engine.image",
  "pk": 365,
  "fields": {
    "data": 7,
    "path": "3.png",
    "frame": 4,
    "width": 170,
    "height": 999
  }
},
{
  "model": "engine.image",
  "pk": 366,
  "fields": {
    "data": 7,
    "path": "4.png",
    "frame": 5,
    "width": 473,
    "height": 471
  }
},
{
  "model": "engine.image",
  "pk": 367,
  "fields": {
    "data": 7,
    "path": "5.png",
    "frame": 6,
    "width": 607,
    "height": 745
  }
},
{
  "model": "engine.image",
  "pk": 368,
  "fields": {
    "data": 7,
    "path": "6.png",
    "frame": 7,
    "width": 853,
    "height": 578
  }
},
{
  "model": "engine.image",
  "pk": 369,
  "fields": {
    "data": 7,
    "path": "7.png",
    "frame": 8,
    "width": 823,
    "height": 270
  }
},
{
  "model": "engine.image",
  "pk": 370,
  "fields": {
    "data": 7,
    "path": "8.png",
    "frame": 9,
    "width": 545,
    "height": 179
  }
},
{
  "model": "engine.image",
  "pk": 371,
  "fields": {
    "data": 7,
    "path": "9.png",
    "frame": 10,
    "width": 827,
    "height": 932
  }
},
{
  "model": "engine.image",
  "pk": 372,
  "fields": {
    "data": 8,
    "path": "0.png",
    "frame": 0,
    "width": 836,
    "height": 636
  }
},
{
  "model": "engine.image",
  "pk": 373,
  "fields": {
    "data": 8,
    "path": "1.png",
    "frame": 1,
    "width": 396,
    "height": 350
  }
},
{
  "model": "engine.image",
  "pk": 374,
  "fields": {
    "data": 8,
    "path": "10.png",
    "frame": 2,
    "width": 177,
    "height": 862
  }
},
{
  "model": "engine.image",
  "pk": 375,
  "fields": {
    "data": 8,
    "path": "11.png",
    "frame": 3,
    "width": 318,
    "height": 925
  }
},
{
  "model": "engine.image",
  "pk": 376,
  "fields": {
    "data": 8,
    "path": "12.png",
    "frame": 4,
    "width": 734,
    "height": 832
  }
},
{
  "model": "engine.image",
  "pk": 377,
  "fields": {
    "data": 8,
    "path": "13.png",
    "frame": 5,
    "width": 925,
    "height": 934
  }
},
{
  "model": "engine.image",
  "pk": 378,
  "fields": {
    "data": 8,
    "path": "14.png",
    "frame": 6,
    "width": 851,
    "height": 270
  }
},
{
  "model": "engine.image",
  "pk": 379,
  "fields": {
    "data": 8,
    "path": "2.png",
    "frame": 7,
    "width": 776,
    "height": 610
  }
},
{
  "model": "engine.image",
  "pk": 380,
  "fields": {
    "data": 8,
    "path": "3.png",
    "frame": 8,
    "width": 293,
    "height": 265
  }
},
{
  "model": "engine.image",
  "pk": 381,
  "fields": {
    "data": 8,
    "path": "4.png",
    "frame": 9,
    "width": 333,
    "height": 805
  }
},
{
  "model": "engine.image",
  "pk": 382,
  "fields": {
    "data": 8,
    "path": "6.png",
    "frame": 10,
    "width": 403,
    "height": 478
  }
},
{
  "model": "engine.image",
  "pk": 383,
  "fields": {
    "data": 8,
    "path": "7.png",
    "frame": 11,
    "width": 585,
    "height": 721
  }
},
{
  "model": "engine.image",
  "pk": 384,
  "fields": {
    "data": 8,
    "path": "8.png",
    "frame": 12,
    "width": 639,
    "height": 570
  }
},
{
  "model": "engine.image",
  "pk": 385,
  "fields": {
    "data": 8,
    "path": "9.png",
    "frame": 13,
    "width": 894,
    "height": 278
  }
},
{
  "model": "engine.image",
  "pk": 386,
  "fields": {
    "data": 9,
    "path": "52.png",
    "frame": 0,
    "width": 220,
    "height": 596
  }
},
{
  "model": "engine.image",
  "pk": 387,
  "fields": {
    "data": 9,
    "path": "53.png",
    "frame": 1,
    "width": 749,
    "height": 967
  }
},
{
  "model": "engine.image",
  "pk": 388,
  "fields": {
    "data": 9,
    "path": "54.png",
    "frame": 2,
    "width": 961,
    "height": 670
  }
},
{
  "model": "engine.image",
  "pk": 389,
  "fields": {
    "data": 9,
    "path": "55.png",
    "frame": 3,
    "width": 393,
    "height": 736
  }
},
{
  "model": "engine.image",
  "pk": 390,
  "fields": {
    "data": 9,
    "path": "56.png",
    "frame": 4,
    "width": 650,
    "height": 140
  }
},
{
  "model": "engine.image",
  "pk": 391,
  "fields": {
    "data": 9,
    "path": "57.png",
    "frame": 5,
    "width": 199,
    "height": 710
  }
},
{
  "model": "engine.image",
  "pk": 392,
  "fields": {
    "data": 9,
    "path": "58.png",
    "frame": 6,
    "width": 948,
    "height": 659
  }
},
{
  "model": "engine.image",
  "pk": 393,
  "fields": {
    "data": 9,
    "path": "59.png",
    "frame": 7,
    "width": 837,
    "height": 367
  }
},
{
  "model": "engine.image",
  "pk": 394,
  "fields": {
    "data": 9,
    "path": "60.png",
    "frame": 8,
    "width": 257,
    "height": 265
  }
},
{
  "model": "engine.image",
  "pk": 395,
  "fields": {
    "data": 9,
    "path": "61.png",
    "frame": 9,
    "width": 104,
    "height": 811
  }
},
{
  "model": "engine.image",
  "pk": 396,
  "fields": {
    "data": 9,
    "path": "62.png",
    "frame": 10,
    "width": 665,
    "height": 512
  }
},
{
  "model": "engine.image",
  "pk": 397,
  "fields": {
    "data": 9,
    "path": "63.png",
    "frame": 11,
    "width": 234,
    "height": 975
  }
},
{
  "model": "engine.image",
  "pk": 398,
  "fields": {
    "data": 9,
    "path": "64.png",
    "frame": 12,
    "width": 809,
    "height": 350
  }
},
{
  "model": "engine.image",
  "pk": 399,
  "fields": {
    "data": 9,
    "path": "65.png",
    "frame": 13,
    "width": 359,
    "height": 943
  }
},
{
  "model": "engine.image",
  "pk": 400,
  "fields": {
    "data": 9,
    "path": "66.png",
    "frame": 14,
    "width": 782,
    "height": 383
  }
},
{
  "model": "engine.image",
  "pk": 401,
  "fields": {
    "data": 9,
    "path": "67.png",
    "frame": 15,
    "width": 571,
    "height": 945
  }
},
{
  "model": "engine.image",
  "pk": 402,
  "fields": {
    "data": 9,
    "path": "68.png",
    "frame": 16,
    "width": 414,
    "height": 212
  }
},
{
  "model": "engine.image",
  "pk": 403,
  "fields": {
    "data": 9,
    "path": "69.png",
    "frame": 17,
    "width": 680,
    "height": 583
  }
},
{
  "model": "engine.image",
  "pk": 404,
  "fields": {
    "data": 9,
    "path": "70.png",
    "frame": 18,
    "width": 779,
    "height": 877
  }
},
{
  "model": "engine.image",
  "pk": 405,
  "fields": {
    "data": 9,
    "path": "71.png",
    "frame": 19,
    "width": 411,
    "height": 672
  }
},
{
  "model": "engine.image",
  "pk": 417,
  "fields": {
    "data": 11,
    "path": "30.png",
    "frame": 0,
    "width": 810,
    "height": 399
  }
},
{
  "model": "engine.image",
  "pk": 418,
  "fields": {
    "data": 11,
    "path": "31.png",
    "frame": 1,
    "width": 916,
    "height": 158
  }
},
{
  "model": "engine.image",
  "pk": 419,
  "fields": {
    "data": 11,
    "path": "32.png",
    "frame": 2,
    "width": 936,
    "height": 182
  }
},
{
  "model": "engine.image",
  "pk": 420,
  "fields": {
    "data": 11,
    "path": "33.png",
    "frame": 3,
    "width": 783,
    "height": 433
  }
},
{
  "model": "engine.image",
  "pk": 421,
  "fields": {
    "data": 11,
    "path": "34.png",
    "frame": 4,
    "width": 231,
    "height": 121
  }
},
{
  "model": "engine.image",
  "pk": 422,
  "fields": {
    "data": 11,
    "path": "35.png",
    "frame": 5,
    "width": 721,
    "height": 705
  }
},
{
  "model": "engine.image",
  "pk": 423,
  "fields": {
    "data": 11,
    "path": "36.png",
    "frame": 6,
    "width": 631,
    "height": 225
  }
},
{
  "model": "engine.image",
  "pk": 424,
  "fields": {
    "data": 11,
    "path": "37.png",
    "frame": 7,
    "width": 540,
    "height": 167
  }
},
{
  "model": "engine.image",
  "pk": 425,
  "fields": {
    "data": 11,
    "path": "38.png",
    "frame": 8,
    "width": 203,
    "height": 211
  }
},
{
  "model": "engine.image",
  "pk": 426,
  "fields": {
    "data": 11,
    "path": "39.png",
    "frame": 9,
    "width": 677,
    "height": 144
  }
},
{
  "model": "engine.image",
  "pk": 427,
  "fields": {
    "data": 11,
    "path": "40.png",
    "frame": 10,
    "width": 697,
    "height": 954
  }
},
{
  "model": "engine.project",
  "pk": 1,
  "fields": {
    "name": "project1",
    "owner": 10,
    "assignee": 20,
    "bug_tracker": "",
    "created_date": "2021-12-14T19:46:37.969Z",
    "updated_date": "2022-03-05T09:47:49.679Z",
    "status": "annotation",
    "organization": null
  }
},
{
  "model": "engine.project",
  "pk": 2,
  "fields": {
    "name": "project2",
    "owner": 10,
    "assignee": 3,
    "bug_tracker": "",
    "created_date": "2021-12-14T19:52:37.278Z",
    "updated_date": "2022-03-28T13:04:54.669Z",
    "status": "annotation",
    "organization": 2
  }
},
{
  "model": "engine.project",
  "pk": 3,
  "fields": {
    "name": "project 3",
    "owner": 3,
    "assignee": 19,
    "bug_tracker": "",
    "created_date": "2022-03-28T13:05:24.659Z",
    "updated_date": "2022-03-28T13:06:09.283Z",
    "status": "annotation",
    "organization": 2
  }
},
{
  "model": "engine.task",
  "pk": 2,
  "fields": {
    "project": null,
    "name": "task2",
    "mode": "annotation",
    "owner": 2,
    "assignee": 7,
    "bug_tracker": "",
    "created_date": "2021-12-14T18:50:29.458Z",
    "updated_date": "2021-12-22T07:14:15.234Z",
    "overlap": 0,
    "segment_size": 23,
    "status": "annotation",
    "data": 2,
    "dimension": "2d",
    "subset": "",
    "organization": 1
  }
},
{
  "model": "engine.task",
  "pk": 5,
  "fields": {
    "project": null,
    "name": "task2",
    "mode": "interpolation",
    "owner": 2,
    "assignee": 15,
    "bug_tracker": "",
    "created_date": "2022-02-16T06:25:48.168Z",
    "updated_date": "2022-02-21T10:40:21.257Z",
    "overlap": 5,
    "segment_size": 25,
    "status": "annotation",
    "data": 5,
    "dimension": "2d",
    "subset": "",
    "organization": null
  }
},
{
  "model": "engine.task",
  "pk": 6,
  "fields": {
    "project": null,
    "name": "task3",
    "mode": "annotation",
    "owner": 2,
    "assignee": null,
    "bug_tracker": "",
    "created_date": "2022-02-16T06:26:54.631Z",
    "updated_date": "2022-02-16T06:26:54.836Z",
    "overlap": 0,
    "segment_size": 1,
    "status": "annotation",
    "data": 6,
    "dimension": "3d",
    "subset": "",
    "organization": null
  }
},
{
  "model": "engine.task",
  "pk": 7,
  "fields": {
    "project": null,
    "name": "task_2_org2",
    "mode": "annotation",
    "owner": 11,
    "assignee": 7,
    "bug_tracker": "",
    "created_date": "2022-02-21T10:31:52.429Z",
    "updated_date": "2022-02-21T10:41:38.540Z",
    "overlap": 0,
    "segment_size": 11,
    "status": "annotation",
    "data": 7,
    "dimension": "2d",
    "subset": "",
    "organization": 2
  }
},
{
  "model": "engine.task",
  "pk": 8,
  "fields": {
    "project": null,
    "name": "task1",
    "mode": "annotation",
    "owner": 2,
    "assignee": 9,
    "bug_tracker": "",
    "created_date": "2022-03-05T08:30:48.612Z",
    "updated_date": "2022-03-05T08:52:34.908Z",
    "overlap": 0,
    "segment_size": 14,
    "status": "annotation",
    "data": 8,
    "dimension": "2d",
    "subset": "",
    "organization": null
  }
},
{
  "model": "engine.task",
  "pk": 9,
  "fields": {
    "project": 1,
    "name": "task1_in_project1",
    "mode": "annotation",
    "owner": 10,
    "assignee": 1,
    "bug_tracker": "",
    "created_date": "2022-03-05T09:33:10.420Z",
    "updated_date": "2022-03-05T09:47:49.667Z",
    "overlap": 0,
    "segment_size": 5,
    "status": "annotation",
    "data": 9,
    "dimension": "2d",
    "subset": "",
    "organization": null
  }
},
{
  "model": "engine.task",
  "pk": 11,
  "fields": {
    "project": 2,
    "name": "task1_in_project2",
    "mode": "annotation",
    "owner": 10,
    "assignee": 19,
    "bug_tracker": "",
    "created_date": "2022-03-05T10:32:19.149Z",
    "updated_date": "2022-03-05T10:32:35.568Z",
    "overlap": 0,
    "segment_size": 11,
    "status": "annotation",
    "data": 11,
    "dimension": "2d",
    "subset": "Train",
    "organization": 2
  }
},
{
  "model": "engine.task",
  "pk": 12,
  "fields": {
    "project": null,
    "name": "task_without_data",
    "mode": "",
    "owner": 1,
    "assignee": null,
    "bug_tracker": "",
    "created_date": "2022-03-14T13:24:05.852Z",
    "updated_date": "2022-03-14T13:24:05.861Z",
    "overlap": null,
    "segment_size": 0,
    "status": "annotation",
    "data": null,
    "dimension": "2d",
    "subset": "",
    "organization": null
  }
},
{
  "model": "engine.clientfile",
  "pk": 131,
  "fields": {
    "data": 2,
    "file": "/home/django/data/data/2/raw/120.png"
  }
},
{
  "model": "engine.clientfile",
  "pk": 132,
  "fields": {
    "data": 2,
    "file": "/home/django/data/data/2/raw/127.png"
  }
},
{
  "model": "engine.clientfile",
  "pk": 133,
  "fields": {
    "data": 2,
    "file": "/home/django/data/data/2/raw/124.png"
  }
},
{
  "model": "engine.clientfile",
  "pk": 134,
  "fields": {
    "data": 2,
    "file": "/home/django/data/data/2/raw/133.png"
  }
},
{
  "model": "engine.clientfile",
  "pk": 135,
  "fields": {
    "data": 2,
    "file": "/home/django/data/data/2/raw/131.png"
  }
},
{
  "model": "engine.clientfile",
  "pk": 136,
  "fields": {
    "data": 2,
    "file": "/home/django/data/data/2/raw/125.png"
  }
},
{
  "model": "engine.clientfile",
  "pk": 137,
  "fields": {
    "data": 2,
    "file": "/home/django/data/data/2/raw/121.png"
  }
},
{
  "model": "engine.clientfile",
  "pk": 138,
  "fields": {
    "data": 2,
    "file": "/home/django/data/data/2/raw/122.png"
  }
},
{
  "model": "engine.clientfile",
  "pk": 139,
  "fields": {
    "data": 2,
    "file": "/home/django/data/data/2/raw/126.png"
  }
},
{
  "model": "engine.clientfile",
  "pk": 140,
  "fields": {
    "data": 2,
    "file": "/home/django/data/data/2/raw/130.png"
  }
},
{
  "model": "engine.clientfile",
  "pk": 141,
  "fields": {
    "data": 2,
    "file": "/home/django/data/data/2/raw/123.png"
  }
},
{
  "model": "engine.clientfile",
  "pk": 142,
  "fields": {
    "data": 2,
    "file": "/home/django/data/data/2/raw/132.png"
  }
},
{
  "model": "engine.clientfile",
  "pk": 143,
  "fields": {
    "data": 2,
    "file": "/home/django/data/data/2/raw/119.png"
  }
},
{
  "model": "engine.clientfile",
  "pk": 144,
  "fields": {
    "data": 2,
    "file": "/home/django/data/data/2/raw/137.png"
  }
},
{
  "model": "engine.clientfile",
  "pk": 145,
  "fields": {
    "data": 2,
    "file": "/home/django/data/data/2/raw/129.png"
  }
},
{
  "model": "engine.clientfile",
  "pk": 146,
  "fields": {
    "data": 2,
    "file": "/home/django/data/data/2/raw/118.png"
  }
},
{
  "model": "engine.clientfile",
  "pk": 147,
  "fields": {
    "data": 2,
    "file": "/home/django/data/data/2/raw/135.png"
  }
},
{
  "model": "engine.clientfile",
  "pk": 148,
  "fields": {
    "data": 2,
    "file": "/home/django/data/data/2/raw/140.png"
  }
},
{
  "model": "engine.clientfile",
  "pk": 149,
  "fields": {
    "data": 2,
    "file": "/home/django/data/data/2/raw/139.png"
  }
},
{
  "model": "engine.clientfile",
  "pk": 150,
  "fields": {
    "data": 2,
    "file": "/home/django/data/data/2/raw/136.png"
  }
},
{
  "model": "engine.clientfile",
  "pk": 151,
  "fields": {
    "data": 2,
    "file": "/home/django/data/data/2/raw/128.png"
  }
},
{
  "model": "engine.clientfile",
  "pk": 152,
  "fields": {
    "data": 2,
    "file": "/home/django/data/data/2/raw/138.png"
  }
},
{
  "model": "engine.clientfile",
  "pk": 153,
  "fields": {
    "data": 2,
    "file": "/home/django/data/data/2/raw/134.png"
  }
},
{
  "model": "engine.clientfile",
  "pk": 360,
  "fields": {
    "data": 5,
    "file": "/home/django/data/data/5/raw/test_video_1.mp4"
  }
},
{
  "model": "engine.clientfile",
  "pk": 361,
  "fields": {
    "data": 6,
    "file": "/home/django/data/data/6/raw/test_pointcloud_pcd.zip"
  }
},
{
  "model": "engine.clientfile",
  "pk": 362,
  "fields": {
    "data": 7,
    "file": "/home/django/data/data/7/raw/10.png"
  }
},
{
  "model": "engine.clientfile",
  "pk": 363,
  "fields": {
    "data": 7,
    "file": "/home/django/data/data/7/raw/3.png"
  }
},
{
  "model": "engine.clientfile",
  "pk": 364,
  "fields": {
    "data": 7,
    "file": "/home/django/data/data/7/raw/9.png"
  }
},
{
  "model": "engine.clientfile",
  "pk": 365,
  "fields": {
    "data": 7,
    "file": "/home/django/data/data/7/raw/6.png"
  }
},
{
  "model": "engine.clientfile",
  "pk": 366,
  "fields": {
    "data": 7,
    "file": "/home/django/data/data/7/raw/0.png"
  }
},
{
  "model": "engine.clientfile",
  "pk": 367,
  "fields": {
    "data": 7,
    "file": "/home/django/data/data/7/raw/8.png"
  }
},
{
  "model": "engine.clientfile",
  "pk": 368,
  "fields": {
    "data": 7,
    "file": "/home/django/data/data/7/raw/2.png"
  }
},
{
  "model": "engine.clientfile",
  "pk": 369,
  "fields": {
    "data": 7,
    "file": "/home/django/data/data/7/raw/7.png"
  }
},
{
  "model": "engine.clientfile",
  "pk": 370,
  "fields": {
    "data": 7,
    "file": "/home/django/data/data/7/raw/5.png"
  }
},
{
  "model": "engine.clientfile",
  "pk": 371,
  "fields": {
    "data": 7,
    "file": "/home/django/data/data/7/raw/1.png"
  }
},
{
  "model": "engine.clientfile",
  "pk": 372,
  "fields": {
    "data": 7,
    "file": "/home/django/data/data/7/raw/4.png"
  }
},
{
  "model": "engine.clientfile",
  "pk": 373,
  "fields": {
    "data": 8,
    "file": "/home/django/data/data/8/raw/10.png"
  }
},
{
  "model": "engine.clientfile",
  "pk": 374,
  "fields": {
    "data": 8,
    "file": "/home/django/data/data/8/raw/3.png"
  }
},
{
  "model": "engine.clientfile",
  "pk": 375,
  "fields": {
    "data": 8,
    "file": "/home/django/data/data/8/raw/9.png"
  }
},
{
  "model": "engine.clientfile",
  "pk": 376,
  "fields": {
    "data": 8,
    "file": "/home/django/data/data/8/raw/6.png"
  }
},
{
  "model": "engine.clientfile",
  "pk": 377,
  "fields": {
    "data": 8,
    "file": "/home/django/data/data/8/raw/13.png"
  }
},
{
  "model": "engine.clientfile",
  "pk": 378,
  "fields": {
    "data": 8,
    "file": "/home/django/data/data/8/raw/0.png"
  }
},
{
  "model": "engine.clientfile",
  "pk": 379,
  "fields": {
    "data": 8,
    "file": "/home/django/data/data/8/raw/12.png"
  }
},
{
  "model": "engine.clientfile",
  "pk": 380,
  "fields": {
    "data": 8,
    "file": "/home/django/data/data/8/raw/8.png"
  }
},
{
  "model": "engine.clientfile",
  "pk": 381,
  "fields": {
    "data": 8,
    "file": "/home/django/data/data/8/raw/2.png"
  }
},
{
  "model": "engine.clientfile",
  "pk": 382,
  "fields": {
    "data": 8,
    "file": "/home/django/data/data/8/raw/7.png"
  }
},
{
  "model": "engine.clientfile",
  "pk": 383,
  "fields": {
    "data": 8,
    "file": "/home/django/data/data/8/raw/1.png"
  }
},
{
  "model": "engine.clientfile",
  "pk": 384,
  "fields": {
    "data": 8,
    "file": "/home/django/data/data/8/raw/4.png"
  }
},
{
  "model": "engine.clientfile",
  "pk": 385,
  "fields": {
    "data": 8,
    "file": "/home/django/data/data/8/raw/11.png"
  }
},
{
  "model": "engine.clientfile",
  "pk": 386,
  "fields": {
    "data": 8,
    "file": "/home/django/data/data/8/raw/14.png"
  }
},
{
  "model": "engine.clientfile",
  "pk": 387,
  "fields": {
    "data": 9,
    "file": "/home/django/data/data/9/raw/53.png"
  }
},
{
  "model": "engine.clientfile",
  "pk": 388,
  "fields": {
    "data": 9,
    "file": "/home/django/data/data/9/raw/52.png"
  }
},
{
  "model": "engine.clientfile",
  "pk": 389,
  "fields": {
    "data": 9,
    "file": "/home/django/data/data/9/raw/59.png"
  }
},
{
  "model": "engine.clientfile",
  "pk": 390,
  "fields": {
    "data": 9,
    "file": "/home/django/data/data/9/raw/65.png"
  }
},
{
  "model": "engine.clientfile",
  "pk": 391,
  "fields": {
    "data": 9,
    "file": "/home/django/data/data/9/raw/57.png"
  }
},
{
  "model": "engine.clientfile",
  "pk": 392,
  "fields": {
    "data": 9,
    "file": "/home/django/data/data/9/raw/71.png"
  }
},
{
  "model": "engine.clientfile",
  "pk": 393,
  "fields": {
    "data": 9,
    "file": "/home/django/data/data/9/raw/61.png"
  }
},
{
  "model": "engine.clientfile",
  "pk": 394,
  "fields": {
    "data": 9,
    "file": "/home/django/data/data/9/raw/58.png"
  }
},
{
  "model": "engine.clientfile",
  "pk": 395,
  "fields": {
    "data": 9,
    "file": "/home/django/data/data/9/raw/68.png"
  }
},
{
  "model": "engine.clientfile",
  "pk": 396,
  "fields": {
    "data": 9,
    "file": "/home/django/data/data/9/raw/70.png"
  }
},
{
  "model": "engine.clientfile",
  "pk": 397,
  "fields": {
    "data": 9,
    "file": "/home/django/data/data/9/raw/55.png"
  }
},
{
  "model": "engine.clientfile",
  "pk": 398,
  "fields": {
    "data": 9,
    "file": "/home/django/data/data/9/raw/62.png"
  }
},
{
  "model": "engine.clientfile",
  "pk": 399,
  "fields": {
    "data": 9,
    "file": "/home/django/data/data/9/raw/67.png"
  }
},
{
  "model": "engine.clientfile",
  "pk": 400,
  "fields": {
    "data": 9,
    "file": "/home/django/data/data/9/raw/63.png"
  }
},
{
  "model": "engine.clientfile",
  "pk": 401,
  "fields": {
    "data": 9,
    "file": "/home/django/data/data/9/raw/64.png"
  }
},
{
  "model": "engine.clientfile",
  "pk": 402,
  "fields": {
    "data": 9,
    "file": "/home/django/data/data/9/raw/69.png"
  }
},
{
  "model": "engine.clientfile",
  "pk": 403,
  "fields": {
    "data": 9,
    "file": "/home/django/data/data/9/raw/56.png"
  }
},
{
  "model": "engine.clientfile",
  "pk": 404,
  "fields": {
    "data": 9,
    "file": "/home/django/data/data/9/raw/66.png"
  }
},
{
  "model": "engine.clientfile",
  "pk": 405,
  "fields": {
    "data": 9,
    "file": "/home/django/data/data/9/raw/54.png"
  }
},
{
  "model": "engine.clientfile",
  "pk": 406,
  "fields": {
    "data": 9,
    "file": "/home/django/data/data/9/raw/60.png"
  }
},
{
  "model": "engine.clientfile",
  "pk": 418,
  "fields": {
    "data": 11,
    "file": "/home/django/data/data/11/raw/30.png"
  }
},
{
  "model": "engine.clientfile",
  "pk": 419,
  "fields": {
    "data": 11,
    "file": "/home/django/data/data/11/raw/36.png"
  }
},
{
  "model": "engine.clientfile",
  "pk": 420,
  "fields": {
    "data": 11,
    "file": "/home/django/data/data/11/raw/40.png"
  }
},
{
  "model": "engine.clientfile",
  "pk": 421,
  "fields": {
    "data": 11,
    "file": "/home/django/data/data/11/raw/34.png"
  }
},
{
  "model": "engine.clientfile",
  "pk": 422,
  "fields": {
    "data": 11,
    "file": "/home/django/data/data/11/raw/31.png"
  }
},
{
  "model": "engine.clientfile",
  "pk": 423,
  "fields": {
    "data": 11,
    "file": "/home/django/data/data/11/raw/38.png"
  }
},
{
  "model": "engine.clientfile",
  "pk": 424,
  "fields": {
    "data": 11,
    "file": "/home/django/data/data/11/raw/39.png"
  }
},
{
  "model": "engine.clientfile",
  "pk": 425,
  "fields": {
    "data": 11,
    "file": "/home/django/data/data/11/raw/33.png"
  }
},
{
  "model": "engine.clientfile",
  "pk": 426,
  "fields": {
    "data": 11,
    "file": "/home/django/data/data/11/raw/35.png"
  }
},
{
  "model": "engine.clientfile",
  "pk": 427,
  "fields": {
    "data": 11,
    "file": "/home/django/data/data/11/raw/32.png"
  }
},
{
  "model": "engine.clientfile",
  "pk": 428,
  "fields": {
    "data": 11,
    "file": "/home/django/data/data/11/raw/37.png"
  }
},
{
  "model": "engine.relatedfile",
  "pk": 1,
  "fields": {
    "data": 6,
    "path": "/home/django/data/data/6/raw/test_pointcloud_pcd/related_images/000001_pcd/000001.png",
    "primary_image": 360
  }
},
{
  "model": "engine.segment",
  "pk": 2,
  "fields": {
    "task": 2,
    "start_frame": 0,
    "stop_frame": 22
  }
},
{
  "model": "engine.segment",
  "pk": 7,
  "fields": {
    "task": 5,
    "start_frame": 0,
    "stop_frame": 24
  }
},
{
  "model": "engine.segment",
  "pk": 8,
  "fields": {
    "task": 6,
    "start_frame": 0,
    "stop_frame": 0
  }
},
{
  "model": "engine.segment",
  "pk": 9,
  "fields": {
    "task": 7,
    "start_frame": 0,
    "stop_frame": 10
  }
},
{
  "model": "engine.segment",
  "pk": 10,
  "fields": {
    "task": 8,
    "start_frame": 0,
    "stop_frame": 13
  }
},
{
  "model": "engine.segment",
  "pk": 11,
  "fields": {
    "task": 9,
    "start_frame": 0,
    "stop_frame": 4
  }
},
{
  "model": "engine.segment",
  "pk": 12,
  "fields": {
    "task": 9,
    "start_frame": 5,
    "stop_frame": 9
  }
},
{
  "model": "engine.segment",
  "pk": 13,
  "fields": {
    "task": 9,
    "start_frame": 10,
    "stop_frame": 14
  }
},
{
  "model": "engine.segment",
  "pk": 14,
  "fields": {
    "task": 9,
    "start_frame": 15,
    "stop_frame": 19
  }
},
{
  "model": "engine.segment",
  "pk": 16,
  "fields": {
    "task": 11,
    "start_frame": 0,
    "stop_frame": 10
  }
},
{
  "model": "engine.job",
  "pk": 2,
  "fields": {
    "segment": 2,
    "assignee": 6,
    "status": "annotation",
    "stage": "annotation",
    "state": "new"
  }
},
{
  "model": "engine.job",
  "pk": 7,
  "fields": {
    "segment": 7,
    "assignee": 9,
    "status": "annotation",
    "stage": "annotation",
    "state": "in progress"
  }
},
{
  "model": "engine.job",
  "pk": 8,
  "fields": {
    "segment": 8,
    "assignee": null,
    "status": "annotation",
    "stage": "annotation",
    "state": "new"
  }
},
{
  "model": "engine.job",
  "pk": 9,
  "fields": {
    "segment": 9,
    "assignee": null,
    "status": "annotation",
    "stage": "annotation",
    "state": "in progress"
  }
},
{
  "model": "engine.job",
  "pk": 10,
  "fields": {
    "segment": 10,
    "assignee": 1,
    "status": "annotation",
    "stage": "annotation",
    "state": "in progress"
  }
},
{
  "model": "engine.job",
  "pk": 11,
  "fields": {
    "segment": 11,
    "assignee": 9,
    "status": "annotation",
    "stage": "annotation",
    "state": "in progress"
  }
},
{
  "model": "engine.job",
  "pk": 12,
  "fields": {
    "segment": 12,
    "assignee": null,
    "status": "validation",
    "stage": "validation",
    "state": "new"
  }
},
{
  "model": "engine.job",
  "pk": 13,
  "fields": {
    "segment": 13,
    "assignee": null,
    "status": "validation",
    "stage": "acceptance",
    "state": "new"
  }
},
{
  "model": "engine.job",
  "pk": 14,
  "fields": {
    "segment": 14,
    "assignee": null,
    "status": "annotation",
    "stage": "annotation",
    "state": "new"
  }
},
{
  "model": "engine.job",
  "pk": 16,
  "fields": {
    "segment": 16,
    "assignee": 7,
    "status": "annotation",
    "stage": "annotation",
    "state": "in progress"
  }
},
{
  "model": "engine.label",
  "pk": 3,
  "fields": {
    "task": 2,
    "project": null,
    "name": "car",
    "color": "#2080c0"
  }
},
{
  "model": "engine.label",
  "pk": 4,
  "fields": {
    "task": 2,
    "project": null,
    "name": "person",
    "color": "#c06060"
  }
},
{
  "model": "engine.label",
  "pk": 5,
  "fields": {
    "task": null,
    "project": 1,
    "name": "car",
    "color": "#2080c0"
  }
},
{
  "model": "engine.label",
  "pk": 6,
  "fields": {
    "task": null,
    "project": 1,
    "name": "person",
    "color": "#c06060"
  }
},
{
  "model": "engine.label",
  "pk": 7,
  "fields": {
    "task": null,
    "project": 2,
    "name": "cat",
    "color": "#6080c0"
  }
},
{
  "model": "engine.label",
  "pk": 8,
  "fields": {
    "task": null,
    "project": 2,
    "name": "dog",
    "color": "#406040"
  }
},
{
  "model": "engine.label",
  "pk": 9,
  "fields": {
    "task": 5,
    "project": null,
    "name": "car",
    "color": "#2080c0"
  }
},
{
  "model": "engine.label",
  "pk": 10,
  "fields": {
    "task": 6,
    "project": null,
    "name": "car",
    "color": "#2080c0"
  }
},
{
  "model": "engine.label",
  "pk": 11,
  "fields": {
    "task": 7,
    "project": null,
    "name": "cat",
    "color": "#6080c0"
  }
},
{
  "model": "engine.label",
  "pk": 12,
  "fields": {
    "task": 7,
    "project": null,
    "name": "dog",
    "color": "#406040"
  }
},
{
  "model": "engine.label",
  "pk": 13,
  "fields": {
    "task": 8,
    "project": null,
    "name": "cat",
    "color": "#6080c0"
  }
},
{
  "model": "engine.label",
  "pk": 14,
  "fields": {
    "task": 8,
    "project": null,
    "name": "dog",
    "color": "#406040"
  }
},
{
  "model": "engine.label",
  "pk": 15,
  "fields": {
    "task": 12,
    "project": null,
    "name": "Car",
    "color": "#2080c0"
  }
},
{
  "model": "engine.attributespec",
  "pk": 1,
  "fields": {
    "label": 5,
    "name": "model",
    "mutable": false,
    "input_type": "select",
    "default_value": "mazda",
    "values": "mazda\nvolvo\nbmw"
  }
},
{
  "model": "engine.jobcommit",
  "pk": 1,
  "fields": {
    "scope": "",
    "owner": null,
    "timestamp": "2021-12-22T07:14:15.237Z",
    "data": {},
    "job": 2
  }
},
{
  "model": "engine.jobcommit",
  "pk": 2,
  "fields": {
    "scope": "",
    "owner": null,
    "timestamp": "2021-12-22T07:14:15.268Z",
    "data": {},
    "job": 2
  }
},
{
  "model": "engine.jobcommit",
  "pk": 3,
  "fields": {
    "scope": "",
    "owner": null,
    "timestamp": "2021-12-22T07:14:15.298Z",
    "data": {},
    "job": 2
  }
},
{
  "model": "engine.jobcommit",
  "pk": 16,
  "fields": {
    "scope": "",
    "owner": null,
    "timestamp": "2022-02-21T10:32:04.068Z",
    "data": {},
    "job": 9
  }
},
{
  "model": "engine.jobcommit",
  "pk": 17,
  "fields": {
    "scope": "",
    "owner": null,
    "timestamp": "2022-02-21T10:32:04.169Z",
    "data": {},
    "job": 9
  }
},
{
  "model": "engine.jobcommit",
  "pk": 18,
  "fields": {
    "scope": "",
    "owner": null,
    "timestamp": "2022-02-21T10:32:04.256Z",
    "data": {},
    "job": 9
  }
},
{
  "model": "engine.jobcommit",
  "pk": 25,
  "fields": {
    "scope": "",
    "owner": null,
    "timestamp": "2022-02-21T10:40:21.267Z",
    "data": {},
    "job": 7
  }
},
{
  "model": "engine.jobcommit",
  "pk": 26,
  "fields": {
    "scope": "",
    "owner": null,
    "timestamp": "2022-02-21T10:40:21.354Z",
    "data": {},
    "job": 7
  }
},
{
  "model": "engine.jobcommit",
  "pk": 27,
  "fields": {
    "scope": "",
    "owner": null,
    "timestamp": "2022-02-21T10:40:21.435Z",
    "data": {},
    "job": 7
  }
},
{
  "model": "engine.jobcommit",
  "pk": 28,
  "fields": {
    "scope": "create",
    "owner": 2,
    "timestamp": "2022-03-05T08:30:49.330Z",
    "data": {
      "stage": "annotation",
      "state": "new",
      "assignee": null
    },
    "job": 10
  }
},
{
  "model": "engine.jobcommit",
  "pk": 29,
  "fields": {
    "scope": "create",
    "owner": 2,
    "timestamp": "2022-03-05T08:32:06.104Z",
    "data": {
      "stage": "annotation",
      "state": "new",
      "assignee": {
        "user": {
          "id": 1,
          "username": "admin1"
        }
      }
    },
    "job": 10
  }
},
{
  "model": "engine.jobcommit",
  "pk": 30,
  "fields": {
    "scope": "update",
    "owner": 1,
    "timestamp": "2022-03-05T08:32:06.111Z",
    "data": {
      "assignee": {
        "user": {
          "id": 1,
          "username": "admin1"
        }
      }
    },
    "job": 10
  }
},
{
  "model": "engine.jobcommit",
  "pk": 31,
  "fields": {
    "scope": "create",
    "owner": 2,
    "timestamp": "2022-03-05T08:32:06.133Z",
    "data": {
      "stage": "annotation",
      "state": "new",
      "assignee": {
        "user": {
          "id": 1,
          "username": "admin1"
        }
      }
    },
    "job": 10
  }
},
{
  "model": "engine.jobcommit",
  "pk": 32,
  "fields": {
    "scope": "update",
    "owner": 1,
    "timestamp": "2022-03-05T08:32:06.141Z",
    "data": {
      "assignee": {
        "user": {
          "id": 1,
          "username": "admin1"
        }
      }
    },
    "job": 10
  }
},
{
  "model": "engine.jobcommit",
  "pk": 33,
  "fields": {
    "scope": "create",
    "owner": 2,
    "timestamp": "2022-03-05T08:52:34.922Z",
    "data": {
      "stage": "annotation",
      "state": "new",
      "assignee": {
        "user": {
          "id": 1,
          "username": "admin1"
        }
      }
    },
    "job": 10
  }
},
{
  "model": "engine.jobcommit",
  "pk": 34,
  "fields": {
    "scope": "create",
    "owner": 2,
    "timestamp": "2022-03-05T08:52:35.283Z",
    "data": {
      "stage": "annotation",
      "state": "in progress",
      "assignee": {
        "user": {
          "id": 1,
          "username": "admin1"
        }
      }
    },
    "job": 10
  }
},
{
  "model": "engine.jobcommit",
  "pk": 35,
  "fields": {
    "scope": "update",
    "owner": 2,
    "timestamp": "2022-03-05T08:52:35.288Z",
    "data": {
      "state": "in progress"
    },
    "job": 10
  }
},
{
  "model": "engine.jobcommit",
  "pk": 36,
  "fields": {
    "scope": "create",
    "owner": 10,
    "timestamp": "2022-03-05T09:33:11.291Z",
    "data": {
      "stage": "annotation",
      "state": "new",
      "assignee": null
    },
    "job": 11
  }
},
{
  "model": "engine.jobcommit",
  "pk": 37,
  "fields": {
    "scope": "create",
    "owner": 10,
    "timestamp": "2022-03-05T09:33:11.301Z",
    "data": {
      "stage": "annotation",
      "state": "new",
      "assignee": null
    },
    "job": 12
  }
},
{
  "model": "engine.jobcommit",
  "pk": 38,
  "fields": {
    "scope": "create",
    "owner": 10,
    "timestamp": "2022-03-05T09:33:11.308Z",
    "data": {
      "stage": "annotation",
      "state": "new",
      "assignee": null
    },
    "job": 13
  }
},
{
  "model": "engine.jobcommit",
  "pk": 39,
  "fields": {
    "scope": "create",
    "owner": 10,
    "timestamp": "2022-03-05T09:33:11.315Z",
    "data": {
      "stage": "annotation",
      "state": "new",
      "assignee": null
    },
    "job": 14
  }
},
{
  "model": "engine.jobcommit",
  "pk": 40,
  "fields": {
    "scope": "create",
    "owner": 10,
    "timestamp": "2022-03-05T09:34:22.149Z",
    "data": {
      "stage": "annotation",
      "state": "new",
      "assignee": null
    },
    "job": 11
  }
},
{
  "model": "engine.jobcommit",
  "pk": 41,
  "fields": {
    "scope": "create",
    "owner": 10,
    "timestamp": "2022-03-05T09:34:22.501Z",
    "data": {
      "stage": "annotation",
      "state": "in progress",
      "assignee": null
    },
    "job": 11
  }
},
{
  "model": "engine.jobcommit",
  "pk": 42,
  "fields": {
    "scope": "update",
    "owner": 10,
    "timestamp": "2022-03-05T09:34:22.507Z",
    "data": {
      "state": "in progress"
    },
    "job": 11
  }
},
{
  "model": "engine.jobcommit",
  "pk": 43,
  "fields": {
    "scope": "create",
    "owner": 10,
    "timestamp": "2022-03-05T09:36:18.526Z",
    "data": {
      "stage": "validation",
      "state": "new",
      "assignee": null
    },
    "job": 12
  }
},
{
  "model": "engine.jobcommit",
  "pk": 44,
  "fields": {
    "scope": "update",
    "owner": 1,
    "timestamp": "2022-03-05T09:36:18.533Z",
    "data": {
      "stage": "validation",
      "state": "new",
      "status": "validation"
    },
    "job": 12
  }
},
{
  "model": "engine.jobcommit",
  "pk": 45,
  "fields": {
    "scope": "create",
    "owner": 10,
    "timestamp": "2022-03-05T09:36:21.656Z",
    "data": {
      "stage": "acceptance",
      "state": "new",
      "assignee": null
    },
    "job": 13
  }
},
{
  "model": "engine.jobcommit",
  "pk": 46,
  "fields": {
    "scope": "update",
    "owner": 1,
    "timestamp": "2022-03-05T09:36:21.662Z",
    "data": {
      "stage": "acceptance",
      "state": "new",
      "status": "validation"
    },
    "job": 13
  }
},
{
  "model": "engine.jobcommit",
  "pk": 55,
  "fields": {
    "scope": "create",
    "owner": 10,
    "timestamp": "2022-03-05T10:32:19.701Z",
    "data": {
      "stage": "annotation",
      "state": "new",
      "assignee": null
    },
    "job": 16
  }
},
{
  "model": "engine.jobcommit",
  "pk": 56,
  "fields": {
    "scope": "create",
    "owner": 10,
    "timestamp": "2022-03-05T10:32:26.246Z",
    "data": {
      "stage": "annotation",
      "state": "new",
      "assignee": {
        "user": {
          "id": 7,
          "username": "worker2"
        }
      }
    },
    "job": 16
  }
},
{
  "model": "engine.jobcommit",
  "pk": 57,
  "fields": {
    "scope": "update",
    "owner": 10,
    "timestamp": "2022-03-05T10:32:26.260Z",
    "data": {
      "assignee": {
        "user": {
          "id": 7,
          "username": "worker2"
        }
      }
    },
    "job": 16
  }
},
{
  "model": "engine.jobcommit",
  "pk": 58,
  "fields": {
    "scope": "create",
    "owner": 10,
    "timestamp": "2022-03-05T10:32:26.300Z",
    "data": {
      "stage": "annotation",
      "state": "new",
      "assignee": {
        "user": {
          "id": 7,
          "username": "worker2"
        }
      }
    },
    "job": 16
  }
},
{
  "model": "engine.jobcommit",
  "pk": 59,
  "fields": {
    "scope": "update",
    "owner": 10,
    "timestamp": "2022-03-05T10:32:26.328Z",
    "data": {
      "assignee": {
        "user": {
          "id": 7,
          "username": "worker2"
        }
      }
    },
    "job": 16
  }
},
{
  "model": "engine.jobcommit",
  "pk": 60,
  "fields": {
    "scope": "create",
    "owner": 10,
    "timestamp": "2022-03-05T10:32:35.577Z",
    "data": {
      "stage": "annotation",
      "state": "new",
      "assignee": {
        "user": {
          "id": 7,
          "username": "worker2"
        }
      }
    },
    "job": 16
  }
},
{
  "model": "engine.jobcommit",
  "pk": 61,
  "fields": {
    "scope": "create",
    "owner": 10,
    "timestamp": "2022-03-05T10:32:35.938Z",
    "data": {
      "stage": "annotation",
      "state": "in progress",
      "assignee": {
        "user": {
          "id": 7,
          "username": "worker2"
        }
      }
    },
    "job": 16
  }
},
{
  "model": "engine.jobcommit",
  "pk": 62,
  "fields": {
    "scope": "update",
    "owner": 10,
    "timestamp": "2022-03-05T10:32:35.943Z",
    "data": {
      "state": "in progress"
    },
    "job": 16
  }
},
{
  "model": "engine.labeledshape",
  "pk": 1,
  "fields": {
    "job": 2,
    "label": 3,
    "frame": 0,
    "group": 0,
    "source": "manual",
    "type": "rectangle",
    "occluded": false,
    "z_order": 0,
    "points": "[223.39453125, 226.0751953125, 513.7663269042969, 377.9619903564453]",
    "rotation": 0.0
  }
},
{
  "model": "engine.labeledshape",
  "pk": 2,
  "fields": {
    "job": 2,
    "label": 3,
    "frame": 1,
    "group": 0,
    "source": "manual",
    "type": "polygon",
    "occluded": false,
    "z_order": 0,
    "points": "[63.0791015625, 139.75390625, 132.19337349397574, 112.3867469879533, 189.71144578313397, 159.23614457831354, 191.1030120481937, 246.9048192771097, 86.73554216867524, 335.5012048192784, 32.00060240964012, 250.15180722891637]",
    "rotation": 0.0
  }
},
{
  "model": "engine.labeledshape",
  "pk": 3,
  "fields": {
    "job": 2,
    "label": 4,
    "frame": 1,
    "group": 0,
    "source": "manual",
    "type": "polygon",
    "occluded": false,
    "z_order": 0,
    "points": "[83.0244140625, 216.75390625, 112.24759036144678, 162.48313253012202, 167.44638554216908, 183.35662650602535, 149.35602409638705, 252.0072289156633, 84.41626506024113, 292.8265060240974, 72.81987951807241, 258.9650602409638]",
    "rotation": 0.0
  }
},
{
  "model": "engine.labeledshape",
  "pk": 4,
  "fields": {
    "job": 2,
    "label": 3,
    "frame": 2,
    "group": 0,
    "source": "manual",
    "type": "polyline",
    "occluded": false,
    "z_order": 0,
    "points": "[24.443359375, 107.2275390625, 84.91109877913368, 61.125083240844106, 169.4316315205324, 75.1561598224198, 226.5581576026634, 113.90865704772477, 240.5892341842391, 205.77880133185317, 210.52264150943483, 270.9230854605994]",
    "rotation": 0.0
  }
},
{
  "model": "engine.labeledshape",
  "pk": 5,
  "fields": {
    "job": 2,
    "label": 3,
    "frame": 22,
    "group": 0,
    "source": "manual",
    "type": "points",
    "occluded": false,
    "z_order": 0,
    "points": "[148.94921875, 285.6865234375, 313.515094339622, 400.32830188679145, 217.36415094339463, 585.2339622641503, 64.81698113207494, 499.25283018867776]",
    "rotation": 0.0
  }
},
{
  "model": "engine.labeledshape",
  "pk": 27,
  "fields": {
    "job": 9,
    "label": 11,
    "frame": 0,
    "group": 0,
    "source": "manual",
    "type": "polygon",
    "occluded": false,
    "z_order": 0,
    "points": "[448.3779296875, 356.4892578125, 438.2558352402775, 761.3861556064112, 744.1780320366161, 319.37356979405195, 446.1288329519466, 163.03832951945333]",
    "rotation": 0.0
  }
},
{
  "model": "engine.labeledshape",
  "pk": 29,
  "fields": {
    "job": 7,
    "label": 9,
    "frame": 0,
    "group": 0,
    "source": "manual",
    "type": "polygon",
    "occluded": false,
    "z_order": 0,
    "points": "[364.0361328125, 528.87890625, 609.5286041189956, 586.544622425632, 835.2494279176244, 360.0000000000018, 543.6247139588122, 175.4691075514893, 326.9656750572103, 192.76887871853796, 244.58581235698148, 319.63386727689067]",
    "rotation": 0.0
  }
},
{
  "model": "engine.labeledshape",
  "pk": 30,
  "fields": {
    "job": 10,
    "label": 13,
    "frame": 0,
    "group": 0,
    "source": "manual",
    "type": "polygon",
    "occluded": false,
    "z_order": 0,
    "points": "[440.0439453125, 84.0791015625, 71.83311938382576, 249.81514762516053, 380.4441591784325, 526.585365853658, 677.6251604621302, 260.42875481386363, 629.4557124518615, 127.35044929396645]",
    "rotation": 0.0
  }
},
{
  "model": "engine.labeledshape",
  "pk": 31,
  "fields": {
    "job": 11,
    "label": 6,
    "frame": 0,
    "group": 0,
    "source": "manual",
    "type": "rectangle",
    "occluded": false,
    "z_order": 0,
    "points": "[65.6189987163034, 100.96585365853753, 142.12734274711147, 362.6243902439037]",
    "rotation": 0.0
  }
},
{
  "model": "engine.labeledshape",
  "pk": 33,
  "fields": {
    "job": 16,
    "label": 7,
    "frame": 0,
    "group": 0,
    "source": "manual",
    "type": "polyline",
    "occluded": false,
    "z_order": 0,
    "points": "[100.14453125, 246.03515625, 408.8692551505537, 327.5483359746413, 588.5839936608554, 289.0380348652925, 623.8851030110927, 183.77654516640177, 329.2812995245622, 71.45483359746322]",
    "rotation": 0.0
  }
},
{
  "model": "engine.profile",
  "pk": 1,
  "fields": {
    "user": 1,
    "rating": 0.0
  }
},
{
  "model": "engine.profile",
  "pk": 2,
  "fields": {
    "user": 2,
    "rating": 0.0
  }
},
{
  "model": "engine.profile",
  "pk": 3,
  "fields": {
    "user": 3,
    "rating": 0.0
  }
},
{
  "model": "engine.profile",
  "pk": 4,
  "fields": {
    "user": 4,
    "rating": 0.0
  }
},
{
  "model": "engine.profile",
  "pk": 5,
  "fields": {
    "user": 5,
    "rating": 0.0
  }
},
{
  "model": "engine.profile",
  "pk": 6,
  "fields": {
    "user": 6,
    "rating": 0.0
  }
},
{
  "model": "engine.profile",
  "pk": 7,
  "fields": {
    "user": 7,
    "rating": 0.0
  }
},
{
  "model": "engine.profile",
  "pk": 8,
  "fields": {
    "user": 8,
    "rating": 0.0
  }
},
{
  "model": "engine.profile",
  "pk": 9,
  "fields": {
    "user": 9,
    "rating": 0.0
  }
},
{
  "model": "engine.profile",
  "pk": 10,
  "fields": {
    "user": 10,
    "rating": 0.0
  }
},
{
  "model": "engine.profile",
  "pk": 11,
  "fields": {
    "user": 11,
    "rating": 0.0
  }
},
{
  "model": "engine.profile",
  "pk": 12,
  "fields": {
    "user": 12,
    "rating": 0.0
  }
},
{
  "model": "engine.profile",
  "pk": 13,
  "fields": {
    "user": 13,
    "rating": 0.0
  }
},
{
  "model": "engine.profile",
  "pk": 14,
  "fields": {
    "user": 14,
    "rating": 0.0
  }
},
{
  "model": "engine.profile",
  "pk": 15,
  "fields": {
    "user": 15,
    "rating": 0.0
  }
},
{
  "model": "engine.profile",
  "pk": 16,
  "fields": {
    "user": 16,
    "rating": 0.0
  }
},
{
  "model": "engine.profile",
  "pk": 17,
  "fields": {
    "user": 17,
    "rating": 0.0
  }
},
{
  "model": "engine.profile",
  "pk": 18,
  "fields": {
    "user": 18,
    "rating": 0.0
  }
},
{
  "model": "engine.profile",
  "pk": 19,
  "fields": {
    "user": 19,
    "rating": 0.0
  }
},
{
  "model": "engine.profile",
  "pk": 20,
  "fields": {
    "user": 20,
    "rating": 0.0
  }
},
{
  "model": "engine.issue",
  "pk": 1,
  "fields": {
    "frame": 0,
    "position": "[244.58581235698148, 319.63386727689067, 326.9656750572103, 192.76887871853796, 543.6247139588122, 175.4691075514893, 835.2494279176244, 360.0000000000018, 609.5286041189956, 586.544622425632, 364.0361328125, 528.87890625, 244.58581235698148, 319.63386727689067]",
    "job": 7,
    "owner": 2,
    "assignee": null,
    "created_date": "2022-03-16T11:04:39.444Z",
    "updated_date": null,
    "resolved": false
  }
},
{
  "model": "engine.issue",
  "pk": 2,
  "fields": {
    "frame": 0,
    "position": "[98.48046875, 696.72265625, 326.1220703125, 841.5859375]",
    "job": 9,
    "owner": 11,
    "assignee": null,
    "created_date": "2022-03-16T11:07:22.170Z",
    "updated_date": null,
    "resolved": false
  }
},
{
  "model": "engine.issue",
  "pk": 3,
  "fields": {
    "frame": 5,
    "position": "[108.1845703125, 235.0, 720.0087890625, 703.3505859375]",
    "job": 16,
    "owner": 11,
    "assignee": null,
    "created_date": "2022-03-16T11:08:18.367Z",
    "updated_date": null,
    "resolved": false
  }
},
{
  "model": "engine.issue",
  "pk": 4,
  "fields": {
    "frame": 5,
    "position": "[295.36328125, 243.6044921875, 932.23046875, 561.4921875]",
    "job": 10,
    "owner": 2,
    "assignee": null,
    "created_date": "2022-03-16T12:40:00.764Z",
    "updated_date": null,
    "resolved": false
  }
},
{
  "model": "engine.issue",
  "pk": 5,
  "fields": {
    "frame": 0,
    "position": "[65.6189987163034, 100.96585365853753, 142.12734274711147, 362.6243902439037]",
    "job": 11,
    "owner": 20,
    "assignee": null,
    "created_date": "2022-03-16T12:49:29.369Z",
    "updated_date": null,
    "resolved": false
  }
},
{
  "model": "engine.comment",
  "pk": 1,
  "fields": {
    "issue": 1,
    "owner": 2,
    "message": "Why are we still here?",
    "created_date": "2022-03-16T11:04:39.447Z",
    "updated_date": "2022-03-16T11:04:39.447Z"
  }
},
{
  "model": "engine.comment",
  "pk": 2,
  "fields": {
    "issue": 1,
    "owner": 2,
    "message": "Just to suffer?",
    "created_date": "2022-03-16T11:04:49.821Z",
    "updated_date": "2022-03-16T11:04:49.821Z"
  }
},
{
  "model": "engine.comment",
  "pk": 3,
  "fields": {
    "issue": 2,
    "owner": 11,
    "message": "Something should be here",
    "created_date": "2022-03-16T11:07:22.173Z",
    "updated_date": "2022-03-16T11:07:22.173Z"
  }
},
{
  "model": "engine.comment",
  "pk": 4,
  "fields": {
    "issue": 3,
    "owner": 11,
    "message": "Another one issue",
    "created_date": "2022-03-16T11:08:18.370Z",
    "updated_date": "2022-03-16T11:08:18.370Z"
  }
},
{
  "model": "engine.comment",
  "pk": 5,
  "fields": {
    "issue": 4,
    "owner": 2,
    "message": "Issue with empty frame",
    "created_date": "2022-03-16T12:40:00.767Z",
    "updated_date": "2022-03-16T12:40:00.767Z"
  }
},
{
  "model": "engine.comment",
  "pk": 6,
  "fields": {
    "issue": 5,
    "owner": 20,
    "message": "Wrong position",
    "created_date": "2022-03-16T12:49:29.372Z",
    "updated_date": "2022-03-16T12:49:29.372Z"
  }
},
{
  "model": "engine.manifest",
  "pk": 1,
  "fields": {
    "filename": "manifest.jsonl",
    "cloud_storage": 1
  }
},
{
  "model": "engine.manifest",
  "pk": 2,
  "fields": {
    "filename": "manifest.jsonl",
    "cloud_storage": 2
  }
},
{
  "model": "engine.cloudstorage",
  "pk": 1,
  "fields": {
    "provider_type": "AWS_S3_BUCKET",
    "resource": "public",
    "display_name": "Bucket 1",
    "owner": 2,
    "created_date": "2022-03-17T07:22:49.519Z",
    "updated_date": "2022-03-17T07:22:49.529Z",
    "credentials": "",
    "credentials_type": "ANONYMOUS_ACCESS",
    "specific_attributes": "endpoint_url=http%3A%2F%2Fminio%3A9000",
    "description": "",
    "organization": null
  }
},
{
  "model": "engine.cloudstorage",
  "pk": 2,
  "fields": {
    "provider_type": "AWS_S3_BUCKET",
    "resource": "private",
    "display_name": "Bucket 2",
    "owner": 11,
    "created_date": "2022-03-17T07:23:59.305Z",
    "updated_date": "2022-03-17T07:23:59.309Z",
    "credentials": "minio_access_key minio_secret_key",
    "credentials_type": "KEY_SECRET_KEY_PAIR",
    "specific_attributes": "endpoint_url=http%3A%2F%2Fminio%3A9000",
    "description": "",
    "organization": 2
  }
}
]
