[
{
  "model": "admin.logentry",
  "pk": 1,
  "fields": {
    "action_time": "2021-12-14T18:20:01.999Z",
    "user": 1,
    "content_type": 4,
    "object_id": "1",
    "object_repr": "admin",
    "action_flag": 2,
    "change_message": "[{\"changed\": {\"fields\": [\"Email address\"]}}]"
  }
},
{
  "model": "admin.logentry",
  "pk": 2,
  "fields": {
    "action_time": "2021-12-14T18:21:09.151Z",
    "user": 1,
    "content_type": 4,
    "object_id": "2",
    "object_repr": "user1",
    "action_flag": 1,
    "change_message": "[{\"added\": {}}]"
  }
},
{
  "model": "admin.logentry",
  "pk": 3,
  "fields": {
    "action_time": "2021-12-14T18:23:58.718Z",
    "user": 1,
    "content_type": 4,
    "object_id": "2",
    "object_repr": "user1",
    "action_flag": 2,
    "change_message": "[{\"changed\": {\"fields\": [\"First name\", \"Last name\", \"Email address\"]}}]"
  }
},
{
  "model": "admin.logentry",
  "pk": 4,
  "fields": {
    "action_time": "2021-12-14T18:24:12.553Z",
    "user": 1,
    "content_type": 4,
    "object_id": "3",
    "object_repr": "user2",
    "action_flag": 1,
    "change_message": "[{\"added\": {}}]"
  }
},
{
  "model": "admin.logentry",
  "pk": 5,
  "fields": {
    "action_time": "2021-12-14T18:24:24.326Z",
    "user": 1,
    "content_type": 4,
    "object_id": "3",
    "object_repr": "user2",
    "action_flag": 2,
    "change_message": "[{\"changed\": {\"fields\": [\"First name\", \"Last name\", \"Email address\"]}}]"
  }
},
{
  "model": "admin.logentry",
  "pk": 6,
  "fields": {
    "action_time": "2021-12-14T18:24:39.624Z",
    "user": 1,
    "content_type": 4,
    "object_id": "4",
    "object_repr": "user3",
    "action_flag": 1,
    "change_message": "[{\"added\": {}}]"
  }
},
{
  "model": "admin.logentry",
  "pk": 7,
  "fields": {
    "action_time": "2021-12-14T18:24:53.704Z",
    "user": 1,
    "content_type": 4,
    "object_id": "4",
    "object_repr": "user3",
    "action_flag": 2,
    "change_message": "[{\"changed\": {\"fields\": [\"First name\", \"Last name\", \"Email address\"]}}]"
  }
},
{
  "model": "admin.logentry",
  "pk": 8,
  "fields": {
    "action_time": "2021-12-14T18:25:10.952Z",
    "user": 1,
    "content_type": 4,
    "object_id": "5",
    "object_repr": "user4",
    "action_flag": 1,
    "change_message": "[{\"added\": {}}]"
  }
},
{
  "model": "admin.logentry",
  "pk": 9,
  "fields": {
    "action_time": "2021-12-14T18:25:31.451Z",
    "user": 1,
    "content_type": 4,
    "object_id": "5",
    "object_repr": "user4",
    "action_flag": 2,
    "change_message": "[{\"changed\": {\"fields\": [\"First name\", \"Last name\", \"Email address\"]}}]"
  }
},
{
  "model": "admin.logentry",
  "pk": 10,
  "fields": {
    "action_time": "2021-12-14T18:30:00.390Z",
    "user": 1,
    "content_type": 4,
    "object_id": "6",
    "object_repr": "worker1",
    "action_flag": 1,
    "change_message": "[{\"added\": {}}]"
  }
},
{
  "model": "admin.logentry",
  "pk": 11,
  "fields": {
    "action_time": "2021-12-14T18:30:20.019Z",
    "user": 1,
    "content_type": 4,
    "object_id": "6",
    "object_repr": "worker1",
    "action_flag": 2,
    "change_message": "[{\"changed\": {\"fields\": [\"First name\", \"Last name\", \"Email address\", \"Groups\"]}}]"
  }
},
{
  "model": "admin.logentry",
  "pk": 12,
  "fields": {
    "action_time": "2021-12-14T18:30:43.380Z",
    "user": 1,
    "content_type": 4,
    "object_id": "7",
    "object_repr": "worker2",
    "action_flag": 1,
    "change_message": "[{\"added\": {}}]"
  }
},
{
  "model": "admin.logentry",
  "pk": 13,
  "fields": {
    "action_time": "2021-12-14T18:31:05.739Z",
    "user": 1,
    "content_type": 4,
    "object_id": "7",
    "object_repr": "worker2",
    "action_flag": 2,
    "change_message": "[{\"changed\": {\"fields\": [\"First name\", \"Last name\", \"Email address\", \"Groups\"]}}]"
  }
},
{
  "model": "admin.logentry",
  "pk": 14,
  "fields": {
    "action_time": "2021-12-14T18:31:25.912Z",
    "user": 1,
    "content_type": 4,
    "object_id": "8",
    "object_repr": "worker3",
    "action_flag": 1,
    "change_message": "[{\"added\": {}}]"
  }
},
{
  "model": "admin.logentry",
  "pk": 15,
  "fields": {
    "action_time": "2021-12-14T18:31:46.096Z",
    "user": 1,
    "content_type": 4,
    "object_id": "8",
    "object_repr": "worker3",
    "action_flag": 2,
    "change_message": "[{\"changed\": {\"fields\": [\"First name\", \"Last name\", \"Email address\", \"Groups\"]}}]"
  }
},
{
  "model": "admin.logentry",
  "pk": 16,
  "fields": {
    "action_time": "2021-12-14T18:32:01.519Z",
    "user": 1,
    "content_type": 4,
    "object_id": "9",
    "object_repr": "worker4",
    "action_flag": 1,
    "change_message": "[{\"added\": {}}]"
  }
},
{
  "model": "admin.logentry",
  "pk": 17,
  "fields": {
    "action_time": "2021-12-14T18:32:21.067Z",
    "user": 1,
    "content_type": 4,
    "object_id": "9",
    "object_repr": "worker4",
    "action_flag": 2,
    "change_message": "[{\"changed\": {\"fields\": [\"First name\", \"Last name\", \"Email address\", \"Groups\"]}}]"
  }
},
{
  "model": "admin.logentry",
  "pk": 18,
  "fields": {
    "action_time": "2021-12-14T18:33:06.933Z",
    "user": 1,
    "content_type": 4,
    "object_id": "10",
    "object_repr": "business1",
    "action_flag": 1,
    "change_message": "[{\"added\": {}}]"
  }
},
{
  "model": "admin.logentry",
  "pk": 19,
  "fields": {
    "action_time": "2021-12-14T18:33:12.541Z",
    "user": 1,
    "content_type": 4,
    "object_id": "10",
    "object_repr": "business1",
    "action_flag": 2,
    "change_message": "[{\"changed\": {\"fields\": [\"First name\", \"Last name\"]}}]"
  }
},
{
  "model": "admin.logentry",
  "pk": 20,
  "fields": {
    "action_time": "2021-12-14T18:33:28.422Z",
    "user": 1,
    "content_type": 4,
    "object_id": "10",
    "object_repr": "business1",
    "action_flag": 2,
    "change_message": "[{\"changed\": {\"fields\": [\"Last name\", \"Email address\", \"Groups\"]}}]"
  }
},
{
  "model": "admin.logentry",
  "pk": 21,
  "fields": {
    "action_time": "2021-12-14T18:34:02.007Z",
    "user": 1,
    "content_type": 4,
    "object_id": "11",
    "object_repr": "business2",
    "action_flag": 1,
    "change_message": "[{\"added\": {}}]"
  }
},
{
  "model": "admin.logentry",
  "pk": 22,
  "fields": {
    "action_time": "2021-12-14T18:34:18.560Z",
    "user": 1,
    "content_type": 4,
    "object_id": "11",
    "object_repr": "business2",
    "action_flag": 2,
    "change_message": "[{\"changed\": {\"fields\": [\"First name\", \"Last name\", \"Email address\", \"Groups\"]}}]"
  }
},
{
  "model": "admin.logentry",
  "pk": 23,
  "fields": {
    "action_time": "2021-12-14T18:34:34.313Z",
    "user": 1,
    "content_type": 4,
    "object_id": "12",
    "object_repr": "business3",
    "action_flag": 1,
    "change_message": "[{\"added\": {}}]"
  }
},
{
  "model": "admin.logentry",
  "pk": 24,
  "fields": {
    "action_time": "2021-12-14T18:34:54.186Z",
    "user": 1,
    "content_type": 4,
    "object_id": "12",
    "object_repr": "business3",
    "action_flag": 2,
    "change_message": "[{\"changed\": {\"fields\": [\"First name\", \"Last name\", \"Email address\", \"Groups\"]}}]"
  }
},
{
  "model": "admin.logentry",
  "pk": 25,
  "fields": {
    "action_time": "2021-12-14T18:35:15.352Z",
    "user": 1,
    "content_type": 4,
    "object_id": "13",
    "object_repr": "business4",
    "action_flag": 1,
    "change_message": "[{\"added\": {}}]"
  }
},
{
  "model": "admin.logentry",
  "pk": 26,
  "fields": {
    "action_time": "2021-12-14T18:35:31.459Z",
    "user": 1,
    "content_type": 4,
    "object_id": "13",
    "object_repr": "business4",
    "action_flag": 2,
    "change_message": "[{\"changed\": {\"fields\": [\"First name\", \"Last name\", \"Email address\", \"Groups\"]}}]"
  }
},
{
  "model": "admin.logentry",
  "pk": 27,
  "fields": {
    "action_time": "2021-12-14T18:36:00.882Z",
    "user": 1,
    "content_type": 4,
    "object_id": "14",
    "object_repr": "dummy1",
    "action_flag": 1,
    "change_message": "[{\"added\": {}}]"
  }
},
{
  "model": "admin.logentry",
  "pk": 28,
  "fields": {
    "action_time": "2021-12-14T18:36:16.686Z",
    "user": 1,
    "content_type": 4,
    "object_id": "14",
    "object_repr": "dummy1",
    "action_flag": 2,
    "change_message": "[{\"changed\": {\"fields\": [\"First name\", \"Last name\", \"Email address\", \"Groups\"]}}]"
  }
},
{
  "model": "admin.logentry",
  "pk": 29,
  "fields": {
    "action_time": "2021-12-14T18:36:31.775Z",
    "user": 1,
    "content_type": 4,
    "object_id": "15",
    "object_repr": "dummy2",
    "action_flag": 1,
    "change_message": "[{\"added\": {}}]"
  }
},
{
  "model": "admin.logentry",
  "pk": 30,
  "fields": {
    "action_time": "2021-12-14T18:36:47.117Z",
    "user": 1,
    "content_type": 4,
    "object_id": "15",
    "object_repr": "dummy2",
    "action_flag": 2,
    "change_message": "[{\"changed\": {\"fields\": [\"First name\", \"Last name\", \"Email address\", \"Groups\"]}}]"
  }
},
{
  "model": "admin.logentry",
  "pk": 31,
  "fields": {
    "action_time": "2021-12-14T18:37:09.321Z",
    "user": 1,
    "content_type": 4,
    "object_id": "16",
    "object_repr": "dummy3",
    "action_flag": 1,
    "change_message": "[{\"added\": {}}]"
  }
},
{
  "model": "admin.logentry",
  "pk": 32,
  "fields": {
    "action_time": "2021-12-14T18:37:25.887Z",
    "user": 1,
    "content_type": 4,
    "object_id": "16",
    "object_repr": "dummy3",
    "action_flag": 2,
    "change_message": "[{\"changed\": {\"fields\": [\"First name\", \"Last name\", \"Email address\", \"Groups\"]}}]"
  }
},
{
  "model": "admin.logentry",
  "pk": 33,
  "fields": {
    "action_time": "2021-12-14T18:37:41.262Z",
    "user": 1,
    "content_type": 4,
    "object_id": "17",
    "object_repr": "dummy4",
    "action_flag": 1,
    "change_message": "[{\"added\": {}}]"
  }
},
{
  "model": "admin.logentry",
  "pk": 34,
  "fields": {
    "action_time": "2021-12-14T18:38:00.903Z",
    "user": 1,
    "content_type": 4,
    "object_id": "17",
    "object_repr": "dummy4",
    "action_flag": 2,
    "change_message": "[{\"changed\": {\"fields\": [\"First name\", \"Last name\", \"Email address\", \"Groups\"]}}]"
  }
},
{
  "model": "admin.logentry",
  "pk": 35,
  "fields": {
    "action_time": "2021-12-14T18:38:21.968Z",
    "user": 1,
    "content_type": 4,
    "object_id": "1",
    "object_repr": "admin1",
    "action_flag": 2,
    "change_message": "[{\"changed\": {\"fields\": [\"Username\", \"First name\", \"Last name\", \"Email address\"]}}]"
  }
},
{
  "model": "admin.logentry",
  "pk": 36,
  "fields": {
    "action_time": "2021-12-14T18:38:27.813Z",
    "user": 1,
    "content_type": 4,
    "object_id": "1",
    "object_repr": "admin1",
    "action_flag": 2,
    "change_message": "[{\"changed\": {\"fields\": [\"Last name\"]}}]"
  }
},
{
  "model": "admin.logentry",
  "pk": 37,
  "fields": {
    "action_time": "2021-12-14T18:38:46.549Z",
    "user": 1,
    "content_type": 4,
    "object_id": "18",
    "object_repr": "admin2",
    "action_flag": 1,
    "change_message": "[{\"added\": {}}]"
  }
},
{
  "model": "admin.logentry",
  "pk": 38,
  "fields": {
    "action_time": "2021-12-14T18:39:13.940Z",
    "user": 1,
    "content_type": 4,
    "object_id": "18",
    "object_repr": "admin2",
    "action_flag": 2,
    "change_message": "[{\"changed\": {\"fields\": [\"First name\", \"Last name\", \"Email address\", \"Groups\"]}}]"
  }
},
{
  "model": "admin.logentry",
  "pk": 39,
  "fields": {
    "action_time": "2021-12-14T18:41:27.383Z",
    "user": 1,
    "content_type": 4,
    "object_id": "18",
    "object_repr": "admin2",
    "action_flag": 2,
    "change_message": "[{\"changed\": {\"fields\": [\"Staff status\", \"Superuser status\"]}}]"
  }
},
{
  "model": "admin.logentry",
  "pk": 40,
  "fields": {
    "action_time": "2021-12-14T18:41:37.492Z",
    "user": 1,
    "content_type": 4,
    "object_id": "18",
    "object_repr": "admin2",
    "action_flag": 2,
    "change_message": "[{\"changed\": {\"fields\": [\"password\"]}}]"
  }
},
{
  "model": "admin.logentry",
  "pk": 41,
  "fields": {
    "action_time": "2021-12-14T18:41:50.468Z",
    "user": 1,
    "content_type": 4,
    "object_id": "1",
    "object_repr": "admin1",
    "action_flag": 2,
    "change_message": "[{\"changed\": {\"fields\": [\"password\"]}}]"
  }
},
{
  "model": "admin.logentry",
  "pk": 42,
  "fields": {
    "action_time": "2022-02-24T20:45:07.810Z",
    "user": 1,
    "content_type": 4,
    "object_id": "19",
    "object_repr": "user5",
    "action_flag": 1,
    "change_message": "[{\"added\": {}}]"
  }
},
{
  "model": "admin.logentry",
  "pk": 43,
  "fields": {
    "action_time": "2022-02-24T20:45:13.620Z",
    "user": 1,
    "content_type": 4,
    "object_id": "19",
    "object_repr": "user5",
    "action_flag": 2,
    "change_message": "[{\"changed\": {\"fields\": [\"First name\", \"Last name\", \"Email address\"]}}]"
  }
},
{
  "model": "admin.logentry",
  "pk": 44,
  "fields": {
    "action_time": "2022-02-24T20:45:19.301Z",
    "user": 1,
    "content_type": 4,
    "object_id": "20",
    "object_repr": "user6",
    "action_flag": 1,
    "change_message": "[{\"added\": {}}]"
  }
},
{
  "model": "admin.logentry",
  "pk": 45,
  "fields": {
    "action_time": "2022-02-24T20:45:25.772Z",
    "user": 1,
    "content_type": 4,
    "object_id": "20",
    "object_repr": "user6",
    "action_flag": 2,
    "change_message": "[{\"changed\": {\"fields\": [\"First name\", \"Last name\", \"Email address\"]}}]"
  }
},
{
  "model": "auth.permission",
  "pk": 1,
  "fields": {
    "name": "Can add log entry",
    "content_type": 1,
    "codename": "add_logentry"
  }
},
{
  "model": "auth.permission",
  "pk": 2,
  "fields": {
    "name": "Can change log entry",
    "content_type": 1,
    "codename": "change_logentry"
  }
},
{
  "model": "auth.permission",
  "pk": 3,
  "fields": {
    "name": "Can delete log entry",
    "content_type": 1,
    "codename": "delete_logentry"
  }
},
{
  "model": "auth.permission",
  "pk": 4,
  "fields": {
    "name": "Can view log entry",
    "content_type": 1,
    "codename": "view_logentry"
  }
},
{
  "model": "auth.permission",
  "pk": 5,
  "fields": {
    "name": "Can add permission",
    "content_type": 2,
    "codename": "add_permission"
  }
},
{
  "model": "auth.permission",
  "pk": 6,
  "fields": {
    "name": "Can change permission",
    "content_type": 2,
    "codename": "change_permission"
  }
},
{
  "model": "auth.permission",
  "pk": 7,
  "fields": {
    "name": "Can delete permission",
    "content_type": 2,
    "codename": "delete_permission"
  }
},
{
  "model": "auth.permission",
  "pk": 8,
  "fields": {
    "name": "Can view permission",
    "content_type": 2,
    "codename": "view_permission"
  }
},
{
  "model": "auth.permission",
  "pk": 9,
  "fields": {
    "name": "Can add group",
    "content_type": 3,
    "codename": "add_group"
  }
},
{
  "model": "auth.permission",
  "pk": 10,
  "fields": {
    "name": "Can change group",
    "content_type": 3,
    "codename": "change_group"
  }
},
{
  "model": "auth.permission",
  "pk": 11,
  "fields": {
    "name": "Can delete group",
    "content_type": 3,
    "codename": "delete_group"
  }
},
{
  "model": "auth.permission",
  "pk": 12,
  "fields": {
    "name": "Can view group",
    "content_type": 3,
    "codename": "view_group"
  }
},
{
  "model": "auth.permission",
  "pk": 13,
  "fields": {
    "name": "Can add user",
    "content_type": 4,
    "codename": "add_user"
  }
},
{
  "model": "auth.permission",
  "pk": 14,
  "fields": {
    "name": "Can change user",
    "content_type": 4,
    "codename": "change_user"
  }
},
{
  "model": "auth.permission",
  "pk": 15,
  "fields": {
    "name": "Can delete user",
    "content_type": 4,
    "codename": "delete_user"
  }
},
{
  "model": "auth.permission",
  "pk": 16,
  "fields": {
    "name": "Can view user",
    "content_type": 4,
    "codename": "view_user"
  }
},
{
  "model": "auth.permission",
  "pk": 17,
  "fields": {
    "name": "Can add content type",
    "content_type": 5,
    "codename": "add_contenttype"
  }
},
{
  "model": "auth.permission",
  "pk": 18,
  "fields": {
    "name": "Can change content type",
    "content_type": 5,
    "codename": "change_contenttype"
  }
},
{
  "model": "auth.permission",
  "pk": 19,
  "fields": {
    "name": "Can delete content type",
    "content_type": 5,
    "codename": "delete_contenttype"
  }
},
{
  "model": "auth.permission",
  "pk": 20,
  "fields": {
    "name": "Can view content type",
    "content_type": 5,
    "codename": "view_contenttype"
  }
},
{
  "model": "auth.permission",
  "pk": 21,
  "fields": {
    "name": "Can add session",
    "content_type": 6,
    "codename": "add_session"
  }
},
{
  "model": "auth.permission",
  "pk": 22,
  "fields": {
    "name": "Can change session",
    "content_type": 6,
    "codename": "change_session"
  }
},
{
  "model": "auth.permission",
  "pk": 23,
  "fields": {
    "name": "Can delete session",
    "content_type": 6,
    "codename": "delete_session"
  }
},
{
  "model": "auth.permission",
  "pk": 24,
  "fields": {
    "name": "Can view session",
    "content_type": 6,
    "codename": "view_session"
  }
},
{
  "model": "auth.permission",
  "pk": 25,
  "fields": {
    "name": "Can add Token",
    "content_type": 7,
    "codename": "add_token"
  }
},
{
  "model": "auth.permission",
  "pk": 26,
  "fields": {
    "name": "Can change Token",
    "content_type": 7,
    "codename": "change_token"
  }
},
{
  "model": "auth.permission",
  "pk": 27,
  "fields": {
    "name": "Can delete Token",
    "content_type": 7,
    "codename": "delete_token"
  }
},
{
  "model": "auth.permission",
  "pk": 28,
  "fields": {
    "name": "Can view Token",
    "content_type": 7,
    "codename": "view_token"
  }
},
{
  "model": "auth.permission",
  "pk": 29,
  "fields": {
    "name": "Can add token",
    "content_type": 8,
    "codename": "add_tokenproxy"
  }
},
{
  "model": "auth.permission",
  "pk": 30,
  "fields": {
    "name": "Can change token",
    "content_type": 8,
    "codename": "change_tokenproxy"
  }
},
{
  "model": "auth.permission",
  "pk": 31,
  "fields": {
    "name": "Can delete token",
    "content_type": 8,
    "codename": "delete_tokenproxy"
  }
},
{
  "model": "auth.permission",
  "pk": 32,
  "fields": {
    "name": "Can view token",
    "content_type": 8,
    "codename": "view_tokenproxy"
  }
},
{
  "model": "auth.permission",
  "pk": 33,
  "fields": {
    "name": "Can add site",
    "content_type": 9,
    "codename": "add_site"
  }
},
{
  "model": "auth.permission",
  "pk": 34,
  "fields": {
    "name": "Can change site",
    "content_type": 9,
    "codename": "change_site"
  }
},
{
  "model": "auth.permission",
  "pk": 35,
  "fields": {
    "name": "Can delete site",
    "content_type": 9,
    "codename": "delete_site"
  }
},
{
  "model": "auth.permission",
  "pk": 36,
  "fields": {
    "name": "Can view site",
    "content_type": 9,
    "codename": "view_site"
  }
},
{
  "model": "auth.permission",
  "pk": 37,
  "fields": {
    "name": "Can add email address",
    "content_type": 10,
    "codename": "add_emailaddress"
  }
},
{
  "model": "auth.permission",
  "pk": 38,
  "fields": {
    "name": "Can change email address",
    "content_type": 10,
    "codename": "change_emailaddress"
  }
},
{
  "model": "auth.permission",
  "pk": 39,
  "fields": {
    "name": "Can delete email address",
    "content_type": 10,
    "codename": "delete_emailaddress"
  }
},
{
  "model": "auth.permission",
  "pk": 40,
  "fields": {
    "name": "Can view email address",
    "content_type": 10,
    "codename": "view_emailaddress"
  }
},
{
  "model": "auth.permission",
  "pk": 41,
  "fields": {
    "name": "Can add email confirmation",
    "content_type": 11,
    "codename": "add_emailconfirmation"
  }
},
{
  "model": "auth.permission",
  "pk": 42,
  "fields": {
    "name": "Can change email confirmation",
    "content_type": 11,
    "codename": "change_emailconfirmation"
  }
},
{
  "model": "auth.permission",
  "pk": 43,
  "fields": {
    "name": "Can delete email confirmation",
    "content_type": 11,
    "codename": "delete_emailconfirmation"
  }
},
{
  "model": "auth.permission",
  "pk": 44,
  "fields": {
    "name": "Can view email confirmation",
    "content_type": 11,
    "codename": "view_emailconfirmation"
  }
},
{
  "model": "auth.permission",
  "pk": 45,
  "fields": {
    "name": "Can add social account",
    "content_type": 12,
    "codename": "add_socialaccount"
  }
},
{
  "model": "auth.permission",
  "pk": 46,
  "fields": {
    "name": "Can change social account",
    "content_type": 12,
    "codename": "change_socialaccount"
  }
},
{
  "model": "auth.permission",
  "pk": 47,
  "fields": {
    "name": "Can delete social account",
    "content_type": 12,
    "codename": "delete_socialaccount"
  }
},
{
  "model": "auth.permission",
  "pk": 48,
  "fields": {
    "name": "Can view social account",
    "content_type": 12,
    "codename": "view_socialaccount"
  }
},
{
  "model": "auth.permission",
  "pk": 49,
  "fields": {
    "name": "Can add social application",
    "content_type": 13,
    "codename": "add_socialapp"
  }
},
{
  "model": "auth.permission",
  "pk": 50,
  "fields": {
    "name": "Can change social application",
    "content_type": 13,
    "codename": "change_socialapp"
  }
},
{
  "model": "auth.permission",
  "pk": 51,
  "fields": {
    "name": "Can delete social application",
    "content_type": 13,
    "codename": "delete_socialapp"
  }
},
{
  "model": "auth.permission",
  "pk": 52,
  "fields": {
    "name": "Can view social application",
    "content_type": 13,
    "codename": "view_socialapp"
  }
},
{
  "model": "auth.permission",
  "pk": 53,
  "fields": {
    "name": "Can add social application token",
    "content_type": 14,
    "codename": "add_socialtoken"
  }
},
{
  "model": "auth.permission",
  "pk": 54,
  "fields": {
    "name": "Can change social application token",
    "content_type": 14,
    "codename": "change_socialtoken"
  }
},
{
  "model": "auth.permission",
  "pk": 55,
  "fields": {
    "name": "Can delete social application token",
    "content_type": 14,
    "codename": "delete_socialtoken"
  }
},
{
  "model": "auth.permission",
  "pk": 56,
  "fields": {
    "name": "Can view social application token",
    "content_type": 14,
    "codename": "view_socialtoken"
  }
},
{
  "model": "auth.permission",
  "pk": 57,
  "fields": {
    "name": "Can add profile",
    "content_type": 39,
    "codename": "add_profile"
  }
},
{
  "model": "auth.permission",
  "pk": 58,
  "fields": {
    "name": "Can change profile",
    "content_type": 39,
    "codename": "change_profile"
  }
},
{
  "model": "auth.permission",
  "pk": 59,
  "fields": {
    "name": "Can delete profile",
    "content_type": 39,
    "codename": "delete_profile"
  }
},
{
  "model": "auth.permission",
  "pk": 60,
  "fields": {
    "name": "Can view profile",
    "content_type": 39,
    "codename": "view_profile"
  }
},
{
  "model": "auth.permission",
  "pk": 61,
  "fields": {
    "name": "Can add issue",
    "content_type": 40,
    "codename": "add_issue"
  }
},
{
  "model": "auth.permission",
  "pk": 62,
  "fields": {
    "name": "Can change issue",
    "content_type": 40,
    "codename": "change_issue"
  }
},
{
  "model": "auth.permission",
  "pk": 63,
  "fields": {
    "name": "Can delete issue",
    "content_type": 40,
    "codename": "delete_issue"
  }
},
{
  "model": "auth.permission",
  "pk": 64,
  "fields": {
    "name": "Can view issue",
    "content_type": 40,
    "codename": "view_issue"
  }
},
{
  "model": "auth.permission",
  "pk": 65,
  "fields": {
    "name": "Can add comment",
    "content_type": 41,
    "codename": "add_comment"
  }
},
{
  "model": "auth.permission",
  "pk": 66,
  "fields": {
    "name": "Can change comment",
    "content_type": 41,
    "codename": "change_comment"
  }
},
{
  "model": "auth.permission",
  "pk": 67,
  "fields": {
    "name": "Can delete comment",
    "content_type": 41,
    "codename": "delete_comment"
  }
},
{
  "model": "auth.permission",
  "pk": 68,
  "fields": {
    "name": "Can view comment",
    "content_type": 41,
    "codename": "view_comment"
  }
},
{
  "model": "auth.permission",
  "pk": 69,
  "fields": {
    "name": "Can add training project",
    "content_type": 43,
    "codename": "add_trainingproject"
  }
},
{
  "model": "auth.permission",
  "pk": 70,
  "fields": {
    "name": "Can change training project",
    "content_type": 43,
    "codename": "change_trainingproject"
  }
},
{
  "model": "auth.permission",
  "pk": 71,
  "fields": {
    "name": "Can delete training project",
    "content_type": 43,
    "codename": "delete_trainingproject"
  }
},
{
  "model": "auth.permission",
  "pk": 72,
  "fields": {
    "name": "Can view training project",
    "content_type": 43,
    "codename": "view_trainingproject"
  }
},
{
  "model": "auth.permission",
  "pk": 73,
  "fields": {
    "name": "Can add training project label",
    "content_type": 44,
    "codename": "add_trainingprojectlabel"
  }
},
{
  "model": "auth.permission",
  "pk": 74,
  "fields": {
    "name": "Can change training project label",
    "content_type": 44,
    "codename": "change_trainingprojectlabel"
  }
},
{
  "model": "auth.permission",
  "pk": 75,
  "fields": {
    "name": "Can delete training project label",
    "content_type": 44,
    "codename": "delete_trainingprojectlabel"
  }
},
{
  "model": "auth.permission",
  "pk": 76,
  "fields": {
    "name": "Can view training project label",
    "content_type": 44,
    "codename": "view_trainingprojectlabel"
  }
},
{
  "model": "auth.permission",
  "pk": 77,
  "fields": {
    "name": "Can add training project image",
    "content_type": 45,
    "codename": "add_trainingprojectimage"
  }
},
{
  "model": "auth.permission",
  "pk": 78,
  "fields": {
    "name": "Can change training project image",
    "content_type": 45,
    "codename": "change_trainingprojectimage"
  }
},
{
  "model": "auth.permission",
  "pk": 79,
  "fields": {
    "name": "Can delete training project image",
    "content_type": 45,
    "codename": "delete_trainingprojectimage"
  }
},
{
  "model": "auth.permission",
  "pk": 80,
  "fields": {
    "name": "Can view training project image",
    "content_type": 45,
    "codename": "view_trainingprojectimage"
  }
},
{
  "model": "auth.permission",
  "pk": 81,
  "fields": {
    "name": "Can add manifest",
    "content_type": 47,
    "codename": "add_manifest"
  }
},
{
  "model": "auth.permission",
  "pk": 82,
  "fields": {
    "name": "Can change manifest",
    "content_type": 47,
    "codename": "change_manifest"
  }
},
{
  "model": "auth.permission",
  "pk": 83,
  "fields": {
    "name": "Can delete manifest",
    "content_type": 47,
    "codename": "delete_manifest"
  }
},
{
  "model": "auth.permission",
  "pk": 84,
  "fields": {
    "name": "Can view manifest",
    "content_type": 47,
    "codename": "view_manifest"
  }
},
{
  "model": "auth.permission",
  "pk": 85,
  "fields": {
    "name": "Can add git data",
    "content_type": 48,
    "codename": "add_gitdata"
  }
},
{
  "model": "auth.permission",
  "pk": 86,
  "fields": {
    "name": "Can change git data",
    "content_type": 48,
    "codename": "change_gitdata"
  }
},
{
  "model": "auth.permission",
  "pk": 87,
  "fields": {
    "name": "Can delete git data",
    "content_type": 48,
    "codename": "delete_gitdata"
  }
},
{
  "model": "auth.permission",
  "pk": 88,
  "fields": {
    "name": "Can view git data",
    "content_type": 48,
    "codename": "view_gitdata"
  }
},
{
  "model": "auth.group",
  "pk": 1,
  "fields": {
    "name": "admin",
    "permissions": []
  }
},
{
  "model": "auth.group",
  "pk": 2,
  "fields": {
    "name": "business",
    "permissions": []
  }
},
{
  "model": "auth.group",
  "pk": 3,
  "fields": {
    "name": "user",
    "permissions": []
  }
},
{
  "model": "auth.group",
  "pk": 4,
  "fields": {
    "name": "worker",
    "permissions": []
  }
},
{
  "model": "auth.user",
  "pk": 1,
  "fields": {
    "password": "pbkdf2_sha256$260000$DevmxlmLwciP1P6sZs2Qag$U9DFtjTWx96Sk95qY6UXVcvpdQEP2LcoFBftk5D2RKY=",
    "last_login": "2022-03-05T08:31:48.316Z",
    "is_superuser": true,
    "username": "admin1",
    "first_name": "Admin",
    "last_name": "First",
    "email": "admin1@cvat.org",
    "is_staff": true,
    "is_active": true,
    "date_joined": "2021-12-14T18:04:57Z",
    "groups": [
      1
    ],
    "user_permissions": []
  }
},
{
  "model": "auth.user",
  "pk": 2,
  "fields": {
    "password": "pbkdf2_sha256$260000$Pf2xYWXBedoAJ504jyDD8e$8sJ244Ai0xhZrUTelapPNHlEg7CV0cCUaxbcxZtfaug=",
    "last_login": "2022-03-05T08:52:22.036Z",
    "is_superuser": false,
    "username": "user1",
    "first_name": "User",
    "last_name": "First",
    "email": "user1@cvat.org",
    "is_staff": false,
    "is_active": true,
    "date_joined": "2021-12-14T18:21:09Z",
    "groups": [
      3
    ],
    "user_permissions": []
  }
},
{
  "model": "auth.user",
  "pk": 3,
  "fields": {
    "password": "pbkdf2_sha256$260000$9YZSJ0xF4Kvjsm2Fwflciy$zRpcqAMLaJBbqTRS09NkZovOHtcdy6haZxu++AeoWFo=",
    "last_login": null,
    "is_superuser": false,
    "username": "user2",
    "first_name": "User",
    "last_name": "Second",
    "email": "user2@cvat.org",
    "is_staff": false,
    "is_active": true,
    "date_joined": "2021-12-14T18:24:12Z",
    "groups": [
      3
    ],
    "user_permissions": []
  }
},
{
  "model": "auth.user",
  "pk": 4,
  "fields": {
    "password": "pbkdf2_sha256$260000$100pcg3A4DB6ewFLQFhfc8$YokGMdr0t2ZayTurcYpUyjaCbN4CeHPkoLCv5krrAhw=",
    "last_login": null,
    "is_superuser": false,
    "username": "user3",
    "first_name": "User",
    "last_name": "Third",
    "email": "user3@cvat.org",
    "is_staff": false,
    "is_active": true,
    "date_joined": "2021-12-14T18:24:39Z",
    "groups": [
      3
    ],
    "user_permissions": []
  }
},
{
  "model": "auth.user",
  "pk": 5,
  "fields": {
    "password": "pbkdf2_sha256$260000$O87TrQZ5e1FdAjz2K5Xn3q$czWORxw/fCBgnZAEVjX/ki7JRHCsnaqRimCGYmULKfc=",
    "last_login": null,
    "is_superuser": false,
    "username": "user4",
    "first_name": "User",
    "last_name": "Fourth",
    "email": "user4@cvat.org",
    "is_staff": false,
    "is_active": true,
    "date_joined": "2021-12-14T18:25:10Z",
    "groups": [
      3
    ],
    "user_permissions": []
  }
},
{
  "model": "auth.user",
  "pk": 6,
  "fields": {
    "password": "pbkdf2_sha256$260000$15iUjDNh5gPg5683u1HhOG$fF8hW6AR90o9SCsO/MomzdQFkgQsMUW3YQUlwwiC1vA=",
    "last_login": "2021-12-14T19:11:21.048Z",
    "is_superuser": false,
    "username": "worker1",
    "first_name": "Worker",
    "last_name": "First",
    "email": "worker1@cvat.org",
    "is_staff": false,
    "is_active": true,
    "date_joined": "2021-12-14T18:30:00Z",
    "groups": [
      4
    ],
    "user_permissions": []
  }
},
{
  "model": "auth.user",
  "pk": 7,
  "fields": {
    "password": "pbkdf2_sha256$260000$EtdCZTYNPHPX50kM67A7kA$JxuHkmB25RkeMszSV9Pd58E9AFdSu3Rx2UYSAKu/q4k=",
    "last_login": null,
    "is_superuser": false,
    "username": "worker2",
    "first_name": "Worker",
    "last_name": "Second",
    "email": "worker2@cvat.org",
    "is_staff": false,
    "is_active": true,
    "date_joined": "2021-12-14T18:30:43Z",
    "groups": [
      4
    ],
    "user_permissions": []
  }
},
{
  "model": "auth.user",
  "pk": 8,
  "fields": {
    "password": "pbkdf2_sha256$260000$PNnmu5EKgxZCY9HQgNLfta$JjsE9zrFYJ3ISUHANjjwnxuiGNRGIyVamqnqrkqR9fQ=",
    "last_login": null,
    "is_superuser": false,
    "username": "worker3",
    "first_name": "Worker",
    "last_name": "Third",
    "email": "worker3@cvat.org",
    "is_staff": false,
    "is_active": true,
    "date_joined": "2021-12-14T18:31:25Z",
    "groups": [
      4
    ],
    "user_permissions": []
  }
},
{
  "model": "auth.user",
  "pk": 9,
  "fields": {
    "password": "pbkdf2_sha256$260000$ipL3D6HSba1Cn7pzb5Q7bh$OFx/xO6Q3Q5sBGq3W3MBsmqFhVjkPmVVfaQdnJ8FAtg=",
    "last_login": null,
    "is_superuser": false,
    "username": "worker4",
    "first_name": "Worker",
    "last_name": "Fourth",
    "email": "worker4@cvat.org",
    "is_staff": false,
    "is_active": true,
    "date_joined": "2021-12-14T18:32:01Z",
    "groups": [
      4
    ],
    "user_permissions": []
  }
},
{
  "model": "auth.user",
  "pk": 10,
  "fields": {
    "password": "pbkdf2_sha256$260000$X4F89IRqnBtojZuHidrwQG$j1+EpXfyvMesHdod4N+dNUfF4WKS2NWFfeGDec/43as=",
    "last_login": "2022-01-19T13:52:59.477Z",
    "is_superuser": false,
    "username": "business1",
    "first_name": "Business",
    "last_name": "First",
    "email": "business1@cvat.org",
    "is_staff": false,
    "is_active": true,
    "date_joined": "2021-12-14T18:33:06Z",
    "groups": [
      2
    ],
    "user_permissions": []
  }
},
{
  "model": "auth.user",
  "pk": 11,
  "fields": {
    "password": "pbkdf2_sha256$260000$Zw76ANIvIsDngZGsTv2G8O$piTVoqHrpTskW8rI1FBT9rzM2dcpjhrcOfI3pDgtjbo=",
    "last_login": "2022-02-21T10:29:16.518Z",
    "is_superuser": false,
    "username": "business2",
    "first_name": "Business",
    "last_name": "Second",
    "email": "business2@cvat.org",
    "is_staff": false,
    "is_active": true,
    "date_joined": "2021-12-14T18:34:01Z",
    "groups": [
      2
    ],
    "user_permissions": []
  }
},
{
  "model": "auth.user",
  "pk": 12,
  "fields": {
    "password": "pbkdf2_sha256$260000$KcNRm6RwodBaGfWhh7ngqB$SsKUBx7vF1Ee0WBDwExd/JI39w1Ee0cBoox7lqNbhCk=",
    "last_login": null,
    "is_superuser": false,
    "username": "business3",
    "first_name": "Business",
    "last_name": "Third",
    "email": "business3@cvat.org",
    "is_staff": false,
    "is_active": true,
    "date_joined": "2021-12-14T18:34:34Z",
    "groups": [
      2
    ],
    "user_permissions": []
  }
},
{
  "model": "auth.user",
  "pk": 13,
  "fields": {
    "password": "pbkdf2_sha256$260000$BbdWU6TKtVfIAW00Dk4Qyb$mkqf3VrZULPrzfH5NFEeEYCnzBPLaBBsVgdeTCve4lA=",
    "last_login": null,
    "is_superuser": false,
    "username": "business4",
    "first_name": "Business",
    "last_name": "Fourth",
    "email": "business4@cvat.org",
    "is_staff": false,
    "is_active": true,
    "date_joined": "2021-12-14T18:35:15Z",
    "groups": [
      2
    ],
    "user_permissions": []
  }
},
{
  "model": "auth.user",
  "pk": 14,
  "fields": {
    "password": "pbkdf2_sha256$260000$47xWwGNsT3dvBc1qZDcLvC$fLC2y72acILlhGFiVp3nA/bnCxY/mRb7xOqOh7Es95k=",
    "last_login": null,
    "is_superuser": false,
    "username": "dummy1",
    "first_name": "Dummy",
    "last_name": "First",
    "email": "dummy1@cvat.org",
    "is_staff": false,
    "is_active": true,
    "date_joined": "2021-12-14T18:36:00Z",
    "groups": [],
    "user_permissions": []
  }
},
{
  "model": "auth.user",
  "pk": 15,
  "fields": {
    "password": "pbkdf2_sha256$260000$g0en7cElWDD2HJlVV2Vhns$U7eJco9WdvEy/GDpZcoGu2rGGF+3TIMS0v/aRaCqWwo=",
    "last_login": null,
    "is_superuser": false,
    "username": "dummy2",
    "first_name": "Dummy",
    "last_name": "Second",
    "email": "dummy2@cvat.org",
    "is_staff": false,
    "is_active": true,
    "date_joined": "2021-12-14T18:36:31Z",
    "groups": [],
    "user_permissions": []
  }
},
{
  "model": "auth.user",
  "pk": 16,
  "fields": {
    "password": "pbkdf2_sha256$260000$48BDv2UDlqhl8DUBc73KiH$Sl4mklcY7vuFyhZh9y1XozQbb35xT3ZgYAUhrUqpV6c=",
    "last_login": null,
    "is_superuser": false,
    "username": "dummy3",
    "first_name": "Dummy",
    "last_name": "Third",
    "email": "dummy3@cvat.org",
    "is_staff": false,
    "is_active": true,
    "date_joined": "2021-12-14T18:37:09Z",
    "groups": [],
    "user_permissions": []
  }
},
{
  "model": "auth.user",
  "pk": 17,
  "fields": {
    "password": "pbkdf2_sha256$260000$ZgcuAD4y4yevdl8uH9uDkv$D89cXpicXu+B4Vs+Nlew/sXYpZvO4kOO1IMoyYs1AvE=",
    "last_login": null,
    "is_superuser": false,
    "username": "dummy4",
    "first_name": "Dummy",
    "last_name": "Fourth",
    "email": "dummy4@cvat.org",
    "is_staff": false,
    "is_active": true,
    "date_joined": "2021-12-14T18:37:41Z",
    "groups": [],
    "user_permissions": []
  }
},
{
  "model": "auth.user",
  "pk": 18,
  "fields": {
    "password": "pbkdf2_sha256$260000$uOqP32bk2zHuvO0sdGBGmu$hMbzA1yBWcY5rIU670sZ3SHXRLUa7bCkbrMnrEDGSRM=",
    "last_login": null,
    "is_superuser": true,
    "username": "admin2",
    "first_name": "Admin",
    "last_name": "Second",
    "email": "admin2@cvat.org",
    "is_staff": true,
    "is_active": true,
    "date_joined": "2021-12-14T18:38:46Z",
    "groups": [
      1
    ],
    "user_permissions": []
  }
},
{
  "model": "auth.user",
  "pk": 19,
  "fields": {
    "password": "pbkdf2_sha256$260000$sKpnXRfALvvS3bBUj8e2SD$wcq2zoyeXxa+gnn6007p6DGtNd+ND6H4pGOq9ekb9t0=",
    "last_login": null,
    "is_superuser": false,
    "username": "user5",
    "first_name": "User",
    "last_name": "Fifth",
    "email": "user5@cvat.org",
    "is_staff": false,
    "is_active": true,
    "date_joined": "2022-02-24T20:45:07Z",
    "groups": [
      3
    ],
    "user_permissions": []
  }
},
{
  "model": "auth.user",
  "pk": 20,
  "fields": {
    "password": "pbkdf2_sha256$260000$V3cCtaea9FrYFYQRGJfBGO$nZVdhgyq1iEcv3Ed4QDnMt18ULQViJn0snZDm9ZL2SA=",
    "last_login": null,
    "is_superuser": false,
    "username": "user6",
    "first_name": "User",
    "last_name": "Sixth",
    "email": "user6@cvat.org",
    "is_staff": false,
    "is_active": true,
    "date_joined": "2022-02-24T20:45:19Z",
    "groups": [
      3
    ],
    "user_permissions": []
  }
},
{
  "model": "contenttypes.contenttype",
  "pk": 1,
  "fields": {
    "app_label": "admin",
    "model": "logentry"
  }
},
{
  "model": "contenttypes.contenttype",
  "pk": 2,
  "fields": {
    "app_label": "auth",
    "model": "permission"
  }
},
{
  "model": "contenttypes.contenttype",
  "pk": 3,
  "fields": {
    "app_label": "auth",
    "model": "group"
  }
},
{
  "model": "contenttypes.contenttype",
  "pk": 4,
  "fields": {
    "app_label": "auth",
    "model": "user"
  }
},
{
  "model": "contenttypes.contenttype",
  "pk": 5,
  "fields": {
    "app_label": "contenttypes",
    "model": "contenttype"
  }
},
{
  "model": "contenttypes.contenttype",
  "pk": 6,
  "fields": {
    "app_label": "sessions",
    "model": "session"
  }
},
{
  "model": "contenttypes.contenttype",
  "pk": 7,
  "fields": {
    "app_label": "authtoken",
    "model": "token"
  }
},
{
  "model": "contenttypes.contenttype",
  "pk": 8,
  "fields": {
    "app_label": "authtoken",
    "model": "tokenproxy"
  }
},
{
  "model": "contenttypes.contenttype",
  "pk": 9,
  "fields": {
    "app_label": "sites",
    "model": "site"
  }
},
{
  "model": "contenttypes.contenttype",
  "pk": 10,
  "fields": {
    "app_label": "account",
    "model": "emailaddress"
  }
},
{
  "model": "contenttypes.contenttype",
  "pk": 11,
  "fields": {
    "app_label": "account",
    "model": "emailconfirmation"
  }
},
{
  "model": "contenttypes.contenttype",
  "pk": 12,
  "fields": {
    "app_label": "socialaccount",
    "model": "socialaccount"
  }
},
{
  "model": "contenttypes.contenttype",
  "pk": 13,
  "fields": {
    "app_label": "socialaccount",
    "model": "socialapp"
  }
},
{
  "model": "contenttypes.contenttype",
  "pk": 14,
  "fields": {
    "app_label": "socialaccount",
    "model": "socialtoken"
  }
},
{
  "model": "contenttypes.contenttype",
  "pk": 15,
  "fields": {
    "app_label": "organizations",
    "model": "organization"
  }
},
{
  "model": "contenttypes.contenttype",
  "pk": 16,
  "fields": {
    "app_label": "organizations",
    "model": "membership"
  }
},
{
  "model": "contenttypes.contenttype",
  "pk": 17,
  "fields": {
    "app_label": "organizations",
    "model": "invitation"
  }
},
{
  "model": "contenttypes.contenttype",
  "pk": 18,
  "fields": {
    "app_label": "engine",
    "model": "attributespec"
  }
},
{
  "model": "contenttypes.contenttype",
  "pk": 19,
  "fields": {
    "app_label": "engine",
    "model": "job"
  }
},
{
  "model": "contenttypes.contenttype",
  "pk": 20,
  "fields": {
    "app_label": "engine",
    "model": "label"
  }
},
{
  "model": "contenttypes.contenttype",
  "pk": 21,
  "fields": {
    "app_label": "engine",
    "model": "segment"
  }
},
{
  "model": "contenttypes.contenttype",
  "pk": 22,
  "fields": {
    "app_label": "engine",
    "model": "task"
  }
},
{
  "model": "contenttypes.contenttype",
  "pk": 23,
  "fields": {
    "app_label": "engine",
    "model": "clientfile"
  }
},
{
  "model": "contenttypes.contenttype",
  "pk": 24,
  "fields": {
    "app_label": "engine",
    "model": "remotefile"
  }
},
{
  "model": "contenttypes.contenttype",
  "pk": 25,
  "fields": {
    "app_label": "engine",
    "model": "serverfile"
  }
},
{
  "model": "contenttypes.contenttype",
  "pk": 26,
  "fields": {
    "app_label": "engine",
    "model": "image"
  }
},
{
  "model": "contenttypes.contenttype",
  "pk": 27,
  "fields": {
    "app_label": "engine",
    "model": "video"
  }
},
{
  "model": "contenttypes.contenttype",
  "pk": 28,
  "fields": {
    "app_label": "engine",
    "model": "labeledimageattributeval"
  }
},
{
  "model": "contenttypes.contenttype",
  "pk": 29,
  "fields": {
    "app_label": "engine",
    "model": "labeledshapeattributeval"
  }
},
{
  "model": "contenttypes.contenttype",
  "pk": 30,
  "fields": {
    "app_label": "engine",
    "model": "labeledtrackattributeval"
  }
},
{
  "model": "contenttypes.contenttype",
  "pk": 31,
  "fields": {
    "app_label": "engine",
    "model": "trackedshape"
  }
},
{
  "model": "contenttypes.contenttype",
  "pk": 32,
  "fields": {
    "app_label": "engine",
    "model": "trackedshapeattributeval"
  }
},
{
  "model": "contenttypes.contenttype",
  "pk": 33,
  "fields": {
    "app_label": "engine",
    "model": "labeledimage"
  }
},
{
  "model": "contenttypes.contenttype",
  "pk": 34,
  "fields": {
    "app_label": "engine",
    "model": "labeledshape"
  }
},
{
  "model": "contenttypes.contenttype",
  "pk": 35,
  "fields": {
    "app_label": "engine",
    "model": "labeledtrack"
  }
},
{
  "model": "contenttypes.contenttype",
  "pk": 36,
  "fields": {
    "app_label": "engine",
    "model": "jobcommit"
  }
},
{
  "model": "contenttypes.contenttype",
  "pk": 37,
  "fields": {
    "app_label": "engine",
    "model": "project"
  }
},
{
  "model": "contenttypes.contenttype",
  "pk": 38,
  "fields": {
    "app_label": "engine",
    "model": "data"
  }
},
{
  "model": "contenttypes.contenttype",
  "pk": 39,
  "fields": {
    "app_label": "engine",
    "model": "profile"
  }
},
{
  "model": "contenttypes.contenttype",
  "pk": 40,
  "fields": {
    "app_label": "engine",
    "model": "issue"
  }
},
{
  "model": "contenttypes.contenttype",
  "pk": 41,
  "fields": {
    "app_label": "engine",
    "model": "comment"
  }
},
{
  "model": "contenttypes.contenttype",
  "pk": 42,
  "fields": {
    "app_label": "engine",
    "model": "relatedfile"
  }
},
{
  "model": "contenttypes.contenttype",
  "pk": 43,
  "fields": {
    "app_label": "engine",
    "model": "trainingproject"
  }
},
{
  "model": "contenttypes.contenttype",
  "pk": 44,
  "fields": {
    "app_label": "engine",
    "model": "trainingprojectlabel"
  }
},
{
  "model": "contenttypes.contenttype",
  "pk": 45,
  "fields": {
    "app_label": "engine",
    "model": "trainingprojectimage"
  }
},
{
  "model": "contenttypes.contenttype",
  "pk": 46,
  "fields": {
    "app_label": "engine",
    "model": "cloudstorage"
  }
},
{
  "model": "contenttypes.contenttype",
  "pk": 47,
  "fields": {
    "app_label": "engine",
    "model": "manifest"
  }
},
{
  "model": "contenttypes.contenttype",
  "pk": 48,
  "fields": {
    "app_label": "dataset_repo",
    "model": "gitdata"
  }
},
{
  "model": "sessions.session",
  "pk": "5x9v6r58e4l9if78anupog0ittsq2w3j",
  "fields": {
    "session_data": ".eJxVjMEOwiAQRP-FsyEsobL16N1vIAvLStVAUtqT8d9tkx70OPPezFsFWpcS1p7nMLG6KFCn3y5Seua6A35QvTedWl3mKepd0Qft-tY4v66H-3dQqJdt7UU4MedxGKwFh0RoCBFi4niOTsSAHQFA_JaYmI2nTBEdGRRrSX2-CY443A:1nM644:zfo0j_Zkrm04UxrDj8g_nnsXrpWtRzL4oRx3hAdqyqI",
    "expire_date": "2022-03-07T10:37:08.963Z"
  }
},
{
  "model": "sessions.session",
  "pk": "9rh2r15lb3xra3kdqjtll5n4zw7ebw95",
  "fields": {
    "session_data": ".eJxVjDsOwjAQBe_iGln-xJ9Q0ucM1q69xgFkS3FSIe5OIqWA9s3Me7MA21rC1mkJc2JXptjld0OIT6oHSA-o98Zjq-syIz8UftLOp5bodTvdv4MCvey1tOiNIpGNATlq55IZvaABd4Ao1RCzARLWJ5dRA2kJGqxU1kfjPRL7fAHVPjfN:1nKDkD:rZM4YHHS9MckfKB5KrsvNBVMegYSRdlMqL3uDJRE0Cg",
    "expire_date": "2022-03-02T06:24:53.914Z"
  }
},
{
  "model": "sessions.session",
  "pk": "gcz795933839j3g0t3rjgmikzkzlwse3",
  "fields": {
    "session_data": ".eJxVjEEOwiAQRe_C2hCmUCgu3XsGMjCDVA1NSrsy3l1JutDtf-_9lwi4byXsjdcwkzgLEKffLWJ6cO2A7lhvi0xL3dY5yq7IgzZ5XYifl8P9OyjYSq-9niK4b6A1cfYZnCUEBGuzZxW1UsnYFBV7A9PAIxlMzmmj8pDdyOL9AfdKOC0:1nNKyv:kkKNWtjON5Uk-FR_FbwNa3oJ8t5PEd-rZ1y8BsRyays",
    "expire_date": "2022-03-10T20:44:57.190Z"
  }
},
{
  "model": "sessions.session",
  "pk": "ic4rcr36vkoymwaw6p322bjqlryvq2jd",
  "fields": {
    "session_data": ".eJxVjMsOwiAQRf-FtSEDFRhcuu83kBkeUjU0Ke3K-O_apAvd3nPOfYlA21rD1vMSpiQuQonT78YUH7ntIN2p3WYZ57YuE8tdkQftcpxTfl4P9--gUq_fWns0mX22NsLZDlE7INLWAzkyODjFyKwzAnExUQNQUamgRnIOkzLi_QHSyzeb:1mxPj7:Bl2FnM4tKrtDftiy20PMjYuIfpHYUK6FG6IYdZjPS6o",
    "expire_date": "2021-12-29T08:33:29.459Z"
  }
},
{
  "model": "sessions.session",
  "pk": "khn67dfajnzkr0tlusuyyub011gt0aqb",
  "fields": {
    "session_data": ".eJxVjMEOwiAQRP-FsyEsobL16N1vIAvLStVAUtqT8d9tkx70OPPezFsFWpcS1p7nMLG6KFCn3y5Seua6A35QvTedWl3mKepd0Qft-tY4v66H-3dQqJdt7UU4MedxGKwFh0RoCBFi4niOTsSAHQFA_JaYmI2nTBEdGRRrSX2-CY443A:1nM5q9:nf3N_nhzYu-XfEC1O2ICYP2Zt9XXPPVziSLrP5uHSVw",
    "expire_date": "2022-03-07T10:22:45.432Z"
  }
},
{
  "model": "sessions.session",
  "pk": "lqzut02cip3i7xxinmal28z3mo302vey",
  "fields": {
    "session_data": ".eJxVjEEOwiAQRe_C2hCmUCgu3XsGMjCDVA1NSrsy3l1JutDtf-_9lwi4byXsjdcwkzgLEKffLWJ6cO2A7lhvi0xL3dY5yq7IgzZ5XYifl8P9OyjYSq-9niK4b6A1cfYZnCUEBGuzZxW1UsnYFBV7A9PAIxlMzmmj8pDdyOL9AfdKOC0:1nNLbm:bXtVicsOrZtQ_p4Qr9bOTAmHWYJMHD8_GCUbncB6nzQ",
    "expire_date": "2022-03-10T21:25:06.476Z"
  }
},
{
  "model": "sessions.session",
  "pk": "mnb97kue40xo05g2rwwkw6d34sxrnesw",
  "fields": {
    "session_data": ".eJxVjDsOwjAQBe_iGllO8E-U9JzB2l3v4gBypDipEHfHkVJAOzPvvVWCbS1pa7ykKauLGtTplyHQk-su8gPqfdY013WZUO-JPmzTtznz63q0fwcFWunrgELAEtGgEzcCGTp7I4ZCdA5iN9KRFaA8YARvDXoL7GNgO5Jn9fkCIRs5Sw:1mxQKq:6A9lz-3mKMJukzqDk-DXfGIbDNeLeGul_TgZ7A6Xlf8",
    "expire_date": "2021-12-29T09:12:28.010Z"
  }
},
{
  "model": "sessions.session",
  "pk": "ocld274jbc8mzeqeyi5iythycgfynrlp",
  "fields": {
    "session_data": ".eJxVjMEOwiAQRP-FsyFb2gXx6N1vIMsCUjWQlPZk_Hdp0oOeZjJvZt7C0bZmt7W4uDmIi1Di9Jt54mcsOwgPKvcquZZ1mb3cK_KgTd5qiK_r0f07yNRyXxsYgBOkQGQIDRuOydqzniJrQypg0DR5rxE1jKOyI3Q7dGFGUgji8wXu9jdp:1nQQ9G:l5G4f5p4yzZj73AtaYnG-PRXHocNFGQ5Pvm95pLy8Qg",
    "expire_date": "2022-03-19T08:52:22.049Z"
  }
},
{
  "model": "sessions.session",
  "pk": "po0rbd1yhywmc0i2jfam69r419a66aj8",
  "fields": {
    "session_data": ".eJxVjMsOwiAQRf-FtSE8pB1cuvcbCMMMUjWQlHZl_HdD0oVu7znnvkWI-1bC3nkNC4mL0OL0u2FMT64D0CPWe5Op1W1dUA5FHrTLWyN-XQ_376DEXkY9QeKzIpWVn9gYhEhkI3lyYFg7jTMDg7WkAdF5mCFh9mRZZUhOi88X-eU4dg:1mzwj8:CWx3-u6eXmWLpwiFMK5_yWnoPY3yUSf1QCZY-UdJcF8",
    "expire_date": "2022-01-05T08:11:58.507Z"
  }
},
{
  "model": "sessions.session",
  "pk": "qje4thj4oqumlmj2fe27gae72jg4j6u8",
  "fields": {
    "session_data": ".eJxVjDsOwjAQBe_iGll2Ev8o6TmDtetd4wCypTipEHeHSCmgfTPzXiLCtpa4dV7iTOIstBKn3xEhPbjuhO5Qb02mVtdlRrkr8qBdXhvx83K4fwcFevnWjDT6KfmRlSEHTmGyOfigKA8aR9TZgiXO3jKlwRAr61JGA2YKgZ0S7w8qsjkD:1mxDjE:ktIwpvhQwj3_BtA8Avyq5WmmpmIJD88pF_vSxFzeetA",
    "expire_date": "2021-12-28T19:44:48.529Z"
  }
},
{
  "model": "sessions.session",
  "pk": "v28l0efbrv9x06z97ilwcf7lwtuf4ctc",
  "fields": {
    "session_data": ".eJxVjDsOwjAQRO_iGlm22fhDSc8ZrLV3gwPIluKkQtydREoBzRTz3sxbRFyXEtfOc5xIXIRW4vRbJsxPrjuhB9Z7k7nVZZ6S3BV50C5vjfh1Pdy_g4K9bGuLXqMDQqdDTtYN6AHIIoGGMIJlQwxB-VFn3gLPzjil3ABkAIBZfL7_vTer:1nABOV:0UAK9VV6D18QF1-189XQ2T9LrQUSdioGNoHdRUzzt7o",
    "expire_date": "2022-02-02T13:52:59.489Z"
  }
},
{
  "model": "sessions.session",
  "pk": "wf6d6vzf4u74l08o0qgbqehei21hibea",
  "fields": {
    "session_data": ".eJxVjDEOwjAMRe-SGUUkpHZgZO8ZIttxSAG1UtNOiLtDpQ6w_vfef5lE61LT2nROQzYX48zhd2OSh44byHcab5OVaVzmge2m2J02209Zn9fd_Tuo1Oq3DrGwD040Ro_-nJmJgkgsqAAIioCi0KGKMhU4Mgip6wjRF6JyMu8PBAI5Mw:1nIXJc:oovNJRods5cbviWOWush4H3jDdP8XklEignva_EnQ8Q",
    "expire_date": "2022-02-25T14:54:28.092Z"
  }
},
{
  "model": "authtoken.token",
  "pk": "8143e1883fa9ac2a71713636e97b373d67af4ae2",
  "fields": {
    "user": 2,
    "created": "2022-03-05T08:52:22.017Z"
  }
},
{
  "model": "authtoken.token",
  "pk": "a959159194c4b5238d95ef4e07919110fab346b0",
  "fields": {
    "user": 10,
    "created": "2021-12-14T19:44:48.519Z"
  }
},
{
  "model": "sites.site",
  "pk": 1,
  "fields": {
    "domain": "example.com",
    "name": "example.com"
  }
},
{
  "model": "organizations.organization",
  "pk": 1,
  "fields": {
    "slug": "org1",
    "name": "organization #1",
    "description": "",
    "created_date": "2021-12-14T18:45:40.172Z",
    "updated_date": "2021-12-14T18:45:40.172Z",
    "contact": {
      "email": "org1@cvat.org"
    },
    "owner": 2
  }
},
{
  "model": "organizations.organization",
  "pk": 2,
  "fields": {
    "slug": "org2",
    "name": "Organization #2",
    "description": "",
    "created_date": "2021-12-14T19:51:38.667Z",
    "updated_date": "2021-12-14T19:51:38.667Z",
    "contact": {
      "email": "org2@cvat.org"
    },
    "owner": 10
  }
},
{
  "model": "organizations.membership",
  "pk": 1,
  "fields": {
    "user": 2,
    "organization": 1,
    "is_active": true,
    "joined_date": "2021-12-14T18:45:40.172Z",
    "role": "owner"
  }
},
{
  "model": "organizations.membership",
  "pk": 2,
  "fields": {
    "user": 6,
    "organization": 1,
    "is_active": true,
    "joined_date": "2021-12-14T18:47:39.935Z",
    "role": "worker"
  }
},
{
  "model": "organizations.membership",
  "pk": 3,
  "fields": {
    "user": 7,
    "organization": 1,
    "is_active": true,
    "joined_date": "2021-12-14T18:47:49.322Z",
    "role": "worker"
  }
},
{
  "model": "organizations.membership",
  "pk": 4,
  "fields": {
    "user": 10,
    "organization": 1,
    "is_active": true,
    "joined_date": "2021-12-14T18:48:46.579Z",
    "role": "maintainer"
  }
},
{
  "model": "organizations.membership",
  "pk": 5,
  "fields": {
    "user": 10,
    "organization": 2,
    "is_active": true,
    "joined_date": "2021-12-14T19:51:38.667Z",
    "role": "owner"
  }
},
{
  "model": "organizations.membership",
  "pk": 6,
  "fields": {
    "user": 11,
    "organization": 2,
    "is_active": true,
    "joined_date": "2021-12-14T19:54:33.591Z",
    "role": "maintainer"
  }
},
{
  "model": "organizations.membership",
  "pk": 7,
  "fields": {
    "user": 7,
    "organization": 2,
    "is_active": true,
    "joined_date": "2021-12-14T19:54:46.172Z",
    "role": "worker"
  }
},
{
  "model": "organizations.membership",
  "pk": 8,
  "fields": {
    "user": 8,
    "organization": 2,
    "is_active": true,
    "joined_date": "2021-12-14T19:54:56.431Z",
    "role": "worker"
  }
},
{
  "model": "organizations.membership",
  "pk": 9,
  "fields": {
    "user": 3,
    "organization": 2,
    "is_active": true,
    "joined_date": "2021-12-14T19:55:13.745Z",
    "role": "supervisor"
  }
},
{
  "model": "organizations.membership",
  "pk": 10,
  "fields": {
    "user": 4,
    "organization": 2,
    "is_active": true,
    "joined_date": "2022-01-19T13:54:42.005Z",
    "role": "supervisor"
  }
},
{
  "model": "organizations.membership",
  "pk": 11,
  "fields": {
    "user": 5,
    "organization": 2,
    "is_active": true,
    "joined_date": "2022-01-19T13:54:42.015Z",
    "role": "maintainer"
  }
},
{
  "model": "organizations.membership",
  "pk": 12,
  "fields": {
    "user": 19,
    "organization": 2,
    "is_active": true,
    "joined_date": "2022-02-24T21:29:21.978Z",
    "role": "worker"
  }
},
{
  "model": "organizations.invitation",
  "pk": "5FjIXya6fTGvlRpauFvi2QN1wDOqo1V9REB5rJinDR8FZO9gr0qmtWpghsCte8Y1",
  "fields": {
    "created_date": "2022-01-19T13:54:42.005Z",
    "owner": 10,
    "membership": 10
  }
},
{
  "model": "organizations.invitation",
  "pk": "62HplmGPJuzpTXSyzPWiAlREkq8smCjK30GdtYze3q03J9X5ghQe3oMhlAyQ0WBH",
  "fields": {
    "created_date": "2021-12-14T19:54:46.172Z",
    "owner": 10,
    "membership": 7
  }
},
{
  "model": "organizations.invitation",
  "pk": "BrwoDmMNQQ1v9WXOukp9DwQVuqB3RDPjpUECCEq6QcAuG0Pi8k1IYtQ9uz9jg0Bv",
  "fields": {
    "created_date": "2022-01-19T13:54:42.015Z",
    "owner": 10,
    "membership": 11
  }
},
{
  "model": "organizations.invitation",
  "pk": "Fi3WRUhFxTWpMiVpdwNR2CGyhgcIXSCUYgPCugPq72QUOgHz9NSMOGiKS3PfJ7Ql",
  "fields": {
    "created_date": "2022-02-24T21:29:21.978Z",
    "owner": 1,
    "membership": 12
  }
},
{
  "model": "organizations.invitation",
  "pk": "Lzyzgo161I7Fej1vC5RXPdyUgCBfbuxsEEhHYeYOJqvbeJe5clPDnqCm7pKOC9tr",
  "fields": {
    "created_date": "2021-12-14T18:47:39.935Z",
    "owner": 2,
    "membership": 2
  }
},
{
  "model": "organizations.invitation",
  "pk": "Y1I4FFU27WRqq2rWQLtKjDztMqpvqW7gJgg7q73F7oE4H5kukvXugWjiTLHclPDu",
  "fields": {
    "created_date": "2021-12-14T19:54:33.591Z",
    "owner": 10,
    "membership": 6
  }
},
{
  "model": "organizations.invitation",
  "pk": "aViZkw9TaieLoZaswEnkMy8tTet1yYDRof3eKZDtZaHf1BItgCNNM6y6fnjrkrej",
  "fields": {
    "created_date": "2021-12-14T18:47:49.322Z",
    "owner": 2,
    "membership": 3
  }
},
{
  "model": "organizations.invitation",
  "pk": "cbmm587Z05WQUYvesIZUCtbTl7CEL4thv1Au6Nr51psflITn9X6BsvNFXcNEkoYn",
  "fields": {
    "created_date": "2021-12-14T18:48:46.579Z",
    "owner": 2,
    "membership": 4
  }
},
{
  "model": "organizations.invitation",
  "pk": "h43G28di7vfs4Jv5VrKZ26xvGAfm6Yc2FFv14z9EKhiuIEDQ22pEnzmSCab8MnK1",
  "fields": {
    "created_date": "2021-12-14T19:55:13.745Z",
    "owner": 10,
    "membership": 9
  }
},
{
  "model": "organizations.invitation",
  "pk": "mFpVV2Yh39uUdU8IpigSxvuPegqi8sjxFi6P9Jdy6fBE8Ky9Juzi1KjeGDQsizSS",
  "fields": {
    "created_date": "2021-12-14T19:54:56.431Z",
    "owner": 10,
    "membership": 8
  }
},
{
  "model": "engine.data",
  "pk": 2,
  "fields": {
    "chunk_size": 72,
    "size": 23,
    "image_quality": 70,
    "start_frame": 0,
    "stop_frame": 22,
    "frame_filter": "",
    "compressed_chunk_type": "imageset",
    "original_chunk_type": "imageset",
    "storage_method": "cache",
    "storage": "local",
    "cloud_storage": null,
    "sorting_method": "lexicographical"
  }
},
{
  "model": "engine.data",
  "pk": 3,
  "fields": {
    "chunk_size": 72,
    "size": 148,
    "image_quality": 70,
    "start_frame": 0,
    "stop_frame": 147,
    "frame_filter": "",
    "compressed_chunk_type": "imageset",
    "original_chunk_type": "imageset",
    "storage_method": "cache",
    "storage": "local",
    "cloud_storage": null,
    "sorting_method": "random"
  }
},
{
  "model": "engine.data",
  "pk": 4,
  "fields": {
    "chunk_size": 72,
    "size": 58,
    "image_quality": 70,
    "start_frame": 0,
    "stop_frame": 57,
    "frame_filter": "",
    "compressed_chunk_type": "imageset",
    "original_chunk_type": "imageset",
    "storage_method": "cache",
    "storage": "local",
    "cloud_storage": null,
    "sorting_method": "lexicographical"
  }
},
{
  "model": "engine.data",
  "pk": 5,
  "fields": {
    "chunk_size": 72,
    "size": 25,
    "image_quality": 70,
    "start_frame": 0,
    "stop_frame": 24,
    "frame_filter": "",
    "compressed_chunk_type": "imageset",
    "original_chunk_type": "video",
    "storage_method": "cache",
    "storage": "local",
    "cloud_storage": null,
    "sorting_method": "lexicographical"
  }
},
{
  "model": "engine.data",
  "pk": 6,
  "fields": {
    "chunk_size": 72,
    "size": 1,
    "image_quality": 70,
    "start_frame": 0,
    "stop_frame": 0,
    "frame_filter": "",
    "compressed_chunk_type": "imageset",
    "original_chunk_type": "imageset",
    "storage_method": "cache",
    "storage": "local",
    "cloud_storage": null,
    "sorting_method": "lexicographical"
  }
},
{
  "model": "engine.data",
  "pk": 7,
  "fields": {
    "chunk_size": 72,
    "size": 11,
    "image_quality": 70,
    "start_frame": 0,
    "stop_frame": 10,
    "frame_filter": "",
    "compressed_chunk_type": "imageset",
    "original_chunk_type": "imageset",
    "storage_method": "cache",
    "storage": "local",
    "cloud_storage": null,
    "sorting_method": "lexicographical"
  }
},
{
  "model": "engine.data",
  "pk": 8,
  "fields": {
    "chunk_size": 72,
    "size": 14,
    "image_quality": 70,
    "start_frame": 0,
    "stop_frame": 13,
    "frame_filter": "",
    "compressed_chunk_type": "imageset",
    "original_chunk_type": "imageset",
    "storage_method": "cache",
    "storage": "local",
    "cloud_storage": null,
    "sorting_method": "lexicographical"
  }
},
{
  "model": "engine.video",
  "pk": 1,
  "fields": {
    "data": 5,
    "path": "test_video_1.mp4",
    "width": 1280,
    "height": 720
  }
},
{
  "model": "engine.image",
  "pk": 131,
  "fields": {
    "data": 2,
    "path": "118.png",
    "frame": 0,
    "width": 940,
    "height": 805
  }
},
{
  "model": "engine.image",
  "pk": 132,
  "fields": {
    "data": 2,
    "path": "119.png",
    "frame": 1,
    "width": 693,
    "height": 357
  }
},
{
  "model": "engine.image",
  "pk": 133,
  "fields": {
    "data": 2,
    "path": "120.png",
    "frame": 2,
    "width": 254,
    "height": 301
  }
},
{
  "model": "engine.image",
  "pk": 134,
  "fields": {
    "data": 2,
    "path": "121.png",
    "frame": 3,
    "width": 918,
    "height": 334
  }
},
{
  "model": "engine.image",
  "pk": 135,
  "fields": {
    "data": 2,
    "path": "122.png",
    "frame": 4,
    "width": 619,
    "height": 115
  }
},
{
  "model": "engine.image",
  "pk": 136,
  "fields": {
    "data": 2,
    "path": "123.png",
    "frame": 5,
    "width": 599,
    "height": 738
  }
},
{
  "model": "engine.image",
  "pk": 137,
  "fields": {
    "data": 2,
    "path": "124.png",
    "frame": 6,
    "width": 306,
    "height": 355
  }
},
{
  "model": "engine.image",
  "pk": 138,
  "fields": {
    "data": 2,
    "path": "125.png",
    "frame": 7,
    "width": 838,
    "height": 507
  }
},
{
  "model": "engine.image",
  "pk": 139,
  "fields": {
    "data": 2,
    "path": "126.png",
    "frame": 8,
    "width": 885,
    "height": 211
  }
},
{
  "model": "engine.image",
  "pk": 140,
  "fields": {
    "data": 2,
    "path": "127.png",
    "frame": 9,
    "width": 553,
    "height": 522
  }
},
{
  "model": "engine.image",
  "pk": 141,
  "fields": {
    "data": 2,
    "path": "128.png",
    "frame": 10,
    "width": 424,
    "height": 826
  }
},
{
  "model": "engine.image",
  "pk": 142,
  "fields": {
    "data": 2,
    "path": "129.png",
    "frame": 11,
    "width": 264,
    "height": 984
  }
},
{
  "model": "engine.image",
  "pk": 143,
  "fields": {
    "data": 2,
    "path": "130.png",
    "frame": 12,
    "width": 698,
    "height": 387
  }
},
{
  "model": "engine.image",
  "pk": 144,
  "fields": {
    "data": 2,
    "path": "131.png",
    "frame": 13,
    "width": 781,
    "height": 901
  }
},
{
  "model": "engine.image",
  "pk": 145,
  "fields": {
    "data": 2,
    "path": "132.png",
    "frame": 14,
    "width": 144,
    "height": 149
  }
},
{
  "model": "engine.image",
  "pk": 146,
  "fields": {
    "data": 2,
    "path": "133.png",
    "frame": 15,
    "width": 989,
    "height": 131
  }
},
{
  "model": "engine.image",
  "pk": 147,
  "fields": {
    "data": 2,
    "path": "134.png",
    "frame": 16,
    "width": 661,
    "height": 328
  }
},
{
  "model": "engine.image",
  "pk": 148,
  "fields": {
    "data": 2,
    "path": "135.png",
    "frame": 17,
    "width": 333,
    "height": 811
  }
},
{
  "model": "engine.image",
  "pk": 149,
  "fields": {
    "data": 2,
    "path": "136.png",
    "frame": 18,
    "width": 292,
    "height": 497
  }
},
{
  "model": "engine.image",
  "pk": 150,
  "fields": {
    "data": 2,
    "path": "137.png",
    "frame": 19,
    "width": 886,
    "height": 238
  }
},
{
  "model": "engine.image",
  "pk": 151,
  "fields": {
    "data": 2,
    "path": "138.png",
    "frame": 20,
    "width": 759,
    "height": 179
  }
},
{
  "model": "engine.image",
  "pk": 152,
  "fields": {
    "data": 2,
    "path": "139.png",
    "frame": 21,
    "width": 769,
    "height": 746
  }
},
{
  "model": "engine.image",
  "pk": 153,
  "fields": {
    "data": 2,
    "path": "140.png",
    "frame": 22,
    "width": 749,
    "height": 833
  }
},
{
  "model": "engine.image",
  "pk": 154,
  "fields": {
    "data": 3,
    "path": "25.png",
    "frame": 0,
    "width": 509,
    "height": 883
  }
},
{
  "model": "engine.image",
  "pk": 155,
  "fields": {
    "data": 3,
    "path": "107.png",
    "frame": 1,
    "width": 289,
    "height": 695
  }
},
{
  "model": "engine.image",
  "pk": 156,
  "fields": {
    "data": 3,
    "path": "46.png",
    "frame": 2,
    "width": 629,
    "height": 979
  }
},
{
  "model": "engine.image",
  "pk": 157,
  "fields": {
    "data": 3,
    "path": "144.png",
    "frame": 3,
    "width": 658,
    "height": 326
  }
},
{
  "model": "engine.image",
  "pk": 158,
  "fields": {
    "data": 3,
    "path": "116.png",
    "frame": 4,
    "width": 134,
    "height": 313
  }
},
{
  "model": "engine.image",
  "pk": 159,
  "fields": {
    "data": 3,
    "path": "39.png",
    "frame": 5,
    "width": 145,
    "height": 389
  }
},
{
  "model": "engine.image",
  "pk": 160,
  "fields": {
    "data": 3,
    "path": "146.png",
    "frame": 6,
    "width": 777,
    "height": 975
  }
},
{
  "model": "engine.image",
  "pk": 161,
  "fields": {
    "data": 3,
    "path": "56.png",
    "frame": 7,
    "width": 623,
    "height": 160
  }
},
{
  "model": "engine.image",
  "pk": 162,
  "fields": {
    "data": 3,
    "path": "2.png",
    "frame": 8,
    "width": 659,
    "height": 557
  }
},
{
  "model": "engine.image",
  "pk": 163,
  "fields": {
    "data": 3,
    "path": "145.png",
    "frame": 9,
    "width": 176,
    "height": 430
  }
},
{
  "model": "engine.image",
  "pk": 164,
  "fields": {
    "data": 3,
    "path": "47.png",
    "frame": 10,
    "width": 368,
    "height": 368
  }
},
{
  "model": "engine.image",
  "pk": 165,
  "fields": {
    "data": 3,
    "path": "20.png",
    "frame": 11,
    "width": 675,
    "height": 512
  }
},
{
  "model": "engine.image",
  "pk": 166,
  "fields": {
    "data": 3,
    "path": "101.png",
    "frame": 12,
    "width": 323,
    "height": 190
  }
},
{
  "model": "engine.image",
  "pk": 167,
  "fields": {
    "data": 3,
    "path": "63.png",
    "frame": 13,
    "width": 957,
    "height": 684
  }
},
{
  "model": "engine.image",
  "pk": 168,
  "fields": {
    "data": 3,
    "path": "119.png",
    "frame": 14,
    "width": 693,
    "height": 357
  }
},
{
  "model": "engine.image",
  "pk": 169,
  "fields": {
    "data": 3,
    "path": "79.png",
    "frame": 15,
    "width": 357,
    "height": 537
  }
},
{
  "model": "engine.image",
  "pk": 170,
  "fields": {
    "data": 3,
    "path": "69.png",
    "frame": 16,
    "width": 990,
    "height": 876
  }
},
{
  "model": "engine.image",
  "pk": 171,
  "fields": {
    "data": 3,
    "path": "62.png",
    "frame": 17,
    "width": 274,
    "height": 214
  }
},
{
  "model": "engine.image",
  "pk": 172,
  "fields": {
    "data": 3,
    "path": "29.png",
    "frame": 18,
    "width": 841,
    "height": 581
  }
},
{
  "model": "engine.image",
  "pk": 173,
  "fields": {
    "data": 3,
    "path": "132.png",
    "frame": 19,
    "width": 144,
    "height": 149
  }
},
{
  "model": "engine.image",
  "pk": 174,
  "fields": {
    "data": 3,
    "path": "90.png",
    "frame": 20,
    "width": 934,
    "height": 433
  }
},
{
  "model": "engine.image",
  "pk": 175,
  "fields": {
    "data": 3,
    "path": "92.png",
    "frame": 21,
    "width": 327,
    "height": 740
  }
},
{
  "model": "engine.image",
  "pk": 176,
  "fields": {
    "data": 3,
    "path": "77.png",
    "frame": 22,
    "width": 862,
    "height": 238
  }
},
{
  "model": "engine.image",
  "pk": 177,
  "fields": {
    "data": 3,
    "path": "87.png",
    "frame": 23,
    "width": 923,
    "height": 988
  }
},
{
  "model": "engine.image",
  "pk": 178,
  "fields": {
    "data": 3,
    "path": "28.png",
    "frame": 24,
    "width": 519,
    "height": 868
  }
},
{
  "model": "engine.image",
  "pk": 179,
  "fields": {
    "data": 3,
    "path": "123.png",
    "frame": 25,
    "width": 599,
    "height": 738
  }
},
{
  "model": "engine.image",
  "pk": 180,
  "fields": {
    "data": 3,
    "path": "98.png",
    "frame": 26,
    "width": 615,
    "height": 370
  }
},
{
  "model": "engine.image",
  "pk": 181,
  "fields": {
    "data": 3,
    "path": "44.png",
    "frame": 27,
    "width": 835,
    "height": 392
  }
},
{
  "model": "engine.image",
  "pk": 182,
  "fields": {
    "data": 3,
    "path": "30.png",
    "frame": 28,
    "width": 375,
    "height": 740
  }
},
{
  "model": "engine.image",
  "pk": 183,
  "fields": {
    "data": 3,
    "path": "48.png",
    "frame": 29,
    "width": 620,
    "height": 731
  }
},
{
  "model": "engine.image",
  "pk": 184,
  "fields": {
    "data": 3,
    "path": "14.png",
    "frame": 30,
    "width": 598,
    "height": 694
  }
},
{
  "model": "engine.image",
  "pk": 185,
  "fields": {
    "data": 3,
    "path": "4.png",
    "frame": 31,
    "width": 282,
    "height": 290
  }
},
{
  "model": "engine.image",
  "pk": 186,
  "fields": {
    "data": 3,
    "path": "89.png",
    "frame": 32,
    "width": 489,
    "height": 149
  }
},
{
  "model": "engine.image",
  "pk": 187,
  "fields": {
    "data": 3,
    "path": "113.png",
    "frame": 33,
    "width": 145,
    "height": 770
  }
},
{
  "model": "engine.image",
  "pk": 188,
  "fields": {
    "data": 3,
    "path": "105.png",
    "frame": 34,
    "width": 896,
    "height": 761
  }
},
{
  "model": "engine.image",
  "pk": 189,
  "fields": {
    "data": 3,
    "path": "57.png",
    "frame": 35,
    "width": 982,
    "height": 855
  }
},
{
  "model": "engine.image",
  "pk": 190,
  "fields": {
    "data": 3,
    "path": "36.png",
    "frame": 36,
    "width": 162,
    "height": 120
  }
},
{
  "model": "engine.image",
  "pk": 191,
  "fields": {
    "data": 3,
    "path": "53.png",
    "frame": 37,
    "width": 752,
    "height": 887
  }
},
{
  "model": "engine.image",
  "pk": 192,
  "fields": {
    "data": 3,
    "path": "75.png",
    "frame": 38,
    "width": 518,
    "height": 662
  }
},
{
  "model": "engine.image",
  "pk": 193,
  "fields": {
    "data": 3,
    "path": "5.png",
    "frame": 39,
    "width": 972,
    "height": 672
  }
},
{
  "model": "engine.image",
  "pk": 194,
  "fields": {
    "data": 3,
    "path": "108.png",
    "frame": 40,
    "width": 373,
    "height": 888
  }
},
{
  "model": "engine.image",
  "pk": 195,
  "fields": {
    "data": 3,
    "path": "94.png",
    "frame": 41,
    "width": 651,
    "height": 722
  }
},
{
  "model": "engine.image",
  "pk": 196,
  "fields": {
    "data": 3,
    "path": "83.png",
    "frame": 42,
    "width": 580,
    "height": 577
  }
},
{
  "model": "engine.image",
  "pk": 197,
  "fields": {
    "data": 3,
    "path": "120.png",
    "frame": 43,
    "width": 254,
    "height": 301
  }
},
{
  "model": "engine.image",
  "pk": 198,
  "fields": {
    "data": 3,
    "path": "66.png",
    "frame": 44,
    "width": 675,
    "height": 918
  }
},
{
  "model": "engine.image",
  "pk": 199,
  "fields": {
    "data": 3,
    "path": "26.png",
    "frame": 45,
    "width": 692,
    "height": 637
  }
},
{
  "model": "engine.image",
  "pk": 200,
  "fields": {
    "data": 3,
    "path": "97.png",
    "frame": 46,
    "width": 433,
    "height": 647
  }
},
{
  "model": "engine.image",
  "pk": 201,
  "fields": {
    "data": 3,
    "path": "147.png",
    "frame": 47,
    "width": 294,
    "height": 542
  }
},
{
  "model": "engine.image",
  "pk": 202,
  "fields": {
    "data": 3,
    "path": "127.png",
    "frame": 48,
    "width": 553,
    "height": 522
  }
},
{
  "model": "engine.image",
  "pk": 203,
  "fields": {
    "data": 3,
    "path": "102.png",
    "frame": 49,
    "width": 958,
    "height": 550
  }
},
{
  "model": "engine.image",
  "pk": 204,
  "fields": {
    "data": 3,
    "path": "27.png",
    "frame": 50,
    "width": 437,
    "height": 532
  }
},
{
  "model": "engine.image",
  "pk": 205,
  "fields": {
    "data": 3,
    "path": "76.png",
    "frame": 51,
    "width": 800,
    "height": 658
  }
},
{
  "model": "engine.image",
  "pk": 206,
  "fields": {
    "data": 3,
    "path": "129.png",
    "frame": 52,
    "width": 264,
    "height": 984
  }
},
{
  "model": "engine.image",
  "pk": 207,
  "fields": {
    "data": 3,
    "path": "143.png",
    "frame": 53,
    "width": 135,
    "height": 740
  }
},
{
  "model": "engine.image",
  "pk": 208,
  "fields": {
    "data": 3,
    "path": "139.png",
    "frame": 54,
    "width": 769,
    "height": 746
  }
},
{
  "model": "engine.image",
  "pk": 209,
  "fields": {
    "data": 3,
    "path": "12.png",
    "frame": 55,
    "width": 817,
    "height": 202
  }
},
{
  "model": "engine.image",
  "pk": 210,
  "fields": {
    "data": 3,
    "path": "93.png",
    "frame": 56,
    "width": 425,
    "height": 740
  }
},
{
  "model": "engine.image",
  "pk": 211,
  "fields": {
    "data": 3,
    "path": "65.png",
    "frame": 57,
    "width": 311,
    "height": 122
  }
},
{
  "model": "engine.image",
  "pk": 212,
  "fields": {
    "data": 3,
    "path": "114.png",
    "frame": 58,
    "width": 450,
    "height": 615
  }
},
{
  "model": "engine.image",
  "pk": 213,
  "fields": {
    "data": 3,
    "path": "19.png",
    "frame": 59,
    "width": 979,
    "height": 637
  }
},
{
  "model": "engine.image",
  "pk": 214,
  "fields": {
    "data": 3,
    "path": "96.png",
    "frame": 60,
    "width": 815,
    "height": 823
  }
},
{
  "model": "engine.image",
  "pk": 215,
  "fields": {
    "data": 3,
    "path": "6.png",
    "frame": 61,
    "width": 899,
    "height": 397
  }
},
{
  "model": "engine.image",
  "pk": 216,
  "fields": {
    "data": 3,
    "path": "84.png",
    "frame": 62,
    "width": 845,
    "height": 429
  }
},
{
  "model": "engine.image",
  "pk": 217,
  "fields": {
    "data": 3,
    "path": "74.png",
    "frame": 63,
    "width": 728,
    "height": 175
  }
},
{
  "model": "engine.image",
  "pk": 218,
  "fields": {
    "data": 3,
    "path": "10.png",
    "frame": 64,
    "width": 315,
    "height": 367
  }
},
{
  "model": "engine.image",
  "pk": 219,
  "fields": {
    "data": 3,
    "path": "99.png",
    "frame": 65,
    "width": 343,
    "height": 545
  }
},
{
  "model": "engine.image",
  "pk": 220,
  "fields": {
    "data": 3,
    "path": "40.png",
    "frame": 66,
    "width": 413,
    "height": 107
  }
},
{
  "model": "engine.image",
  "pk": 221,
  "fields": {
    "data": 3,
    "path": "104.png",
    "frame": 67,
    "width": 903,
    "height": 754
  }
},
{
  "model": "engine.image",
  "pk": 222,
  "fields": {
    "data": 3,
    "path": "61.png",
    "frame": 68,
    "width": 253,
    "height": 906
  }
},
{
  "model": "engine.image",
  "pk": 223,
  "fields": {
    "data": 3,
    "path": "43.png",
    "frame": 69,
    "width": 775,
    "height": 948
  }
},
{
  "model": "engine.image",
  "pk": 224,
  "fields": {
    "data": 3,
    "path": "110.png",
    "frame": 70,
    "width": 978,
    "height": 809
  }
},
{
  "model": "engine.image",
  "pk": 225,
  "fields": {
    "data": 3,
    "path": "140.png",
    "frame": 71,
    "width": 749,
    "height": 833
  }
},
{
  "model": "engine.image",
  "pk": 226,
  "fields": {
    "data": 3,
    "path": "24.png",
    "frame": 72,
    "width": 242,
    "height": 453
  }
},
{
  "model": "engine.image",
  "pk": 227,
  "fields": {
    "data": 3,
    "path": "122.png",
    "frame": 73,
    "width": 619,
    "height": 115
  }
},
{
  "model": "engine.image",
  "pk": 228,
  "fields": {
    "data": 3,
    "path": "35.png",
    "frame": 74,
    "width": 479,
    "height": 231
  }
},
{
  "model": "engine.image",
  "pk": 229,
  "fields": {
    "data": 3,
    "path": "49.png",
    "frame": 75,
    "width": 100,
    "height": 953
  }
},
{
  "model": "engine.image",
  "pk": 230,
  "fields": {
    "data": 3,
    "path": "38.png",
    "frame": 76,
    "width": 736,
    "height": 205
  }
},
{
  "model": "engine.image",
  "pk": 231,
  "fields": {
    "data": 3,
    "path": "33.png",
    "frame": 77,
    "width": 397,
    "height": 928
  }
},
{
  "model": "engine.image",
  "pk": 232,
  "fields": {
    "data": 3,
    "path": "137.png",
    "frame": 78,
    "width": 886,
    "height": 238
  }
},
{
  "model": "engine.image",
  "pk": 233,
  "fields": {
    "data": 3,
    "path": "109.png",
    "frame": 79,
    "width": 160,
    "height": 519
  }
},
{
  "model": "engine.image",
  "pk": 234,
  "fields": {
    "data": 3,
    "path": "70.png",
    "frame": 80,
    "width": 215,
    "height": 275
  }
},
{
  "model": "engine.image",
  "pk": 235,
  "fields": {
    "data": 3,
    "path": "67.png",
    "frame": 81,
    "width": 145,
    "height": 219
  }
},
{
  "model": "engine.image",
  "pk": 236,
  "fields": {
    "data": 3,
    "path": "86.png",
    "frame": 82,
    "width": 405,
    "height": 464
  }
},
{
  "model": "engine.image",
  "pk": 237,
  "fields": {
    "data": 3,
    "path": "82.png",
    "frame": 83,
    "width": 340,
    "height": 227
  }
},
{
  "model": "engine.image",
  "pk": 238,
  "fields": {
    "data": 3,
    "path": "118.png",
    "frame": 84,
    "width": 940,
    "height": 805
  }
},
{
  "model": "engine.image",
  "pk": 239,
  "fields": {
    "data": 3,
    "path": "21.png",
    "frame": 85,
    "width": 230,
    "height": 294
  }
},
{
  "model": "engine.image",
  "pk": 240,
  "fields": {
    "data": 3,
    "path": "134.png",
    "frame": 86,
    "width": 661,
    "height": 328
  }
},
{
  "model": "engine.image",
  "pk": 241,
  "fields": {
    "data": 3,
    "path": "32.png",
    "frame": 87,
    "width": 532,
    "height": 804
  }
},
{
  "model": "engine.image",
  "pk": 242,
  "fields": {
    "data": 3,
    "path": "72.png",
    "frame": 88,
    "width": 499,
    "height": 828
  }
},
{
  "model": "engine.image",
  "pk": 243,
  "fields": {
    "data": 3,
    "path": "17.png",
    "frame": 89,
    "width": 681,
    "height": 683
  }
},
{
  "model": "engine.image",
  "pk": 244,
  "fields": {
    "data": 3,
    "path": "73.png",
    "frame": 90,
    "width": 391,
    "height": 397
  }
},
{
  "model": "engine.image",
  "pk": 245,
  "fields": {
    "data": 3,
    "path": "64.png",
    "frame": 91,
    "width": 463,
    "height": 243
  }
},
{
  "model": "engine.image",
  "pk": 246,
  "fields": {
    "data": 3,
    "path": "0.png",
    "frame": 92,
    "width": 488,
    "height": 100
  }
},
{
  "model": "engine.image",
  "pk": 247,
  "fields": {
    "data": 3,
    "path": "142.png",
    "frame": 93,
    "width": 925,
    "height": 361
  }
},
{
  "model": "engine.image",
  "pk": 248,
  "fields": {
    "data": 3,
    "path": "135.png",
    "frame": 94,
    "width": 333,
    "height": 811
  }
},
{
  "model": "engine.image",
  "pk": 249,
  "fields": {
    "data": 3,
    "path": "131.png",
    "frame": 95,
    "width": 781,
    "height": 901
  }
},
{
  "model": "engine.image",
  "pk": 250,
  "fields": {
    "data": 3,
    "path": "103.png",
    "frame": 96,
    "width": 224,
    "height": 498
  }
},
{
  "model": "engine.image",
  "pk": 251,
  "fields": {
    "data": 3,
    "path": "91.png",
    "frame": 97,
    "width": 299,
    "height": 523
  }
},
{
  "model": "engine.image",
  "pk": 252,
  "fields": {
    "data": 3,
    "path": "121.png",
    "frame": 98,
    "width": 918,
    "height": 334
  }
},
{
  "model": "engine.image",
  "pk": 253,
  "fields": {
    "data": 3,
    "path": "58.png",
    "frame": 99,
    "width": 104,
    "height": 412
  }
},
{
  "model": "engine.image",
  "pk": 254,
  "fields": {
    "data": 3,
    "path": "128.png",
    "frame": 100,
    "width": 424,
    "height": 826
  }
},
{
  "model": "engine.image",
  "pk": 255,
  "fields": {
    "data": 3,
    "path": "31.png",
    "frame": 101,
    "width": 836,
    "height": 886
  }
},
{
  "model": "engine.image",
  "pk": 256,
  "fields": {
    "data": 3,
    "path": "18.png",
    "frame": 102,
    "width": 928,
    "height": 619
  }
},
{
  "model": "engine.image",
  "pk": 257,
  "fields": {
    "data": 3,
    "path": "34.png",
    "frame": 103,
    "width": 643,
    "height": 626
  }
},
{
  "model": "engine.image",
  "pk": 258,
  "fields": {
    "data": 3,
    "path": "112.png",
    "frame": 104,
    "width": 985,
    "height": 738
  }
},
{
  "model": "engine.image",
  "pk": 259,
  "fields": {
    "data": 3,
    "path": "50.png",
    "frame": 105,
    "width": 543,
    "height": 750
  }
},
{
  "model": "engine.image",
  "pk": 260,
  "fields": {
    "data": 3,
    "path": "55.png",
    "frame": 106,
    "width": 412,
    "height": 335
  }
},
{
  "model": "engine.image",
  "pk": 261,
  "fields": {
    "data": 3,
    "path": "88.png",
    "frame": 107,
    "width": 921,
    "height": 720
  }
},
{
  "model": "engine.image",
  "pk": 262,
  "fields": {
    "data": 3,
    "path": "81.png",
    "frame": 108,
    "width": 429,
    "height": 206
  }
},
{
  "model": "engine.image",
  "pk": 263,
  "fields": {
    "data": 3,
    "path": "60.png",
    "frame": 109,
    "width": 865,
    "height": 359
  }
},
{
  "model": "engine.image",
  "pk": 264,
  "fields": {
    "data": 3,
    "path": "9.png",
    "frame": 110,
    "width": 681,
    "height": 840
  }
},
{
  "model": "engine.image",
  "pk": 265,
  "fields": {
    "data": 3,
    "path": "11.png",
    "frame": 111,
    "width": 399,
    "height": 343
  }
},
{
  "model": "engine.image",
  "pk": 266,
  "fields": {
    "data": 3,
    "path": "100.png",
    "frame": 112,
    "width": 281,
    "height": 177
  }
},
{
  "model": "engine.image",
  "pk": 267,
  "fields": {
    "data": 3,
    "path": "15.png",
    "frame": 113,
    "width": 471,
    "height": 917
  }
},
{
  "model": "engine.image",
  "pk": 268,
  "fields": {
    "data": 3,
    "path": "111.png",
    "frame": 114,
    "width": 926,
    "height": 660
  }
},
{
  "model": "engine.image",
  "pk": 269,
  "fields": {
    "data": 3,
    "path": "78.png",
    "frame": 115,
    "width": 330,
    "height": 260
  }
},
{
  "model": "engine.image",
  "pk": 270,
  "fields": {
    "data": 3,
    "path": "125.png",
    "frame": 116,
    "width": 838,
    "height": 507
  }
},
{
  "model": "engine.image",
  "pk": 271,
  "fields": {
    "data": 3,
    "path": "126.png",
    "frame": 117,
    "width": 885,
    "height": 211
  }
},
{
  "model": "engine.image",
  "pk": 272,
  "fields": {
    "data": 3,
    "path": "13.png",
    "frame": 118,
    "width": 331,
    "height": 449
  }
},
{
  "model": "engine.image",
  "pk": 273,
  "fields": {
    "data": 3,
    "path": "42.png",
    "frame": 119,
    "width": 763,
    "height": 1000
  }
},
{
  "model": "engine.image",
  "pk": 274,
  "fields": {
    "data": 3,
    "path": "138.png",
    "frame": 120,
    "width": 759,
    "height": 179
  }
},
{
  "model": "engine.image",
  "pk": 275,
  "fields": {
    "data": 3,
    "path": "80.png",
    "frame": 121,
    "width": 630,
    "height": 839
  }
},
{
  "model": "engine.image",
  "pk": 276,
  "fields": {
    "data": 3,
    "path": "85.png",
    "frame": 122,
    "width": 413,
    "height": 672
  }
},
{
  "model": "engine.image",
  "pk": 277,
  "fields": {
    "data": 3,
    "path": "1.png",
    "frame": 123,
    "width": 377,
    "height": 492
  }
},
{
  "model": "engine.image",
  "pk": 278,
  "fields": {
    "data": 3,
    "path": "136.png",
    "frame": 124,
    "width": 292,
    "height": 497
  }
},
{
  "model": "engine.image",
  "pk": 279,
  "fields": {
    "data": 3,
    "path": "51.png",
    "frame": 125,
    "width": 519,
    "height": 225
  }
},
{
  "model": "engine.image",
  "pk": 280,
  "fields": {
    "data": 3,
    "path": "8.png",
    "frame": 126,
    "width": 952,
    "height": 672
  }
},
{
  "model": "engine.image",
  "pk": 281,
  "fields": {
    "data": 3,
    "path": "59.png",
    "frame": 127,
    "width": 526,
    "height": 198
  }
},
{
  "model": "engine.image",
  "pk": 282,
  "fields": {
    "data": 3,
    "path": "16.png",
    "frame": 128,
    "width": 876,
    "height": 672
  }
},
{
  "model": "engine.image",
  "pk": 283,
  "fields": {
    "data": 3,
    "path": "45.png",
    "frame": 129,
    "width": 295,
    "height": 509
  }
},
{
  "model": "engine.image",
  "pk": 284,
  "fields": {
    "data": 3,
    "path": "124.png",
    "frame": 130,
    "width": 306,
    "height": 355
  }
},
{
  "model": "engine.image",
  "pk": 285,
  "fields": {
    "data": 3,
    "path": "71.png",
    "frame": 131,
    "width": 142,
    "height": 777
  }
},
{
  "model": "engine.image",
  "pk": 286,
  "fields": {
    "data": 3,
    "path": "117.png",
    "frame": 132,
    "width": 828,
    "height": 461
  }
},
{
  "model": "engine.image",
  "pk": 287,
  "fields": {
    "data": 3,
    "path": "41.png",
    "frame": 133,
    "width": 279,
    "height": 153
  }
},
{
  "model": "engine.image",
  "pk": 288,
  "fields": {
    "data": 3,
    "path": "95.png",
    "frame": 134,
    "width": 996,
    "height": 261
  }
},
{
  "model": "engine.image",
  "pk": 289,
  "fields": {
    "data": 3,
    "path": "115.png",
    "frame": 135,
    "width": 220,
    "height": 795
  }
},
{
  "model": "engine.image",
  "pk": 290,
  "fields": {
    "data": 3,
    "path": "68.png",
    "frame": 136,
    "width": 701,
    "height": 489
  }
},
{
  "model": "engine.image",
  "pk": 291,
  "fields": {
    "data": 3,
    "path": "22.png",
    "frame": 137,
    "width": 976,
    "height": 957
  }
},
{
  "model": "engine.image",
  "pk": 292,
  "fields": {
    "data": 3,
    "path": "133.png",
    "frame": 138,
    "width": 989,
    "height": 131
  }
},
{
  "model": "engine.image",
  "pk": 293,
  "fields": {
    "data": 3,
    "path": "106.png",
    "frame": 139,
    "width": 151,
    "height": 390
  }
},
{
  "model": "engine.image",
  "pk": 294,
  "fields": {
    "data": 3,
    "path": "3.png",
    "frame": 140,
    "width": 388,
    "height": 981
  }
},
{
  "model": "engine.image",
  "pk": 295,
  "fields": {
    "data": 3,
    "path": "52.png",
    "frame": 141,
    "width": 226,
    "height": 986
  }
},
{
  "model": "engine.image",
  "pk": 296,
  "fields": {
    "data": 3,
    "path": "141.png",
    "frame": 142,
    "width": 623,
    "height": 853
  }
},
{
  "model": "engine.image",
  "pk": 297,
  "fields": {
    "data": 3,
    "path": "54.png",
    "frame": 143,
    "width": 722,
    "height": 410
  }
},
{
  "model": "engine.image",
  "pk": 298,
  "fields": {
    "data": 3,
    "path": "130.png",
    "frame": 144,
    "width": 698,
    "height": 387
  }
},
{
  "model": "engine.image",
  "pk": 299,
  "fields": {
    "data": 3,
    "path": "23.png",
    "frame": 145,
    "width": 906,
    "height": 568
  }
},
{
  "model": "engine.image",
  "pk": 300,
  "fields": {
    "data": 3,
    "path": "7.png",
    "frame": 146,
    "width": 541,
    "height": 239
  }
},
{
  "model": "engine.image",
  "pk": 301,
  "fields": {
    "data": 3,
    "path": "37.png",
    "frame": 147,
    "width": 933,
    "height": 433
  }
},
{
  "model": "engine.image",
  "pk": 302,
  "fields": {
    "data": 4,
    "path": "100.png",
    "frame": 0,
    "width": 281,
    "height": 177
  }
},
{
  "model": "engine.image",
  "pk": 303,
  "fields": {
    "data": 4,
    "path": "101.png",
    "frame": 1,
    "width": 323,
    "height": 190
  }
},
{
  "model": "engine.image",
  "pk": 304,
  "fields": {
    "data": 4,
    "path": "102.png",
    "frame": 2,
    "width": 958,
    "height": 550
  }
},
{
  "model": "engine.image",
  "pk": 305,
  "fields": {
    "data": 4,
    "path": "103.png",
    "frame": 3,
    "width": 224,
    "height": 498
  }
},
{
  "model": "engine.image",
  "pk": 306,
  "fields": {
    "data": 4,
    "path": "104.png",
    "frame": 4,
    "width": 903,
    "height": 754
  }
},
{
  "model": "engine.image",
  "pk": 307,
  "fields": {
    "data": 4,
    "path": "105.png",
    "frame": 5,
    "width": 896,
    "height": 761
  }
},
{
  "model": "engine.image",
  "pk": 308,
  "fields": {
    "data": 4,
    "path": "106.png",
    "frame": 6,
    "width": 151,
    "height": 390
  }
},
{
  "model": "engine.image",
  "pk": 309,
  "fields": {
    "data": 4,
    "path": "107.png",
    "frame": 7,
    "width": 289,
    "height": 695
  }
},
{
  "model": "engine.image",
  "pk": 310,
  "fields": {
    "data": 4,
    "path": "108.png",
    "frame": 8,
    "width": 373,
    "height": 888
  }
},
{
  "model": "engine.image",
  "pk": 311,
  "fields": {
    "data": 4,
    "path": "109.png",
    "frame": 9,
    "width": 160,
    "height": 519
  }
},
{
  "model": "engine.image",
  "pk": 312,
  "fields": {
    "data": 4,
    "path": "110.png",
    "frame": 10,
    "width": 978,
    "height": 809
  }
},
{
  "model": "engine.image",
  "pk": 313,
  "fields": {
    "data": 4,
    "path": "111.png",
    "frame": 11,
    "width": 926,
    "height": 660
  }
},
{
  "model": "engine.image",
  "pk": 314,
  "fields": {
    "data": 4,
    "path": "112.png",
    "frame": 12,
    "width": 985,
    "height": 738
  }
},
{
  "model": "engine.image",
  "pk": 315,
  "fields": {
    "data": 4,
    "path": "113.png",
    "frame": 13,
    "width": 145,
    "height": 770
  }
},
{
  "model": "engine.image",
  "pk": 316,
  "fields": {
    "data": 4,
    "path": "114.png",
    "frame": 14,
    "width": 450,
    "height": 615
  }
},
{
  "model": "engine.image",
  "pk": 317,
  "fields": {
    "data": 4,
    "path": "115.png",
    "frame": 15,
    "width": 220,
    "height": 795
  }
},
{
  "model": "engine.image",
  "pk": 318,
  "fields": {
    "data": 4,
    "path": "116.png",
    "frame": 16,
    "width": 134,
    "height": 313
  }
},
{
  "model": "engine.image",
  "pk": 319,
  "fields": {
    "data": 4,
    "path": "117.png",
    "frame": 17,
    "width": 828,
    "height": 461
  }
},
{
  "model": "engine.image",
  "pk": 320,
  "fields": {
    "data": 4,
    "path": "118.png",
    "frame": 18,
    "width": 940,
    "height": 805
  }
},
{
  "model": "engine.image",
  "pk": 321,
  "fields": {
    "data": 4,
    "path": "119.png",
    "frame": 19,
    "width": 693,
    "height": 357
  }
},
{
  "model": "engine.image",
  "pk": 322,
  "fields": {
    "data": 4,
    "path": "120.png",
    "frame": 20,
    "width": 254,
    "height": 301
  }
},
{
  "model": "engine.image",
  "pk": 323,
  "fields": {
    "data": 4,
    "path": "121.png",
    "frame": 21,
    "width": 918,
    "height": 334
  }
},
{
  "model": "engine.image",
  "pk": 324,
  "fields": {
    "data": 4,
    "path": "122.png",
    "frame": 22,
    "width": 619,
    "height": 115
  }
},
{
  "model": "engine.image",
  "pk": 325,
  "fields": {
    "data": 4,
    "path": "123.png",
    "frame": 23,
    "width": 599,
    "height": 738
  }
},
{
  "model": "engine.image",
  "pk": 326,
  "fields": {
    "data": 4,
    "path": "124.png",
    "frame": 24,
    "width": 306,
    "height": 355
  }
},
{
  "model": "engine.image",
  "pk": 327,
  "fields": {
    "data": 4,
    "path": "125.png",
    "frame": 25,
    "width": 838,
    "height": 507
  }
},
{
  "model": "engine.image",
  "pk": 328,
  "fields": {
    "data": 4,
    "path": "126.png",
    "frame": 26,
    "width": 885,
    "height": 211
  }
},
{
  "model": "engine.image",
  "pk": 329,
  "fields": {
    "data": 4,
    "path": "127.png",
    "frame": 27,
    "width": 553,
    "height": 522
  }
},
{
  "model": "engine.image",
  "pk": 330,
  "fields": {
    "data": 4,
    "path": "128.png",
    "frame": 28,
    "width": 424,
    "height": 826
  }
},
{
  "model": "engine.image",
  "pk": 331,
  "fields": {
    "data": 4,
    "path": "129.png",
    "frame": 29,
    "width": 264,
    "height": 984
  }
},
{
  "model": "engine.image",
  "pk": 332,
  "fields": {
    "data": 4,
    "path": "130.png",
    "frame": 30,
    "width": 698,
    "height": 387
  }
},
{
  "model": "engine.image",
  "pk": 333,
  "fields": {
    "data": 4,
    "path": "131.png",
    "frame": 31,
    "width": 781,
    "height": 901
  }
},
{
  "model": "engine.image",
  "pk": 334,
  "fields": {
    "data": 4,
    "path": "132.png",
    "frame": 32,
    "width": 144,
    "height": 149
  }
},
{
  "model": "engine.image",
  "pk": 335,
  "fields": {
    "data": 4,
    "path": "133.png",
    "frame": 33,
    "width": 989,
    "height": 131
  }
},
{
  "model": "engine.image",
  "pk": 336,
  "fields": {
    "data": 4,
    "path": "134.png",
    "frame": 34,
    "width": 661,
    "height": 328
  }
},
{
  "model": "engine.image",
  "pk": 337,
  "fields": {
    "data": 4,
    "path": "135.png",
    "frame": 35,
    "width": 333,
    "height": 811
  }
},
{
  "model": "engine.image",
  "pk": 338,
  "fields": {
    "data": 4,
    "path": "136.png",
    "frame": 36,
    "width": 292,
    "height": 497
  }
},
{
  "model": "engine.image",
  "pk": 339,
  "fields": {
    "data": 4,
    "path": "137.png",
    "frame": 37,
    "width": 886,
    "height": 238
  }
},
{
  "model": "engine.image",
  "pk": 340,
  "fields": {
    "data": 4,
    "path": "138.png",
    "frame": 38,
    "width": 759,
    "height": 179
  }
},
{
  "model": "engine.image",
  "pk": 341,
  "fields": {
    "data": 4,
    "path": "139.png",
    "frame": 39,
    "width": 769,
    "height": 746
  }
},
{
  "model": "engine.image",
  "pk": 342,
  "fields": {
    "data": 4,
    "path": "140.png",
    "frame": 40,
    "width": 749,
    "height": 833
  }
},
{
  "model": "engine.image",
  "pk": 343,
  "fields": {
    "data": 4,
    "path": "141.png",
    "frame": 41,
    "width": 623,
    "height": 853
  }
},
{
  "model": "engine.image",
  "pk": 344,
  "fields": {
    "data": 4,
    "path": "142.png",
    "frame": 42,
    "width": 925,
    "height": 361
  }
},
{
  "model": "engine.image",
  "pk": 345,
  "fields": {
    "data": 4,
    "path": "143.png",
    "frame": 43,
    "width": 135,
    "height": 740
  }
},
{
  "model": "engine.image",
  "pk": 346,
  "fields": {
    "data": 4,
    "path": "144.png",
    "frame": 44,
    "width": 658,
    "height": 326
  }
},
{
  "model": "engine.image",
  "pk": 347,
  "fields": {
    "data": 4,
    "path": "145.png",
    "frame": 45,
    "width": 176,
    "height": 430
  }
},
{
  "model": "engine.image",
  "pk": 348,
  "fields": {
    "data": 4,
    "path": "146.png",
    "frame": 46,
    "width": 777,
    "height": 975
  }
},
{
  "model": "engine.image",
  "pk": 349,
  "fields": {
    "data": 4,
    "path": "147.png",
    "frame": 47,
    "width": 294,
    "height": 542
  }
},
{
  "model": "engine.image",
  "pk": 350,
  "fields": {
    "data": 4,
    "path": "90.png",
    "frame": 48,
    "width": 934,
    "height": 433
  }
},
{
  "model": "engine.image",
  "pk": 351,
  "fields": {
    "data": 4,
    "path": "91.png",
    "frame": 49,
    "width": 299,
    "height": 523
  }
},
{
  "model": "engine.image",
  "pk": 352,
  "fields": {
    "data": 4,
    "path": "92.png",
    "frame": 50,
    "width": 327,
    "height": 740
  }
},
{
  "model": "engine.image",
  "pk": 353,
  "fields": {
    "data": 4,
    "path": "93.png",
    "frame": 51,
    "width": 425,
    "height": 740
  }
},
{
  "model": "engine.image",
  "pk": 354,
  "fields": {
    "data": 4,
    "path": "94.png",
    "frame": 52,
    "width": 651,
    "height": 722
  }
},
{
  "model": "engine.image",
  "pk": 355,
  "fields": {
    "data": 4,
    "path": "95.png",
    "frame": 53,
    "width": 996,
    "height": 261
  }
},
{
  "model": "engine.image",
  "pk": 356,
  "fields": {
    "data": 4,
    "path": "96.png",
    "frame": 54,
    "width": 815,
    "height": 823
  }
},
{
  "model": "engine.image",
  "pk": 357,
  "fields": {
    "data": 4,
    "path": "97.png",
    "frame": 55,
    "width": 433,
    "height": 647
  }
},
{
  "model": "engine.image",
  "pk": 358,
  "fields": {
    "data": 4,
    "path": "98.png",
    "frame": 56,
    "width": 615,
    "height": 370
  }
},
{
  "model": "engine.image",
  "pk": 359,
  "fields": {
    "data": 4,
    "path": "99.png",
    "frame": 57,
    "width": 343,
    "height": 545
  }
},
{
  "model": "engine.image",
  "pk": 360,
  "fields": {
    "data": 6,
    "path": "test_pointcloud_pcd/pointcloud/000001.pcd",
    "frame": 0,
    "width": 100,
    "height": 1
  }
},
{
  "model": "engine.image",
  "pk": 361,
  "fields": {
    "data": 7,
    "path": "0.png",
    "frame": 0,
    "width": 827,
    "height": 983
  }
},
{
  "model": "engine.image",
  "pk": 362,
  "fields": {
    "data": 7,
    "path": "1.png",
    "frame": 1,
    "width": 467,
    "height": 547
  }
},
{
  "model": "engine.image",
  "pk": 363,
  "fields": {
    "data": 7,
    "path": "10.png",
    "frame": 2,
    "width": 598,
    "height": 202
  }
},
{
  "model": "engine.image",
  "pk": 364,
  "fields": {
    "data": 7,
    "path": "2.png",
    "frame": 3,
    "width": 449,
    "height": 276
  }
},
{
  "model": "engine.image",
  "pk": 365,
  "fields": {
    "data": 7,
    "path": "3.png",
    "frame": 4,
    "width": 170,
    "height": 999
  }
},
{
  "model": "engine.image",
  "pk": 366,
  "fields": {
    "data": 7,
    "path": "4.png",
    "frame": 5,
    "width": 473,
    "height": 471
  }
},
{
  "model": "engine.image",
  "pk": 367,
  "fields": {
    "data": 7,
    "path": "5.png",
    "frame": 6,
    "width": 607,
    "height": 745
  }
},
{
  "model": "engine.image",
  "pk": 368,
  "fields": {
    "data": 7,
    "path": "6.png",
    "frame": 7,
    "width": 853,
    "height": 578
  }
},
{
  "model": "engine.image",
  "pk": 369,
  "fields": {
    "data": 7,
    "path": "7.png",
    "frame": 8,
    "width": 823,
    "height": 270
  }
},
{
  "model": "engine.image",
  "pk": 370,
  "fields": {
    "data": 7,
    "path": "8.png",
    "frame": 9,
    "width": 545,
    "height": 179
  }
},
{
  "model": "engine.image",
  "pk": 371,
  "fields": {
    "data": 7,
    "path": "9.png",
    "frame": 10,
    "width": 827,
    "height": 932
  }
},
{
  "model": "engine.image",
  "pk": 372,
  "fields": {
    "data": 8,
    "path": "0.png",
    "frame": 0,
    "width": 836,
    "height": 636
  }
},
{
  "model": "engine.image",
  "pk": 373,
  "fields": {
    "data": 8,
    "path": "1.png",
    "frame": 1,
    "width": 396,
    "height": 350
  }
},
{
  "model": "engine.image",
  "pk": 374,
  "fields": {
    "data": 8,
    "path": "10.png",
    "frame": 2,
    "width": 177,
    "height": 862
  }
},
{
  "model": "engine.image",
  "pk": 375,
  "fields": {
    "data": 8,
    "path": "11.png",
    "frame": 3,
    "width": 318,
    "height": 925
  }
},
{
  "model": "engine.image",
  "pk": 376,
  "fields": {
    "data": 8,
    "path": "12.png",
    "frame": 4,
    "width": 734,
    "height": 832
  }
},
{
  "model": "engine.image",
  "pk": 377,
  "fields": {
    "data": 8,
    "path": "13.png",
    "frame": 5,
    "width": 925,
    "height": 934
  }
},
{
  "model": "engine.image",
  "pk": 378,
  "fields": {
    "data": 8,
    "path": "14.png",
    "frame": 6,
    "width": 851,
    "height": 270
  }
},
{
  "model": "engine.image",
  "pk": 379,
  "fields": {
    "data": 8,
    "path": "2.png",
    "frame": 7,
    "width": 776,
    "height": 610
  }
},
{
  "model": "engine.image",
  "pk": 380,
  "fields": {
    "data": 8,
    "path": "3.png",
    "frame": 8,
    "width": 293,
    "height": 265
  }
},
{
  "model": "engine.image",
  "pk": 381,
  "fields": {
    "data": 8,
    "path": "4.png",
    "frame": 9,
    "width": 333,
    "height": 805
  }
},
{
  "model": "engine.image",
  "pk": 382,
  "fields": {
    "data": 8,
    "path": "6.png",
    "frame": 10,
    "width": 403,
    "height": 478
  }
},
{
  "model": "engine.image",
  "pk": 383,
  "fields": {
    "data": 8,
    "path": "7.png",
    "frame": 11,
    "width": 585,
    "height": 721
  }
},
{
  "model": "engine.image",
  "pk": 384,
  "fields": {
    "data": 8,
    "path": "8.png",
    "frame": 12,
    "width": 639,
    "height": 570
  }
},
{
  "model": "engine.image",
  "pk": 385,
  "fields": {
    "data": 8,
    "path": "9.png",
    "frame": 13,
    "width": 894,
    "height": 278
  }
},
{
  "model": "engine.project",
  "pk": 1,
  "fields": {
    "name": "project1",
    "owner": 10,
    "assignee": 20,
    "bug_tracker": "",
    "created_date": "2021-12-14T19:46:37.969Z",
    "updated_date": "2022-02-24T21:33:48.037Z",
    "status": "annotation",
    "organization": null
  }
},
{
  "model": "engine.project",
  "pk": 2,
  "fields": {
    "name": "project2",
    "owner": 10,
    "assignee": 3,
    "bug_tracker": "",
    "created_date": "2021-12-14T19:52:37.278Z",
    "updated_date": "2022-02-24T21:32:36.197Z",
    "status": "annotation",
    "organization": 2
  }
},
{
  "model": "engine.task",
  "pk": 2,
  "fields": {
    "project": null,
    "name": "task2",
    "mode": "annotation",
    "owner": 2,
    "assignee": null,
    "bug_tracker": "",
    "created_date": "2021-12-14T18:50:29.458Z",
    "updated_date": "2021-12-22T07:14:15.234Z",
    "overlap": 0,
    "segment_size": 23,
    "status": "annotation",
    "data": 2,
    "dimension": "2d",
    "subset": "",
    "organization": 1
  }
},
{
  "model": "engine.task",
  "pk": 3,
  "fields": {
    "project": 1,
    "name": "task1_in_project1",
    "mode": "annotation",
    "owner": 10,
    "assignee": 19,
    "bug_tracker": "",
    "created_date": "2021-12-14T19:48:33.089Z",
    "updated_date": "2022-02-24T21:25:10.697Z",
    "overlap": 0,
    "segment_size": 50,
    "status": "annotation",
    "data": 3,
    "dimension": "2d",
    "subset": "Train",
    "organization": null
  }
},
{
  "model": "engine.task",
  "pk": 4,
  "fields": {
    "project": 2,
    "name": "task1_in_project2",
    "mode": "annotation",
    "owner": 10,
    "assignee": 19,
    "bug_tracker": "",
    "created_date": "2021-12-14T19:55:57.475Z",
    "updated_date": "2022-02-24T21:32:36.190Z",
    "overlap": 0,
    "segment_size": 58,
    "status": "annotation",
    "data": 4,
    "dimension": "2d",
    "subset": "train",
    "organization": 2
  }
},
{
  "model": "engine.task",
  "pk": 5,
  "fields": {
    "project": null,
    "name": "task2",
    "mode": "interpolation",
    "owner": 2,
    "assignee": null,
    "bug_tracker": "",
    "created_date": "2022-02-16T06:25:48.168Z",
    "updated_date": "2022-02-21T10:40:21.257Z",
    "overlap": 5,
    "segment_size": 25,
    "status": "annotation",
    "data": 5,
    "dimension": "2d",
    "subset": "",
    "organization": null
  }
},
{
  "model": "engine.task",
  "pk": 6,
  "fields": {
    "project": null,
    "name": "task3",
    "mode": "annotation",
    "owner": 2,
    "assignee": null,
    "bug_tracker": "",
    "created_date": "2022-02-16T06:26:54.631Z",
    "updated_date": "2022-02-16T06:26:54.836Z",
    "overlap": 0,
    "segment_size": 1,
    "status": "annotation",
    "data": 6,
    "dimension": "3d",
    "subset": "",
    "organization": null
  }
},
{
  "model": "engine.task",
  "pk": 7,
  "fields": {
    "project": null,
    "name": "task_2_org2",
    "mode": "annotation",
    "owner": 11,
    "assignee": 7,
    "bug_tracker": "",
    "created_date": "2022-02-21T10:31:52.429Z",
    "updated_date": "2022-02-21T10:41:38.540Z",
    "overlap": 0,
    "segment_size": 11,
    "status": "annotation",
    "data": 7,
    "dimension": "2d",
    "subset": "",
    "organization": 2
  }
},
{
  "model": "engine.task",
  "pk": 8,
  "fields": {
    "project": null,
    "name": "task1",
    "mode": "annotation",
    "owner": 2,
    "assignee": null,
    "bug_tracker": "",
    "created_date": "2022-03-05T08:30:48.612Z",
    "updated_date": "2022-03-05T08:52:34.908Z",
    "overlap": 0,
    "segment_size": 14,
    "status": "annotation",
    "data": 8,
    "dimension": "2d",
    "subset": "",
    "organization": null
  }
},
{
  "model": "engine.clientfile",
  "pk": 131,
  "fields": {
    "data": 2,
    "file": "/home/django/data/data/2/raw/120.png"
  }
},
{
  "model": "engine.clientfile",
  "pk": 132,
  "fields": {
    "data": 2,
    "file": "/home/django/data/data/2/raw/127.png"
  }
},
{
  "model": "engine.clientfile",
  "pk": 133,
  "fields": {
    "data": 2,
    "file": "/home/django/data/data/2/raw/124.png"
  }
},
{
  "model": "engine.clientfile",
  "pk": 134,
  "fields": {
    "data": 2,
    "file": "/home/django/data/data/2/raw/133.png"
  }
},
{
  "model": "engine.clientfile",
  "pk": 135,
  "fields": {
    "data": 2,
    "file": "/home/django/data/data/2/raw/131.png"
  }
},
{
  "model": "engine.clientfile",
  "pk": 136,
  "fields": {
    "data": 2,
    "file": "/home/django/data/data/2/raw/125.png"
  }
},
{
  "model": "engine.clientfile",
  "pk": 137,
  "fields": {
    "data": 2,
    "file": "/home/django/data/data/2/raw/121.png"
  }
},
{
  "model": "engine.clientfile",
  "pk": 138,
  "fields": {
    "data": 2,
    "file": "/home/django/data/data/2/raw/122.png"
  }
},
{
  "model": "engine.clientfile",
  "pk": 139,
  "fields": {
    "data": 2,
    "file": "/home/django/data/data/2/raw/126.png"
  }
},
{
  "model": "engine.clientfile",
  "pk": 140,
  "fields": {
    "data": 2,
    "file": "/home/django/data/data/2/raw/130.png"
  }
},
{
  "model": "engine.clientfile",
  "pk": 141,
  "fields": {
    "data": 2,
    "file": "/home/django/data/data/2/raw/123.png"
  }
},
{
  "model": "engine.clientfile",
  "pk": 142,
  "fields": {
    "data": 2,
    "file": "/home/django/data/data/2/raw/132.png"
  }
},
{
  "model": "engine.clientfile",
  "pk": 143,
  "fields": {
    "data": 2,
    "file": "/home/django/data/data/2/raw/119.png"
  }
},
{
  "model": "engine.clientfile",
  "pk": 144,
  "fields": {
    "data": 2,
    "file": "/home/django/data/data/2/raw/137.png"
  }
},
{
  "model": "engine.clientfile",
  "pk": 145,
  "fields": {
    "data": 2,
    "file": "/home/django/data/data/2/raw/129.png"
  }
},
{
  "model": "engine.clientfile",
  "pk": 146,
  "fields": {
    "data": 2,
    "file": "/home/django/data/data/2/raw/118.png"
  }
},
{
  "model": "engine.clientfile",
  "pk": 147,
  "fields": {
    "data": 2,
    "file": "/home/django/data/data/2/raw/135.png"
  }
},
{
  "model": "engine.clientfile",
  "pk": 148,
  "fields": {
    "data": 2,
    "file": "/home/django/data/data/2/raw/140.png"
  }
},
{
  "model": "engine.clientfile",
  "pk": 149,
  "fields": {
    "data": 2,
    "file": "/home/django/data/data/2/raw/139.png"
  }
},
{
  "model": "engine.clientfile",
  "pk": 150,
  "fields": {
    "data": 2,
    "file": "/home/django/data/data/2/raw/136.png"
  }
},
{
  "model": "engine.clientfile",
  "pk": 151,
  "fields": {
    "data": 2,
    "file": "/home/django/data/data/2/raw/128.png"
  }
},
{
  "model": "engine.clientfile",
  "pk": 152,
  "fields": {
    "data": 2,
    "file": "/home/django/data/data/2/raw/138.png"
  }
},
{
  "model": "engine.clientfile",
  "pk": 153,
  "fields": {
    "data": 2,
    "file": "/home/django/data/data/2/raw/134.png"
  }
},
{
  "model": "engine.clientfile",
  "pk": 154,
  "fields": {
    "data": 3,
    "file": "/home/django/data/data/3/raw/59.png"
  }
},
{
  "model": "engine.clientfile",
  "pk": 155,
  "fields": {
    "data": 3,
    "file": "/home/django/data/data/3/raw/65.png"
  }
},
{
  "model": "engine.clientfile",
  "pk": 156,
  "fields": {
    "data": 3,
    "file": "/home/django/data/data/3/raw/90.png"
  }
},
{
  "model": "engine.clientfile",
  "pk": 157,
  "fields": {
    "data": 3,
    "file": "/home/django/data/data/3/raw/69.png"
  }
},
{
  "model": "engine.clientfile",
  "pk": 158,
  "fields": {
    "data": 3,
    "file": "/home/django/data/data/3/raw/19.png"
  }
},
{
  "model": "engine.clientfile",
  "pk": 159,
  "fields": {
    "data": 3,
    "file": "/home/django/data/data/3/raw/91.png"
  }
},
{
  "model": "engine.clientfile",
  "pk": 160,
  "fields": {
    "data": 3,
    "file": "/home/django/data/data/3/raw/120.png"
  }
},
{
  "model": "engine.clientfile",
  "pk": 161,
  "fields": {
    "data": 3,
    "file": "/home/django/data/data/3/raw/30.png"
  }
},
{
  "model": "engine.clientfile",
  "pk": 162,
  "fields": {
    "data": 3,
    "file": "/home/django/data/data/3/raw/127.png"
  }
},
{
  "model": "engine.clientfile",
  "pk": 163,
  "fields": {
    "data": 3,
    "file": "/home/django/data/data/3/raw/142.png"
  }
},
{
  "model": "engine.clientfile",
  "pk": 164,
  "fields": {
    "data": 3,
    "file": "/home/django/data/data/3/raw/115.png"
  }
},
{
  "model": "engine.clientfile",
  "pk": 165,
  "fields": {
    "data": 3,
    "file": "/home/django/data/data/3/raw/73.png"
  }
},
{
  "model": "engine.clientfile",
  "pk": 166,
  "fields": {
    "data": 3,
    "file": "/home/django/data/data/3/raw/71.png"
  }
},
{
  "model": "engine.clientfile",
  "pk": 167,
  "fields": {
    "data": 3,
    "file": "/home/django/data/data/3/raw/72.png"
  }
},
{
  "model": "engine.clientfile",
  "pk": 168,
  "fields": {
    "data": 3,
    "file": "/home/django/data/data/3/raw/3.png"
  }
},
{
  "model": "engine.clientfile",
  "pk": 169,
  "fields": {
    "data": 3,
    "file": "/home/django/data/data/3/raw/20.png"
  }
},
{
  "model": "engine.clientfile",
  "pk": 170,
  "fields": {
    "data": 3,
    "file": "/home/django/data/data/3/raw/66.png"
  }
},
{
  "model": "engine.clientfile",
  "pk": 171,
  "fields": {
    "data": 3,
    "file": "/home/django/data/data/3/raw/145.png"
  }
},
{
  "model": "engine.clientfile",
  "pk": 172,
  "fields": {
    "data": 3,
    "file": "/home/django/data/data/3/raw/68.png"
  }
},
{
  "model": "engine.clientfile",
  "pk": 173,
  "fields": {
    "data": 3,
    "file": "/home/django/data/data/3/raw/80.png"
  }
},
{
  "model": "engine.clientfile",
  "pk": 174,
  "fields": {
    "data": 3,
    "file": "/home/django/data/data/3/raw/76.png"
  }
},
{
  "model": "engine.clientfile",
  "pk": 175,
  "fields": {
    "data": 3,
    "file": "/home/django/data/data/3/raw/84.png"
  }
},
{
  "model": "engine.clientfile",
  "pk": 176,
  "fields": {
    "data": 3,
    "file": "/home/django/data/data/3/raw/101.png"
  }
},
{
  "model": "engine.clientfile",
  "pk": 177,
  "fields": {
    "data": 3,
    "file": "/home/django/data/data/3/raw/112.png"
  }
},
{
  "model": "engine.clientfile",
  "pk": 178,
  "fields": {
    "data": 3,
    "file": "/home/django/data/data/3/raw/95.png"
  }
},
{
  "model": "engine.clientfile",
  "pk": 179,
  "fields": {
    "data": 3,
    "file": "/home/django/data/data/3/raw/124.png"
  }
},
{
  "model": "engine.clientfile",
  "pk": 180,
  "fields": {
    "data": 3,
    "file": "/home/django/data/data/3/raw/133.png"
  }
},
{
  "model": "engine.clientfile",
  "pk": 181,
  "fields": {
    "data": 3,
    "file": "/home/django/data/data/3/raw/22.png"
  }
},
{
  "model": "engine.clientfile",
  "pk": 182,
  "fields": {
    "data": 3,
    "file": "/home/django/data/data/3/raw/97.png"
  }
},
{
  "model": "engine.clientfile",
  "pk": 183,
  "fields": {
    "data": 3,
    "file": "/home/django/data/data/3/raw/131.png"
  }
},
{
  "model": "engine.clientfile",
  "pk": 184,
  "fields": {
    "data": 3,
    "file": "/home/django/data/data/3/raw/50.png"
  }
},
{
  "model": "engine.clientfile",
  "pk": 185,
  "fields": {
    "data": 3,
    "file": "/home/django/data/data/3/raw/48.png"
  }
},
{
  "model": "engine.clientfile",
  "pk": 186,
  "fields": {
    "data": 3,
    "file": "/home/django/data/data/3/raw/28.png"
  }
},
{
  "model": "engine.clientfile",
  "pk": 187,
  "fields": {
    "data": 3,
    "file": "/home/django/data/data/3/raw/29.png"
  }
},
{
  "model": "engine.clientfile",
  "pk": 188,
  "fields": {
    "data": 3,
    "file": "/home/django/data/data/3/raw/93.png"
  }
},
{
  "model": "engine.clientfile",
  "pk": 189,
  "fields": {
    "data": 3,
    "file": "/home/django/data/data/3/raw/79.png"
  }
},
{
  "model": "engine.clientfile",
  "pk": 190,
  "fields": {
    "data": 3,
    "file": "/home/django/data/data/3/raw/77.png"
  }
},
{
  "model": "engine.clientfile",
  "pk": 191,
  "fields": {
    "data": 3,
    "file": "/home/django/data/data/3/raw/144.png"
  }
},
{
  "model": "engine.clientfile",
  "pk": 192,
  "fields": {
    "data": 3,
    "file": "/home/django/data/data/3/raw/107.png"
  }
},
{
  "model": "engine.clientfile",
  "pk": 193,
  "fields": {
    "data": 3,
    "file": "/home/django/data/data/3/raw/125.png"
  }
},
{
  "model": "engine.clientfile",
  "pk": 194,
  "fields": {
    "data": 3,
    "file": "/home/django/data/data/3/raw/62.png"
  }
},
{
  "model": "engine.clientfile",
  "pk": 195,
  "fields": {
    "data": 3,
    "file": "/home/django/data/data/3/raw/78.png"
  }
},
{
  "model": "engine.clientfile",
  "pk": 196,
  "fields": {
    "data": 3,
    "file": "/home/django/data/data/3/raw/111.png"
  }
},
{
  "model": "engine.clientfile",
  "pk": 197,
  "fields": {
    "data": 3,
    "file": "/home/django/data/data/3/raw/64.png"
  }
},
{
  "model": "engine.clientfile",
  "pk": 198,
  "fields": {
    "data": 3,
    "file": "/home/django/data/data/3/raw/55.png"
  }
},
{
  "model": "engine.clientfile",
  "pk": 199,
  "fields": {
    "data": 3,
    "file": "/home/django/data/data/3/raw/63.png"
  }
},
{
  "model": "engine.clientfile",
  "pk": 200,
  "fields": {
    "data": 3,
    "file": "/home/django/data/data/3/raw/85.png"
  }
},
{
  "model": "engine.clientfile",
  "pk": 201,
  "fields": {
    "data": 3,
    "file": "/home/django/data/data/3/raw/121.png"
  }
},
{
  "model": "engine.clientfile",
  "pk": 202,
  "fields": {
    "data": 3,
    "file": "/home/django/data/data/3/raw/94.png"
  }
},
{
  "model": "engine.clientfile",
  "pk": 203,
  "fields": {
    "data": 3,
    "file": "/home/django/data/data/3/raw/57.png"
  }
},
{
  "model": "engine.clientfile",
  "pk": 204,
  "fields": {
    "data": 3,
    "file": "/home/django/data/data/3/raw/141.png"
  }
},
{
  "model": "engine.clientfile",
  "pk": 205,
  "fields": {
    "data": 3,
    "file": "/home/django/data/data/3/raw/122.png"
  }
},
{
  "model": "engine.clientfile",
  "pk": 206,
  "fields": {
    "data": 3,
    "file": "/home/django/data/data/3/raw/88.png"
  }
},
{
  "model": "engine.clientfile",
  "pk": 207,
  "fields": {
    "data": 3,
    "file": "/home/django/data/data/3/raw/147.png"
  }
},
{
  "model": "engine.clientfile",
  "pk": 208,
  "fields": {
    "data": 3,
    "file": "/home/django/data/data/3/raw/38.png"
  }
},
{
  "model": "engine.clientfile",
  "pk": 209,
  "fields": {
    "data": 3,
    "file": "/home/django/data/data/3/raw/14.png"
  }
},
{
  "model": "engine.clientfile",
  "pk": 210,
  "fields": {
    "data": 3,
    "file": "/home/django/data/data/3/raw/16.png"
  }
},
{
  "model": "engine.clientfile",
  "pk": 211,
  "fields": {
    "data": 3,
    "file": "/home/django/data/data/3/raw/109.png"
  }
},
{
  "model": "engine.clientfile",
  "pk": 212,
  "fields": {
    "data": 3,
    "file": "/home/django/data/data/3/raw/11.png"
  }
},
{
  "model": "engine.clientfile",
  "pk": 213,
  "fields": {
    "data": 3,
    "file": "/home/django/data/data/3/raw/106.png"
  }
},
{
  "model": "engine.clientfile",
  "pk": 214,
  "fields": {
    "data": 3,
    "file": "/home/django/data/data/3/raw/12.png"
  }
},
{
  "model": "engine.clientfile",
  "pk": 215,
  "fields": {
    "data": 3,
    "file": "/home/django/data/data/3/raw/26.png"
  }
},
{
  "model": "engine.clientfile",
  "pk": 216,
  "fields": {
    "data": 3,
    "file": "/home/django/data/data/3/raw/98.png"
  }
},
{
  "model": "engine.clientfile",
  "pk": 217,
  "fields": {
    "data": 3,
    "file": "/home/django/data/data/3/raw/34.png"
  }
},
{
  "model": "engine.clientfile",
  "pk": 218,
  "fields": {
    "data": 3,
    "file": "/home/django/data/data/3/raw/126.png"
  }
},
{
  "model": "engine.clientfile",
  "pk": 219,
  "fields": {
    "data": 3,
    "file": "/home/django/data/data/3/raw/105.png"
  }
},
{
  "model": "engine.clientfile",
  "pk": 220,
  "fields": {
    "data": 3,
    "file": "/home/django/data/data/3/raw/143.png"
  }
},
{
  "model": "engine.clientfile",
  "pk": 221,
  "fields": {
    "data": 3,
    "file": "/home/django/data/data/3/raw/104.png"
  }
},
{
  "model": "engine.clientfile",
  "pk": 222,
  "fields": {
    "data": 3,
    "file": "/home/django/data/data/3/raw/89.png"
  }
},
{
  "model": "engine.clientfile",
  "pk": 223,
  "fields": {
    "data": 3,
    "file": "/home/django/data/data/3/raw/130.png"
  }
},
{
  "model": "engine.clientfile",
  "pk": 224,
  "fields": {
    "data": 3,
    "file": "/home/django/data/data/3/raw/123.png"
  }
},
{
  "model": "engine.clientfile",
  "pk": 225,
  "fields": {
    "data": 3,
    "file": "/home/django/data/data/3/raw/43.png"
  }
},
{
  "model": "engine.clientfile",
  "pk": 226,
  "fields": {
    "data": 3,
    "file": "/home/django/data/data/3/raw/40.png"
  }
},
{
  "model": "engine.clientfile",
  "pk": 227,
  "fields": {
    "data": 3,
    "file": "/home/django/data/data/3/raw/74.png"
  }
},
{
  "model": "engine.clientfile",
  "pk": 228,
  "fields": {
    "data": 3,
    "file": "/home/django/data/data/3/raw/117.png"
  }
},
{
  "model": "engine.clientfile",
  "pk": 229,
  "fields": {
    "data": 3,
    "file": "/home/django/data/data/3/raw/10.png"
  }
},
{
  "model": "engine.clientfile",
  "pk": 230,
  "fields": {
    "data": 3,
    "file": "/home/django/data/data/3/raw/132.png"
  }
},
{
  "model": "engine.clientfile",
  "pk": 231,
  "fields": {
    "data": 3,
    "file": "/home/django/data/data/3/raw/116.png"
  }
},
{
  "model": "engine.clientfile",
  "pk": 232,
  "fields": {
    "data": 3,
    "file": "/home/django/data/data/3/raw/52.png"
  }
},
{
  "model": "engine.clientfile",
  "pk": 233,
  "fields": {
    "data": 3,
    "file": "/home/django/data/data/3/raw/113.png"
  }
},
{
  "model": "engine.clientfile",
  "pk": 234,
  "fields": {
    "data": 3,
    "file": "/home/django/data/data/3/raw/58.png"
  }
},
{
  "model": "engine.clientfile",
  "pk": 235,
  "fields": {
    "data": 3,
    "file": "/home/django/data/data/3/raw/99.png"
  }
},
{
  "model": "engine.clientfile",
  "pk": 236,
  "fields": {
    "data": 3,
    "file": "/home/django/data/data/3/raw/119.png"
  }
},
{
  "model": "engine.clientfile",
  "pk": 237,
  "fields": {
    "data": 3,
    "file": "/home/django/data/data/3/raw/18.png"
  }
},
{
  "model": "engine.clientfile",
  "pk": 238,
  "fields": {
    "data": 3,
    "file": "/home/django/data/data/3/raw/137.png"
  }
},
{
  "model": "engine.clientfile",
  "pk": 239,
  "fields": {
    "data": 3,
    "file": "/home/django/data/data/3/raw/44.png"
  }
},
{
  "model": "engine.clientfile",
  "pk": 240,
  "fields": {
    "data": 3,
    "file": "/home/django/data/data/3/raw/23.png"
  }
},
{
  "model": "engine.clientfile",
  "pk": 241,
  "fields": {
    "data": 3,
    "file": "/home/django/data/data/3/raw/39.png"
  }
},
{
  "model": "engine.clientfile",
  "pk": 242,
  "fields": {
    "data": 3,
    "file": "/home/django/data/data/3/raw/31.png"
  }
},
{
  "model": "engine.clientfile",
  "pk": 243,
  "fields": {
    "data": 3,
    "file": "/home/django/data/data/3/raw/83.png"
  }
},
{
  "model": "engine.clientfile",
  "pk": 244,
  "fields": {
    "data": 3,
    "file": "/home/django/data/data/3/raw/67.png"
  }
},
{
  "model": "engine.clientfile",
  "pk": 245,
  "fields": {
    "data": 3,
    "file": "/home/django/data/data/3/raw/46.png"
  }
},
{
  "model": "engine.clientfile",
  "pk": 246,
  "fields": {
    "data": 3,
    "file": "/home/django/data/data/3/raw/49.png"
  }
},
{
  "model": "engine.clientfile",
  "pk": 247,
  "fields": {
    "data": 3,
    "file": "/home/django/data/data/3/raw/108.png"
  }
},
{
  "model": "engine.clientfile",
  "pk": 248,
  "fields": {
    "data": 3,
    "file": "/home/django/data/data/3/raw/0.png"
  }
},
{
  "model": "engine.clientfile",
  "pk": 249,
  "fields": {
    "data": 3,
    "file": "/home/django/data/data/3/raw/110.png"
  }
},
{
  "model": "engine.clientfile",
  "pk": 250,
  "fields": {
    "data": 3,
    "file": "/home/django/data/data/3/raw/21.png"
  }
},
{
  "model": "engine.clientfile",
  "pk": 251,
  "fields": {
    "data": 3,
    "file": "/home/django/data/data/3/raw/129.png"
  }
},
{
  "model": "engine.clientfile",
  "pk": 252,
  "fields": {
    "data": 3,
    "file": "/home/django/data/data/3/raw/81.png"
  }
},
{
  "model": "engine.clientfile",
  "pk": 253,
  "fields": {
    "data": 3,
    "file": "/home/django/data/data/3/raw/13.png"
  }
},
{
  "model": "engine.clientfile",
  "pk": 254,
  "fields": {
    "data": 3,
    "file": "/home/django/data/data/3/raw/41.png"
  }
},
{
  "model": "engine.clientfile",
  "pk": 255,
  "fields": {
    "data": 3,
    "file": "/home/django/data/data/3/raw/96.png"
  }
},
{
  "model": "engine.clientfile",
  "pk": 256,
  "fields": {
    "data": 3,
    "file": "/home/django/data/data/3/raw/1.png"
  }
},
{
  "model": "engine.clientfile",
  "pk": 257,
  "fields": {
    "data": 3,
    "file": "/home/django/data/data/3/raw/118.png"
  }
},
{
  "model": "engine.clientfile",
  "pk": 258,
  "fields": {
    "data": 3,
    "file": "/home/django/data/data/3/raw/135.png"
  }
},
{
  "model": "engine.clientfile",
  "pk": 259,
  "fields": {
    "data": 3,
    "file": "/home/django/data/data/3/raw/87.png"
  }
},
{
  "model": "engine.clientfile",
  "pk": 260,
  "fields": {
    "data": 3,
    "file": "/home/django/data/data/3/raw/102.png"
  }
},
{
  "model": "engine.clientfile",
  "pk": 261,
  "fields": {
    "data": 3,
    "file": "/home/django/data/data/3/raw/32.png"
  }
},
{
  "model": "engine.clientfile",
  "pk": 262,
  "fields": {
    "data": 3,
    "file": "/home/django/data/data/3/raw/47.png"
  }
},
{
  "model": "engine.clientfile",
  "pk": 263,
  "fields": {
    "data": 3,
    "file": "/home/django/data/data/3/raw/51.png"
  }
},
{
  "model": "engine.clientfile",
  "pk": 264,
  "fields": {
    "data": 3,
    "file": "/home/django/data/data/3/raw/140.png"
  }
},
{
  "model": "engine.clientfile",
  "pk": 265,
  "fields": {
    "data": 3,
    "file": "/home/django/data/data/3/raw/15.png"
  }
},
{
  "model": "engine.clientfile",
  "pk": 266,
  "fields": {
    "data": 3,
    "file": "/home/django/data/data/3/raw/45.png"
  }
},
{
  "model": "engine.clientfile",
  "pk": 267,
  "fields": {
    "data": 3,
    "file": "/home/django/data/data/3/raw/100.png"
  }
},
{
  "model": "engine.clientfile",
  "pk": 268,
  "fields": {
    "data": 3,
    "file": "/home/django/data/data/3/raw/33.png"
  }
},
{
  "model": "engine.clientfile",
  "pk": 269,
  "fields": {
    "data": 3,
    "file": "/home/django/data/data/3/raw/35.png"
  }
},
{
  "model": "engine.clientfile",
  "pk": 270,
  "fields": {
    "data": 3,
    "file": "/home/django/data/data/3/raw/139.png"
  }
},
{
  "model": "engine.clientfile",
  "pk": 271,
  "fields": {
    "data": 3,
    "file": "/home/django/data/data/3/raw/61.png"
  }
},
{
  "model": "engine.clientfile",
  "pk": 272,
  "fields": {
    "data": 3,
    "file": "/home/django/data/data/3/raw/82.png"
  }
},
{
  "model": "engine.clientfile",
  "pk": 273,
  "fields": {
    "data": 3,
    "file": "/home/django/data/data/3/raw/27.png"
  }
},
{
  "model": "engine.clientfile",
  "pk": 274,
  "fields": {
    "data": 3,
    "file": "/home/django/data/data/3/raw/136.png"
  }
},
{
  "model": "engine.clientfile",
  "pk": 275,
  "fields": {
    "data": 3,
    "file": "/home/django/data/data/3/raw/24.png"
  }
},
{
  "model": "engine.clientfile",
  "pk": 276,
  "fields": {
    "data": 3,
    "file": "/home/django/data/data/3/raw/9.png"
  }
},
{
  "model": "engine.clientfile",
  "pk": 277,
  "fields": {
    "data": 3,
    "file": "/home/django/data/data/3/raw/56.png"
  }
},
{
  "model": "engine.clientfile",
  "pk": 278,
  "fields": {
    "data": 3,
    "file": "/home/django/data/data/3/raw/36.png"
  }
},
{
  "model": "engine.clientfile",
  "pk": 279,
  "fields": {
    "data": 3,
    "file": "/home/django/data/data/3/raw/86.png"
  }
},
{
  "model": "engine.clientfile",
  "pk": 280,
  "fields": {
    "data": 3,
    "file": "/home/django/data/data/3/raw/70.png"
  }
},
{
  "model": "engine.clientfile",
  "pk": 281,
  "fields": {
    "data": 3,
    "file": "/home/django/data/data/3/raw/53.png"
  }
},
{
  "model": "engine.clientfile",
  "pk": 282,
  "fields": {
    "data": 3,
    "file": "/home/django/data/data/3/raw/92.png"
  }
},
{
  "model": "engine.clientfile",
  "pk": 283,
  "fields": {
    "data": 3,
    "file": "/home/django/data/data/3/raw/25.png"
  }
},
{
  "model": "engine.clientfile",
  "pk": 284,
  "fields": {
    "data": 3,
    "file": "/home/django/data/data/3/raw/6.png"
  }
},
{
  "model": "engine.clientfile",
  "pk": 285,
  "fields": {
    "data": 3,
    "file": "/home/django/data/data/3/raw/54.png"
  }
},
{
  "model": "engine.clientfile",
  "pk": 286,
  "fields": {
    "data": 3,
    "file": "/home/django/data/data/3/raw/103.png"
  }
},
{
  "model": "engine.clientfile",
  "pk": 287,
  "fields": {
    "data": 3,
    "file": "/home/django/data/data/3/raw/128.png"
  }
},
{
  "model": "engine.clientfile",
  "pk": 288,
  "fields": {
    "data": 3,
    "file": "/home/django/data/data/3/raw/146.png"
  }
},
{
  "model": "engine.clientfile",
  "pk": 289,
  "fields": {
    "data": 3,
    "file": "/home/django/data/data/3/raw/42.png"
  }
},
{
  "model": "engine.clientfile",
  "pk": 290,
  "fields": {
    "data": 3,
    "file": "/home/django/data/data/3/raw/138.png"
  }
},
{
  "model": "engine.clientfile",
  "pk": 291,
  "fields": {
    "data": 3,
    "file": "/home/django/data/data/3/raw/114.png"
  }
},
{
  "model": "engine.clientfile",
  "pk": 292,
  "fields": {
    "data": 3,
    "file": "/home/django/data/data/3/raw/5.png"
  }
},
{
  "model": "engine.clientfile",
  "pk": 293,
  "fields": {
    "data": 3,
    "file": "/home/django/data/data/3/raw/60.png"
  }
},
{
  "model": "engine.clientfile",
  "pk": 294,
  "fields": {
    "data": 3,
    "file": "/home/django/data/data/3/raw/75.png"
  }
},
{
  "model": "engine.clientfile",
  "pk": 295,
  "fields": {
    "data": 3,
    "file": "/home/django/data/data/3/raw/2.png"
  }
},
{
  "model": "engine.clientfile",
  "pk": 296,
  "fields": {
    "data": 3,
    "file": "/home/django/data/data/3/raw/8.png"
  }
},
{
  "model": "engine.clientfile",
  "pk": 297,
  "fields": {
    "data": 3,
    "file": "/home/django/data/data/3/raw/37.png"
  }
},
{
  "model": "engine.clientfile",
  "pk": 298,
  "fields": {
    "data": 3,
    "file": "/home/django/data/data/3/raw/7.png"
  }
},
{
  "model": "engine.clientfile",
  "pk": 299,
  "fields": {
    "data": 3,
    "file": "/home/django/data/data/3/raw/4.png"
  }
},
{
  "model": "engine.clientfile",
  "pk": 300,
  "fields": {
    "data": 3,
    "file": "/home/django/data/data/3/raw/17.png"
  }
},
{
  "model": "engine.clientfile",
  "pk": 301,
  "fields": {
    "data": 3,
    "file": "/home/django/data/data/3/raw/134.png"
  }
},
{
  "model": "engine.clientfile",
  "pk": 302,
  "fields": {
    "data": 4,
    "file": "/home/django/data/data/4/raw/90.png"
  }
},
{
  "model": "engine.clientfile",
  "pk": 303,
  "fields": {
    "data": 4,
    "file": "/home/django/data/data/4/raw/91.png"
  }
},
{
  "model": "engine.clientfile",
  "pk": 304,
  "fields": {
    "data": 4,
    "file": "/home/django/data/data/4/raw/120.png"
  }
},
{
  "model": "engine.clientfile",
  "pk": 305,
  "fields": {
    "data": 4,
    "file": "/home/django/data/data/4/raw/127.png"
  }
},
{
  "model": "engine.clientfile",
  "pk": 306,
  "fields": {
    "data": 4,
    "file": "/home/django/data/data/4/raw/142.png"
  }
},
{
  "model": "engine.clientfile",
  "pk": 307,
  "fields": {
    "data": 4,
    "file": "/home/django/data/data/4/raw/115.png"
  }
},
{
  "model": "engine.clientfile",
  "pk": 308,
  "fields": {
    "data": 4,
    "file": "/home/django/data/data/4/raw/145.png"
  }
},
{
  "model": "engine.clientfile",
  "pk": 309,
  "fields": {
    "data": 4,
    "file": "/home/django/data/data/4/raw/101.png"
  }
},
{
  "model": "engine.clientfile",
  "pk": 310,
  "fields": {
    "data": 4,
    "file": "/home/django/data/data/4/raw/112.png"
  }
},
{
  "model": "engine.clientfile",
  "pk": 311,
  "fields": {
    "data": 4,
    "file": "/home/django/data/data/4/raw/95.png"
  }
},
{
  "model": "engine.clientfile",
  "pk": 312,
  "fields": {
    "data": 4,
    "file": "/home/django/data/data/4/raw/124.png"
  }
},
{
  "model": "engine.clientfile",
  "pk": 313,
  "fields": {
    "data": 4,
    "file": "/home/django/data/data/4/raw/133.png"
  }
},
{
  "model": "engine.clientfile",
  "pk": 314,
  "fields": {
    "data": 4,
    "file": "/home/django/data/data/4/raw/97.png"
  }
},
{
  "model": "engine.clientfile",
  "pk": 315,
  "fields": {
    "data": 4,
    "file": "/home/django/data/data/4/raw/131.png"
  }
},
{
  "model": "engine.clientfile",
  "pk": 316,
  "fields": {
    "data": 4,
    "file": "/home/django/data/data/4/raw/93.png"
  }
},
{
  "model": "engine.clientfile",
  "pk": 317,
  "fields": {
    "data": 4,
    "file": "/home/django/data/data/4/raw/144.png"
  }
},
{
  "model": "engine.clientfile",
  "pk": 318,
  "fields": {
    "data": 4,
    "file": "/home/django/data/data/4/raw/107.png"
  }
},
{
  "model": "engine.clientfile",
  "pk": 319,
  "fields": {
    "data": 4,
    "file": "/home/django/data/data/4/raw/125.png"
  }
},
{
  "model": "engine.clientfile",
  "pk": 320,
  "fields": {
    "data": 4,
    "file": "/home/django/data/data/4/raw/111.png"
  }
},
{
  "model": "engine.clientfile",
  "pk": 321,
  "fields": {
    "data": 4,
    "file": "/home/django/data/data/4/raw/121.png"
  }
},
{
  "model": "engine.clientfile",
  "pk": 322,
  "fields": {
    "data": 4,
    "file": "/home/django/data/data/4/raw/94.png"
  }
},
{
  "model": "engine.clientfile",
  "pk": 323,
  "fields": {
    "data": 4,
    "file": "/home/django/data/data/4/raw/141.png"
  }
},
{
  "model": "engine.clientfile",
  "pk": 324,
  "fields": {
    "data": 4,
    "file": "/home/django/data/data/4/raw/122.png"
  }
},
{
  "model": "engine.clientfile",
  "pk": 325,
  "fields": {
    "data": 4,
    "file": "/home/django/data/data/4/raw/147.png"
  }
},
{
  "model": "engine.clientfile",
  "pk": 326,
  "fields": {
    "data": 4,
    "file": "/home/django/data/data/4/raw/109.png"
  }
},
{
  "model": "engine.clientfile",
  "pk": 327,
  "fields": {
    "data": 4,
    "file": "/home/django/data/data/4/raw/106.png"
  }
},
{
  "model": "engine.clientfile",
  "pk": 328,
  "fields": {
    "data": 4,
    "file": "/home/django/data/data/4/raw/98.png"
  }
},
{
  "model": "engine.clientfile",
  "pk": 329,
  "fields": {
    "data": 4,
    "file": "/home/django/data/data/4/raw/126.png"
  }
},
{
  "model": "engine.clientfile",
  "pk": 330,
  "fields": {
    "data": 4,
    "file": "/home/django/data/data/4/raw/105.png"
  }
},
{
  "model": "engine.clientfile",
  "pk": 331,
  "fields": {
    "data": 4,
    "file": "/home/django/data/data/4/raw/143.png"
  }
},
{
  "model": "engine.clientfile",
  "pk": 332,
  "fields": {
    "data": 4,
    "file": "/home/django/data/data/4/raw/104.png"
  }
},
{
  "model": "engine.clientfile",
  "pk": 333,
  "fields": {
    "data": 4,
    "file": "/home/django/data/data/4/raw/130.png"
  }
},
{
  "model": "engine.clientfile",
  "pk": 334,
  "fields": {
    "data": 4,
    "file": "/home/django/data/data/4/raw/123.png"
  }
},
{
  "model": "engine.clientfile",
  "pk": 335,
  "fields": {
    "data": 4,
    "file": "/home/django/data/data/4/raw/117.png"
  }
},
{
  "model": "engine.clientfile",
  "pk": 336,
  "fields": {
    "data": 4,
    "file": "/home/django/data/data/4/raw/132.png"
  }
},
{
  "model": "engine.clientfile",
  "pk": 337,
  "fields": {
    "data": 4,
    "file": "/home/django/data/data/4/raw/116.png"
  }
},
{
  "model": "engine.clientfile",
  "pk": 338,
  "fields": {
    "data": 4,
    "file": "/home/django/data/data/4/raw/113.png"
  }
},
{
  "model": "engine.clientfile",
  "pk": 339,
  "fields": {
    "data": 4,
    "file": "/home/django/data/data/4/raw/99.png"
  }
},
{
  "model": "engine.clientfile",
  "pk": 340,
  "fields": {
    "data": 4,
    "file": "/home/django/data/data/4/raw/119.png"
  }
},
{
  "model": "engine.clientfile",
  "pk": 341,
  "fields": {
    "data": 4,
    "file": "/home/django/data/data/4/raw/137.png"
  }
},
{
  "model": "engine.clientfile",
  "pk": 342,
  "fields": {
    "data": 4,
    "file": "/home/django/data/data/4/raw/108.png"
  }
},
{
  "model": "engine.clientfile",
  "pk": 343,
  "fields": {
    "data": 4,
    "file": "/home/django/data/data/4/raw/110.png"
  }
},
{
  "model": "engine.clientfile",
  "pk": 344,
  "fields": {
    "data": 4,
    "file": "/home/django/data/data/4/raw/129.png"
  }
},
{
  "model": "engine.clientfile",
  "pk": 345,
  "fields": {
    "data": 4,
    "file": "/home/django/data/data/4/raw/96.png"
  }
},
{
  "model": "engine.clientfile",
  "pk": 346,
  "fields": {
    "data": 4,
    "file": "/home/django/data/data/4/raw/118.png"
  }
},
{
  "model": "engine.clientfile",
  "pk": 347,
  "fields": {
    "data": 4,
    "file": "/home/django/data/data/4/raw/135.png"
  }
},
{
  "model": "engine.clientfile",
  "pk": 348,
  "fields": {
    "data": 4,
    "file": "/home/django/data/data/4/raw/102.png"
  }
},
{
  "model": "engine.clientfile",
  "pk": 349,
  "fields": {
    "data": 4,
    "file": "/home/django/data/data/4/raw/140.png"
  }
},
{
  "model": "engine.clientfile",
  "pk": 350,
  "fields": {
    "data": 4,
    "file": "/home/django/data/data/4/raw/100.png"
  }
},
{
  "model": "engine.clientfile",
  "pk": 351,
  "fields": {
    "data": 4,
    "file": "/home/django/data/data/4/raw/139.png"
  }
},
{
  "model": "engine.clientfile",
  "pk": 352,
  "fields": {
    "data": 4,
    "file": "/home/django/data/data/4/raw/136.png"
  }
},
{
  "model": "engine.clientfile",
  "pk": 353,
  "fields": {
    "data": 4,
    "file": "/home/django/data/data/4/raw/92.png"
  }
},
{
  "model": "engine.clientfile",
  "pk": 354,
  "fields": {
    "data": 4,
    "file": "/home/django/data/data/4/raw/103.png"
  }
},
{
  "model": "engine.clientfile",
  "pk": 355,
  "fields": {
    "data": 4,
    "file": "/home/django/data/data/4/raw/128.png"
  }
},
{
  "model": "engine.clientfile",
  "pk": 356,
  "fields": {
    "data": 4,
    "file": "/home/django/data/data/4/raw/146.png"
  }
},
{
  "model": "engine.clientfile",
  "pk": 357,
  "fields": {
    "data": 4,
    "file": "/home/django/data/data/4/raw/138.png"
  }
},
{
  "model": "engine.clientfile",
  "pk": 358,
  "fields": {
    "data": 4,
    "file": "/home/django/data/data/4/raw/114.png"
  }
},
{
  "model": "engine.clientfile",
  "pk": 359,
  "fields": {
    "data": 4,
    "file": "/home/django/data/data/4/raw/134.png"
  }
},
{
  "model": "engine.clientfile",
  "pk": 360,
  "fields": {
    "data": 5,
    "file": "/home/django/data/data/5/raw/test_video_1.mp4"
  }
},
{
  "model": "engine.clientfile",
  "pk": 361,
  "fields": {
    "data": 6,
    "file": "/home/django/data/data/6/raw/test_pointcloud_pcd.zip"
  }
},
{
  "model": "engine.clientfile",
  "pk": 362,
  "fields": {
    "data": 7,
    "file": "/home/django/data/data/7/raw/10.png"
  }
},
{
  "model": "engine.clientfile",
  "pk": 363,
  "fields": {
    "data": 7,
    "file": "/home/django/data/data/7/raw/3.png"
  }
},
{
  "model": "engine.clientfile",
  "pk": 364,
  "fields": {
    "data": 7,
    "file": "/home/django/data/data/7/raw/9.png"
  }
},
{
  "model": "engine.clientfile",
  "pk": 365,
  "fields": {
    "data": 7,
    "file": "/home/django/data/data/7/raw/6.png"
  }
},
{
  "model": "engine.clientfile",
  "pk": 366,
  "fields": {
    "data": 7,
    "file": "/home/django/data/data/7/raw/0.png"
  }
},
{
  "model": "engine.clientfile",
  "pk": 367,
  "fields": {
    "data": 7,
    "file": "/home/django/data/data/7/raw/8.png"
  }
},
{
  "model": "engine.clientfile",
  "pk": 368,
  "fields": {
    "data": 7,
    "file": "/home/django/data/data/7/raw/2.png"
  }
},
{
  "model": "engine.clientfile",
  "pk": 369,
  "fields": {
    "data": 7,
    "file": "/home/django/data/data/7/raw/7.png"
  }
},
{
  "model": "engine.clientfile",
  "pk": 370,
  "fields": {
    "data": 7,
    "file": "/home/django/data/data/7/raw/5.png"
  }
},
{
  "model": "engine.clientfile",
  "pk": 371,
  "fields": {
    "data": 7,
    "file": "/home/django/data/data/7/raw/1.png"
  }
},
{
  "model": "engine.clientfile",
  "pk": 372,
  "fields": {
    "data": 7,
    "file": "/home/django/data/data/7/raw/4.png"
  }
},
{
  "model": "engine.clientfile",
  "pk": 373,
  "fields": {
    "data": 8,
    "file": "/home/django/data/data/8/raw/10.png"
  }
},
{
  "model": "engine.clientfile",
  "pk": 374,
  "fields": {
    "data": 8,
    "file": "/home/django/data/data/8/raw/3.png"
  }
},
{
  "model": "engine.clientfile",
  "pk": 375,
  "fields": {
    "data": 8,
    "file": "/home/django/data/data/8/raw/9.png"
  }
},
{
  "model": "engine.clientfile",
  "pk": 376,
  "fields": {
    "data": 8,
    "file": "/home/django/data/data/8/raw/6.png"
  }
},
{
  "model": "engine.clientfile",
  "pk": 377,
  "fields": {
    "data": 8,
    "file": "/home/django/data/data/8/raw/13.png"
  }
},
{
  "model": "engine.clientfile",
  "pk": 378,
  "fields": {
    "data": 8,
    "file": "/home/django/data/data/8/raw/0.png"
  }
},
{
  "model": "engine.clientfile",
  "pk": 379,
  "fields": {
    "data": 8,
    "file": "/home/django/data/data/8/raw/12.png"
  }
},
{
  "model": "engine.clientfile",
  "pk": 380,
  "fields": {
    "data": 8,
    "file": "/home/django/data/data/8/raw/8.png"
  }
},
{
  "model": "engine.clientfile",
  "pk": 381,
  "fields": {
    "data": 8,
    "file": "/home/django/data/data/8/raw/2.png"
  }
},
{
  "model": "engine.clientfile",
  "pk": 382,
  "fields": {
    "data": 8,
    "file": "/home/django/data/data/8/raw/7.png"
  }
},
{
  "model": "engine.clientfile",
  "pk": 383,
  "fields": {
    "data": 8,
    "file": "/home/django/data/data/8/raw/1.png"
  }
},
{
  "model": "engine.clientfile",
  "pk": 384,
  "fields": {
    "data": 8,
    "file": "/home/django/data/data/8/raw/4.png"
  }
},
{
  "model": "engine.clientfile",
  "pk": 385,
  "fields": {
    "data": 8,
    "file": "/home/django/data/data/8/raw/11.png"
  }
},
{
  "model": "engine.clientfile",
  "pk": 386,
  "fields": {
    "data": 8,
    "file": "/home/django/data/data/8/raw/14.png"
  }
},
{
  "model": "engine.relatedfile",
  "pk": 1,
  "fields": {
    "data": 6,
    "path": "/home/django/data/data/6/raw/test_pointcloud_pcd/related_images/000001_pcd/000001.png",
    "primary_image": 360
  }
},
{
  "model": "engine.segment",
  "pk": 2,
  "fields": {
    "task": 2,
    "start_frame": 0,
    "stop_frame": 22
  }
},
{
  "model": "engine.segment",
  "pk": 3,
  "fields": {
    "task": 3,
    "start_frame": 0,
    "stop_frame": 49
  }
},
{
  "model": "engine.segment",
  "pk": 4,
  "fields": {
    "task": 3,
    "start_frame": 50,
    "stop_frame": 99
  }
},
{
  "model": "engine.segment",
  "pk": 5,
  "fields": {
    "task": 3,
    "start_frame": 100,
    "stop_frame": 147
  }
},
{
  "model": "engine.segment",
  "pk": 6,
  "fields": {
    "task": 4,
    "start_frame": 0,
    "stop_frame": 57
  }
},
{
  "model": "engine.segment",
  "pk": 7,
  "fields": {
    "task": 5,
    "start_frame": 0,
    "stop_frame": 24
  }
},
{
  "model": "engine.segment",
  "pk": 8,
  "fields": {
    "task": 6,
    "start_frame": 0,
    "stop_frame": 0
  }
},
{
  "model": "engine.segment",
  "pk": 9,
  "fields": {
    "task": 7,
    "start_frame": 0,
    "stop_frame": 10
  }
},
{
  "model": "engine.segment",
  "pk": 10,
  "fields": {
    "task": 8,
    "start_frame": 0,
    "stop_frame": 13
  }
},
{
  "model": "engine.job",
  "pk": 2,
  "fields": {
    "segment": 2,
    "assignee": 6,
    "status": "annotation",
    "stage": "annotation",
    "state": "new"
  }
},
{
  "model": "engine.job",
  "pk": 3,
  "fields": {
    "segment": 3,
    "assignee": null,
    "status": "annotation",
    "stage": "annotation",
    "state": "in progress"
  }
},
{
  "model": "engine.job",
  "pk": 4,
  "fields": {
    "segment": 4,
    "assignee": null,
    "status": "validation",
    "stage": "validation",
    "state": "new"
  }
},
{
  "model": "engine.job",
  "pk": 5,
  "fields": {
    "segment": 5,
    "assignee": null,
    "status": "validation",
    "stage": "acceptance",
    "state": "new"
  }
},
{
  "model": "engine.job",
  "pk": 6,
  "fields": {
    "segment": 6,
    "assignee": 7,
    "status": "annotation",
    "stage": "annotation",
    "state": "new"
  }
},
{
  "model": "engine.job",
  "pk": 7,
  "fields": {
    "segment": 7,
    "assignee": 9,
    "status": "annotation",
    "stage": "annotation",
    "state": "in progress"
  }
},
{
  "model": "engine.job",
  "pk": 8,
  "fields": {
    "segment": 8,
    "assignee": null,
    "status": "annotation",
    "stage": "annotation",
    "state": "new"
  }
},
{
  "model": "engine.job",
  "pk": 9,
  "fields": {
    "segment": 9,
    "assignee": null,
    "status": "annotation",
    "stage": "annotation",
    "state": "in progress"
  }
},
{
  "model": "engine.job",
  "pk": 10,
  "fields": {
    "segment": 10,
    "assignee": 1,
    "status": "annotation",
    "stage": "annotation",
    "state": "in progress"
  }
},
{
  "model": "engine.label",
  "pk": 3,
  "fields": {
    "task": 2,
    "project": null,
    "name": "car",
    "color": "#2080c0"
  }
},
{
  "model": "engine.label",
  "pk": 4,
  "fields": {
    "task": 2,
    "project": null,
    "name": "person",
    "color": "#c06060"
  }
},
{
  "model": "engine.label",
  "pk": 5,
  "fields": {
    "task": null,
    "project": 1,
    "name": "car",
    "color": "#2080c0"
  }
},
{
  "model": "engine.label",
  "pk": 6,
  "fields": {
    "task": null,
    "project": 1,
    "name": "person",
    "color": "#c06060"
  }
},
{
  "model": "engine.label",
  "pk": 7,
  "fields": {
    "task": null,
    "project": 2,
    "name": "cat",
    "color": "#6080c0"
  }
},
{
  "model": "engine.label",
  "pk": 8,
  "fields": {
    "task": null,
    "project": 2,
    "name": "dog",
    "color": "#406040"
  }
},
{
  "model": "engine.label",
  "pk": 9,
  "fields": {
    "task": 5,
    "project": null,
    "name": "car",
    "color": "#2080c0"
  }
},
{
  "model": "engine.label",
  "pk": 10,
  "fields": {
    "task": 6,
    "project": null,
    "name": "car",
    "color": "#2080c0"
  }
},
{
  "model": "engine.label",
  "pk": 11,
  "fields": {
    "task": 7,
    "project": null,
    "name": "cat",
    "color": "#6080c0"
  }
},
{
  "model": "engine.label",
  "pk": 12,
  "fields": {
    "task": 7,
    "project": null,
    "name": "dog",
    "color": "#406040"
  }
},
{
  "model": "engine.label",
  "pk": 13,
  "fields": {
    "task": 8,
    "project": null,
    "name": "cat",
    "color": "#6080c0"
  }
},
{
  "model": "engine.label",
  "pk": 14,
  "fields": {
    "task": 8,
    "project": null,
    "name": "dog",
    "color": "#406040"
  }
},
{
  "model": "engine.attributespec",
  "pk": 1,
  "fields": {
    "label": 5,
    "name": "model",
    "mutable": false,
    "input_type": "select",
    "default_value": "mazda",
    "values": "mazda\nvolvo\nbmw"
  }
},
{
  "model": "engine.jobcommit",
  "pk": 1,
  "fields": {
    "scope": "",
    "owner": null,
    "timestamp": "2021-12-22T07:14:15.237Z",
    "data": {},
    "job": 2
  }
},
{
  "model": "engine.jobcommit",
  "pk": 2,
  "fields": {
    "scope": "",
    "owner": null,
    "timestamp": "2021-12-22T07:14:15.268Z",
    "data": {},
    "job": 2
  }
},
{
  "model": "engine.jobcommit",
  "pk": 3,
  "fields": {
    "scope": "",
    "owner": null,
    "timestamp": "2021-12-22T07:14:15.298Z",
    "data": {},
    "job": 2
  }
},
{
  "model": "engine.jobcommit",
  "pk": 7,
  "fields": {
    "scope": "",
    "owner": null,
    "timestamp": "2021-12-22T07:17:34.839Z",
    "data": {},
    "job": 6
  }
},
{
  "model": "engine.jobcommit",
  "pk": 8,
  "fields": {
    "scope": "",
    "owner": null,
    "timestamp": "2021-12-22T07:17:34.878Z",
    "data": {},
    "job": 6
  }
},
{
  "model": "engine.jobcommit",
  "pk": 9,
  "fields": {
    "scope": "",
    "owner": null,
    "timestamp": "2021-12-22T07:17:34.909Z",
    "data": {},
    "job": 6
  }
},
{
  "model": "engine.jobcommit",
  "pk": 10,
  "fields": {
    "scope": "",
    "owner": null,
    "timestamp": "2021-12-22T07:19:33.859Z",
    "data": {},
    "job": 4
  }
},
{
  "model": "engine.jobcommit",
  "pk": 11,
  "fields": {
    "scope": "",
    "owner": null,
    "timestamp": "2021-12-22T07:19:33.907Z",
    "data": {},
    "job": 4
  }
},
{
  "model": "engine.jobcommit",
  "pk": 12,
  "fields": {
    "scope": "",
    "owner": null,
    "timestamp": "2021-12-22T07:19:33.934Z",
    "data": {},
    "job": 4
  }
},
{
  "model": "engine.jobcommit",
  "pk": 13,
  "fields": {
    "scope": "",
    "owner": null,
    "timestamp": "2021-12-22T07:22:30.331Z",
    "data": {},
    "job": 4
  }
},
{
  "model": "engine.jobcommit",
  "pk": 14,
  "fields": {
    "scope": "",
    "owner": null,
    "timestamp": "2021-12-22T07:22:30.362Z",
    "data": {},
    "job": 4
  }
},
{
  "model": "engine.jobcommit",
  "pk": 15,
  "fields": {
    "scope": "",
    "owner": null,
    "timestamp": "2021-12-22T07:22:30.388Z",
    "data": {},
    "job": 4
  }
},
{
  "model": "engine.jobcommit",
  "pk": 16,
  "fields": {
    "scope": "",
    "owner": null,
    "timestamp": "2022-02-21T10:32:04.068Z",
    "data": {},
    "job": 9
  }
},
{
  "model": "engine.jobcommit",
  "pk": 17,
  "fields": {
    "scope": "",
    "owner": null,
    "timestamp": "2022-02-21T10:32:04.169Z",
    "data": {},
    "job": 9
  }
},
{
  "model": "engine.jobcommit",
  "pk": 18,
  "fields": {
    "scope": "",
    "owner": null,
    "timestamp": "2022-02-21T10:32:04.256Z",
    "data": {},
    "job": 9
  }
},
{
  "model": "engine.jobcommit",
  "pk": 19,
  "fields": {
    "scope": "",
    "owner": null,
    "timestamp": "2022-02-21T10:37:22.961Z",
    "data": {},
    "job": 3
  }
},
{
  "model": "engine.jobcommit",
  "pk": 20,
  "fields": {
    "scope": "",
    "owner": null,
    "timestamp": "2022-02-21T10:37:23.075Z",
    "data": {},
    "job": 3
  }
},
{
  "model": "engine.jobcommit",
  "pk": 21,
  "fields": {
    "scope": "",
    "owner": null,
    "timestamp": "2022-02-21T10:37:23.187Z",
    "data": {},
    "job": 3
  }
},
{
  "model": "engine.jobcommit",
  "pk": 22,
  "fields": {
    "scope": "",
    "owner": null,
    "timestamp": "2022-02-21T10:37:27.708Z",
    "data": {},
    "job": 3
  }
},
{
  "model": "engine.jobcommit",
  "pk": 23,
  "fields": {
    "scope": "",
    "owner": null,
    "timestamp": "2022-02-21T10:37:27.834Z",
    "data": {},
    "job": 3
  }
},
{
  "model": "engine.jobcommit",
  "pk": 24,
  "fields": {
    "scope": "",
    "owner": null,
    "timestamp": "2022-02-21T10:37:27.952Z",
    "data": {},
    "job": 3
  }
},
{
  "model": "engine.jobcommit",
  "pk": 25,
  "fields": {
    "scope": "",
    "owner": null,
    "timestamp": "2022-02-21T10:40:21.267Z",
    "data": {},
    "job": 7
  }
},
{
  "model": "engine.jobcommit",
  "pk": 26,
  "fields": {
    "scope": "",
    "owner": null,
    "timestamp": "2022-02-21T10:40:21.354Z",
    "data": {},
    "job": 7
  }
},
{
  "model": "engine.jobcommit",
  "pk": 27,
  "fields": {
    "scope": "",
    "owner": null,
    "timestamp": "2022-02-21T10:40:21.435Z",
    "data": {},
    "job": 7
  }
},
{
  "model": "engine.jobcommit",
  "pk": 28,
  "fields": {
    "scope": "create",
    "owner": 2,
    "timestamp": "2022-03-05T08:30:49.330Z",
    "data": {
      "stage": "annotation",
      "state": "new",
      "assignee": null
    },
    "job": 10
  }
},
{
  "model": "engine.jobcommit",
  "pk": 29,
  "fields": {
    "scope": "create",
    "owner": 2,
    "timestamp": "2022-03-05T08:32:06.104Z",
    "data": {
      "stage": "annotation",
      "state": "new",
      "assignee": {
        "user": {
          "id": 1,
          "username": "admin1"
        }
      }
    },
    "job": 10
  }
},
{
  "model": "engine.jobcommit",
  "pk": 30,
  "fields": {
    "scope": "update",
    "owner": 1,
    "timestamp": "2022-03-05T08:32:06.111Z",
    "data": {
      "assignee": {
        "user": {
          "id": 1,
          "username": "admin1"
        }
      }
    },
    "job": 10
  }
},
{
  "model": "engine.jobcommit",
  "pk": 31,
  "fields": {
    "scope": "create",
    "owner": 2,
    "timestamp": "2022-03-05T08:32:06.133Z",
    "data": {
      "stage": "annotation",
      "state": "new",
      "assignee": {
        "user": {
          "id": 1,
          "username": "admin1"
        }
      }
    },
    "job": 10
  }
},
{
  "model": "engine.jobcommit",
  "pk": 32,
  "fields": {
    "scope": "update",
    "owner": 1,
    "timestamp": "2022-03-05T08:32:06.141Z",
    "data": {
      "assignee": {
        "user": {
          "id": 1,
          "username": "admin1"
        }
      }
    },
    "job": 10
  }
},
{
  "model": "engine.jobcommit",
  "pk": 33,
  "fields": {
    "scope": "create",
    "owner": 2,
    "timestamp": "2022-03-05T08:52:34.922Z",
    "data": {
      "stage": "annotation",
      "state": "new",
      "assignee": {
        "user": {
          "id": 1,
          "username": "admin1"
        }
      }
    },
    "job": 10
  }
},
{
  "model": "engine.jobcommit",
  "pk": 34,
  "fields": {
    "scope": "create",
    "owner": 2,
    "timestamp": "2022-03-05T08:52:35.283Z",
    "data": {
      "stage": "annotation",
      "state": "in progress",
      "assignee": {
        "user": {
          "id": 1,
          "username": "admin1"
        }
      }
    },
    "job": 10
  }
},
{
  "model": "engine.jobcommit",
  "pk": 35,
  "fields": {
    "scope": "update",
    "owner": 2,
    "timestamp": "2022-03-05T08:52:35.288Z",
    "data": {
      "state": "in progress"
    },
    "job": 10
  }
},
{
  "model": "engine.labeledshape",
  "pk": 1,
  "fields": {
    "job": 2,
    "label": 3,
    "frame": 0,
    "group": 0,
    "source": "manual",
    "type": "rectangle",
    "occluded": false,
    "z_order": 0,
    "points": "[223.39453125, 226.0751953125, 513.7663269042969, 377.9619903564453]",
    "rotation": 0.0
  }
},
{
  "model": "engine.labeledshape",
  "pk": 2,
  "fields": {
    "job": 2,
    "label": 3,
    "frame": 1,
    "group": 0,
    "source": "manual",
    "type": "polygon",
    "occluded": false,
    "z_order": 0,
    "points": "[63.0791015625, 139.75390625, 132.19337349397574, 112.3867469879533, 189.71144578313397, 159.23614457831354, 191.1030120481937, 246.9048192771097, 86.73554216867524, 335.5012048192784, 32.00060240964012, 250.15180722891637]",
    "rotation": 0.0
  }
},
{
  "model": "engine.labeledshape",
  "pk": 3,
  "fields": {
    "job": 2,
    "label": 4,
    "frame": 1,
    "group": 0,
    "source": "manual",
    "type": "polygon",
    "occluded": false,
    "z_order": 0,
    "points": "[83.0244140625, 216.75390625, 112.24759036144678, 162.48313253012202, 167.44638554216908, 183.35662650602535, 149.35602409638705, 252.0072289156633, 84.41626506024113, 292.8265060240974, 72.81987951807241, 258.9650602409638]",
    "rotation": 0.0
  }
},
{
  "model": "engine.labeledshape",
  "pk": 4,
  "fields": {
    "job": 2,
    "label": 3,
    "frame": 2,
    "group": 0,
    "source": "manual",
    "type": "polyline",
    "occluded": false,
    "z_order": 0,
    "points": "[24.443359375, 107.2275390625, 84.91109877913368, 61.125083240844106, 169.4316315205324, 75.1561598224198, 226.5581576026634, 113.90865704772477, 240.5892341842391, 205.77880133185317, 210.52264150943483, 270.9230854605994]",
    "rotation": 0.0
  }
},
{
  "model": "engine.labeledshape",
  "pk": 5,
  "fields": {
    "job": 2,
    "label": 3,
    "frame": 22,
    "group": 0,
    "source": "manual",
    "type": "points",
    "occluded": false,
    "z_order": 0,
    "points": "[148.94921875, 285.6865234375, 313.515094339622, 400.32830188679145, 217.36415094339463, 585.2339622641503, 64.81698113207494, 499.25283018867776]",
    "rotation": 0.0
  }
},
{
  "model": "engine.labeledshape",
  "pk": 15,
  "fields": {
    "job": 6,
    "label": 7,
    "frame": 0,
    "group": 0,
    "source": "manual",
    "type": "polygon",
    "occluded": false,
    "z_order": 0,
    "points": "[50.1318359375, 80.345703125, 128.1219755826878, 84.07824639289902, 158.76792452830523, 130.24361820200102, 82.74239733629474, 161.47891231964786, 22.62918978912603, 158.92508324084702, 0.0, 110.48447384849997, 0.0, 103.91522863219352]",
    "rotation": 0.0
  }
},
{
  "model": "engine.labeledshape",
  "pk": 16,
  "fields": {
    "job": 6,
    "label": 7,
    "frame": 0,
    "group": 0,
    "source": "manual",
    "type": "polygon",
    "occluded": false,
    "z_order": 0,
    "points": "[204.34375, 21.607421875, 248.74128745838243, 43.609877913431774, 258.1708102108787, 89.3823529411784, 194.9144284128779, 108.04495005549688, 115.54927857935945, 94.6864594894596, 93.35061043285532, 50.28912319645133, 107.69134295227741, 33.39456159822657]",
    "rotation": 0.0
  }
},
{
  "model": "engine.labeledshape",
  "pk": 17,
  "fields": {
    "job": 6,
    "label": 7,
    "frame": 1,
    "group": 0,
    "source": "manual",
    "type": "polygon",
    "occluded": false,
    "z_order": 0,
    "points": "[79.9326171875, 54.205078125, 81.22958500669301, 50.313253012047426, 84.4725568942431, 47.93507362784476, 88.79651941097654, 45.98929049531398, 92.03949129852663, 44.90829986613062, 96.36345381526007, 43.61111111111131, 100.03882195448386, 42.7463186077639, 106.30856760374809, 40.80053547523312, 113.44310575635791, 38.85475234270416, 118.63186077643877, 37.557563587683035, 124.03681392235558, 36.26037483266373, 128.5769745649268, 35.39558232931631, 132.03614457831281, 34.74698795180666, 135.92771084337255, 34.098393574297006, 142.62985274431048, 33.6659973226233, 147.17001338687987, 33.6659973226233, 153.0073627844704, 33.88219544846106, 160.79049531459168, 34.530789825970714, 165.33065595716107, 34.96318607764442, 171.38420348058935, 35.611780455154076, 175.7081659973228, 36.044176706827784, 180.46452476572995, 36.69277108433744, 184.13989290495374, 37.557563587683035, 189.11244979919684, 37.98995983935674, 193.65261044176623, 38.42235609103045, 197.32797858099002, 39.070950468540104, 200.35475234270416, 40.36813922356123, 204.6787148594376, 42.96251673360166, 209.43507362784476, 45.55689424364027, 213.54283801874226, 47.93507362784476, 217.434404283802, 50.745649263721134, 220.67737617135208, 54.20481927710898, 223.70414993306622, 57.01539491298536, 227.16331994645225, 60.69076305220915, 231.70348058902164, 65.0147255689426, 237.10843373494026, 71.06827309236905, 242.51338688085707, 76.90562248995957, 247.26974564926422, 82.52677376171414, 250.5127175368143, 88.36412315930284, 252.02610441766956, 92.25568942436439, 253.10709504685292, 96.14725568942413, 254.40428380187404, 100.68741633199352, 255.26907630522146, 108.25435073627887, 255.26907630522146, 112.36211512717455, 254.83668005354775, 116.90227576974576, 253.7556894243644, 121.2262382864792, 252.89089692101697, 124.901606425703, 251.3775100401599, 129.44176706827238, 249.21552878179318, 133.54953145916988, 246.83734939759051, 137.0087014725559, 243.37817938420267, 140.03547523427005, 237.75702811244992, 143.9270414993298, 230.62248995983828, 147.38621151271764, 225.43373493975923, 149.3319946452466, 221.1097724230258, 150.196787148594, 216.56961178045458, 150.62918340026772, 212.0294511378852, 150.84538152610367, 206.40829986613062, 151.27777777777737, 200.1385542168664, 151.71017402945108, 193.43641231593028, 152.35876840696073, 188.89625167335907, 152.35876840696073, 181.5455153949133, 152.35876840696073, 177.22155287817986, 152.35876840696073, 171.6004016064253, 152.57496653279668, 165.76305220883478, 152.57496653279668, 161.65528781793728, 152.1425702811248, 156.46653279785824, 151.71017402945108, 147.38621151271764, 150.41298527442996, 136.79250334671997, 147.81860776439134, 132.46854082998652, 146.52141900937022, 126.1987951807223, 143.9270414993298, 121.65863453815291, 141.54886211512712, 115.60508701472463, 138.73828647925075, 109.76773761713412, 135.7115127175366, 106.95716198125774, 133.9819277108436, 103.93038821954542, 130.95515394912945, 100.68741633199352, 124.25301204819334, 97.22824631860749, 118.19946452476506, 94.20147255689335, 112.1459170013386, 92.25568942436439, 106.95716198125774, 90.09370816599767, 102.6331994645243, 87.28313253011947, 98.9578313253005, 85.76974564926422, 95.06626506024077, 82.52677376171414, 91.82329317269068, 79.06760374832629, 88.79651941097654, 74.5274431057569, 85.98594377510017, 69.9872824631857, 84.68875502008086, 65.0147255689426, 84.4725568942431, 59.60977242302579, 86.41834002677388, 56.15060240963794, 88.14792503346689, 52.90763052208786, 89.8775100401599, 49.88085676037372, 91.82329317269068, 47.07028112449734, 93.9852744310574, 42.31392235609019, 97.01204819277154, 37.98995983935674, 99.17402945113827, 34.530789825970714, 100.25502008032163, 30.855421686746922, 98.5254350736268, 28.6934404283802, 95.06626506024077, 25.882864792503824, 87.71552878179318, 24.5856760374827, 82.74297188755008, 22.63989290495374, 74.95983935742879, 21.342704149932615, 69.33868808567604, 19.829317269075545, 63.28514056224958, 19.180722891565892, 59.17737617135208, 18.315930388218476, 54.63721552878087, 17.883534136546587, 50.52945113788519, 17.883534136546587, 44.692101740294675, 17.883534136546587, 39.070950468540104, 18.964524765729948, 33.88219544846106, 19.396921017401837, 28.909638554216144, 19.829317269075545, 25.018072289156407, 21.775100401606323, 20.694109772422962, 23.937081659973046, 16.58634538152546, 26.09906291833977, 13.559571619813141, 28.26104417670649, 10.748995983934947, 31.071619812582867, 8.803212851405988, 35.17938420348037, 7.722222222222626, 41.23293172690683, 7.506024096384863, 48.58366800535441, 9.235609103077877, 53.55622489959751, 10.96519410977271, 57.447791164659066, 12.47858099062978, 62.420348058902164, 14.424364123158739, 66.52811244979966, 16.370147255689517, 69.33868808567604, 18.53212851405624, 74.95983935742879, 23.7208835341371, 77.77041499330699, 26.531459170013477, 80.7971887550193, 30.423025435073214, 82.52677376171414, 34.74698795180666, 83.39156626505974, 38.85475234270416, 83.6077643908975, 42.097724230254244, 82.52677376171414, 45.55689424364027]",
    "rotation": 0.0
  }
},
{
  "model": "engine.labeledshape",
  "pk": 18,
  "fields": {
    "job": 6,
    "label": 7,
    "frame": 2,
    "group": 0,
    "source": "manual",
    "type": "polygon",
    "occluded": false,
    "z_order": 0,
    "points": "[280.2734375, 143.0498046875, 298.8688085676058, 139.20214190093975, 311.693440428382, 137.91967871486122, 333.4953145917025, 136.6372155287845, 352.09103078982844, 136.6372155287845, 371.32797858099366, 136.6372155287845, 391.8473895582356, 136.6372155287845, 405.31325301205106, 136.6372155287845, 427.1151271753697, 135.99598393574524, 448.2757697456509, 135.99598393574524, 470.07764390897137, 135.99598393574524, 484.1847389558261, 134.7135207496667, 502.78045515395206, 134.7135207496667, 529.0709504685437, 134.07228915662927, 545.1017402945145, 134.7135207496667, 589.9879518072303, 138.56091030790049, 613.0722891566293, 140.48460508701646, 626.5381526104447, 141.12583668005573, 637.4390896921032, 141.767068273095, 650.2637215528812, 143.0495314591717, 668.8594377510071, 144.9732262382895, 681.0428380187441, 145.61445783132694, 707.974564926375, 148.82061579652145, 718.8755020080353, 150.10307898259998, 729.1352074966562, 151.3855421686767, 738.7536813922379, 153.30923694779267, 753.5020080321301, 157.7978580990657, 768.2503346720241, 163.56894243641364, 783.6398929049556, 172.5461847389579, 790.693440428382, 179.59973226238435, 795.8232931726925, 187.93574297188934, 797.7469879518103, 200.76037483266555, 797.7469879518103, 216.149933065597, 786.8460508701501, 227.6921017402965, 777.8688085676058, 232.1807228915677, 759.9143239625191, 236.66934404284075, 747.0896921017429, 237.3105756358782, 734.9062918340042, 237.95180722891746, 716.3105756358782, 238.59303882195672, 697.0736278447148, 239.234270414996, 675.9129852744336, 239.87550200803344, 654.7523427041524, 240.5167336010727, 640.0040160642584, 240.5167336010727, 619.4846050870165, 239.234270414996, 606.6599732262403, 238.59303882195672, 584.2168674698823, 238.59303882195672, 572.6746987951828, 239.234270414996, 560.4912985274459, 239.234270414996, 548.9491298527464, 238.59303882195672, 536.1244979919702, 237.3105756358782, 521.376171352078, 236.02811244980148, 506.627844712184, 234.74564926372295, 490.5970548862133, 233.46318607764624, 477.1311914323978, 233.46318607764624, 457.25301204819516, 232.82195448460698, 441.22222222222445, 232.1807228915677, 419.420348058904, 232.1807228915677, 391.8473895582356, 232.1807228915677, 377.0990629183416, 232.1807228915677, 362.3507362784494, 232.1807228915677, 346.96117804551795, 232.82195448460698, 331.5716198125865, 234.1044176706855, 316.8232931726925, 236.02811244980148, 295.6626506024113, 242.44042838018868, 286.0441767068296, 246.92904953146171, 272.57831325301413, 255.2650602409667, 264.8835341365484, 262.31860776439316, 257.82998661312195, 276.4257028112479, 256.5475234270434, 288.60910307898484, 256.5475234270434, 303.9986613119163, 259.7536813922379, 318.10575635877103, 266.1659973226251, 326.441767068276, 273.86077643909266, 334.7777777777792, 290.5327978581008, 346.3199464524787, 302.0749665328003, 351.4497991967892, 320.029451137887, 355.9384203480604, 340.54886211512894, 359.1445783132549, 359.78580990629416, 360.4270414993334, 370.6867469879544, 361.70950468541014, 388.6412315930411, 361.70950468541014, 418.77911646586654, 364.91566265060465, 436.09236947791396, 366.8393574297206, 461.1004016064271, 369.40428380187586, 480.9785809906316, 371.32797858099366, 497.0093708166023, 373.25167336010963, 512.3989290495338, 376.45783132530414, 529.0709504685437, 379.0227576974594, 545.7429718875519, 382.22891566265207, 566.2623828647938, 384.7938420348073, 582.2931726907645, 387.35876840696255, 596.4002677376193, 388.6412315930411, 607.9424364123188, 390.56492637215706, 619.4846050870165, 392.48862115127304, 636.7978580990657, 398.90093708166205, 647.0575635876867, 401.4658634538173, 656.0348058902291, 411.084337349399, 659.2409638554236, 421.3440428380218, 660.5234270415021, 434.80990629183543, 659.8821954484629, 450.84069611780615, 654.1111111111131, 460.45917001338967, 638.7215528781817, 470.07764390897137, 618.843373493979, 474.5662650602426, 609.2248995983955, 475.8487282463211, 592.5528781793855, 475.8487282463211, 570.1097724230276, 475.8487282463211, 551.5140562249017, 475.8487282463211, 538.6894243641254, 475.8487282463211, 511.7576974564945, 475.8487282463211, 493.8032128514078, 474.5662650602426, 478.41365461847636, 474.5662650602426, 464.9477911646609, 474.5662650602426, 451.4819277108454, 474.5662650602426, 434.80990629183543, 474.5662650602426, 420.06157965194325, 474.5662650602426, 400.1834002677406, 473.92503346720514, 384.15261044176987, 473.2838018741659, 373.8929049531489, 473.2838018741659, 357.8621151271782, 472.00133868808734, 335.41900937081846, 470.07764390897137, 325.80053547523676, 468.1539491298554, 305.92235609103227, 464.9477911646609, 291.1740294511401, 463.0240963855449, 277.7081659973246, 460.45917001338967, 267.44846050870365, 457.8942436412344, 250.13520749665622, 453.4056224899614, 236.66934404284075, 448.91700133869017, 225.76840696118052, 444.42838018741895, 214.22623828648102, 439.29852744310847, 199.47791164658884, 430.9625167336035, 187.29451137885007, 425.832663989293, 173.18741633199716, 416.85542168674874, 162.9277108433762, 408.51941097724375, 153.95046854083193, 399.5421686747013, 146.89692101740548, 391.2061579651963, 140.48460508701646, 382.22891566265207, 135.35475234270598, 370.0455153949151, 129.58366800535623, 354.6559571619837, 125.09504685408501, 339.26639892905223, 120.6064257028138, 319.38821954484774, 118.68273092369782, 309.76974564926604, 114.19410977242478, 296.94511378848983, 110.34672021419283, 284.7617135207511, 104.57563587684308, 271.2958500669374, 92.39223560910432, 244.36412315930647, 84.6974564926386, 228.97456492637502, 77.64390896921213, 212.9437751004043, 71.23159303882494, 193.7068273092391, 65.46050870147519, 177.67603748326837, 62.254350736280685, 162.28647925033692, 60.33065595716471, 149.46184738956072, 59.04819277108618, 132.14859437751147, 58.40696117804691, 118.04149933065855, 58.40696117804691, 103.29317269076455, 59.04819277108618, 92.39223560910432, 60.971887550202155, 78.2851405622514, 63.536813922357396, 65.46050870147519, 66.10174029451264, 52.635876840698984, 69.30789825970714, 43.017402945115464, 76.36144578313542, 32.7576974564945, 87.9036144578331, 21.856760374834266, 97.52208835341662, 16.085676037484518, 109.0642570281143, 12.238286479252565, 125.09504685408501, 9.673360107097324, 137.91967871486122, 9.673360107097324, 150.10307898259998, 12.238286479252565, 161.0040160642584, 18.65060240964158, 170.62248995984191, 31.475234270417786, 176.39357429719166, 41.73493975903875, 180.24096385542362, 57.1244979919702, 182.1646586345396, 71.87282463186239, 182.80589022757886, 89.18607764391163, 180.88219544846288, 103.29317269076455, 178.9585006693469, 115.47657295850331, 177.0348058902291, 127.65997322624025, 175.11111111111313, 138.56091030790049, 173.18741633199716, 150.74431057563743, 173.18741633199716, 166.77510040160814, 176.39357429719166, 181.52342704150215, 182.1646586345396, 192.42436412316056, 191.14190093708385, 203.3253012048208, 200.76037483266555, 207.81392235609383, 211.0200803212865, 202.68406961178334, 224.485943775102, 187.29451137885007, 230.898259705491, 175.11111111111313, 235.38688085676222, 154.5917001338712, 236.66934404284075, 137.27844712182196, 236.66934404284075, 118.68273092369782, 234.74564926372295, 107.78179384203759, 232.82195448460698, 92.39223560910432, 230.25702811245174, 79.56760374832811, 229.61579651941247, 68.6666666666697, 228.97456492637502, 57.76572958500947, 230.25702811245174, 47.5060240963885, 235.38688085676222, 36.60508701472827, 248.8527443105777, 34.681392235610474, 259.7536813922379, 40.45247657296022, 269.3721552878196, 45.582329317270705, 277.7081659973246, 51.99464524765972, 283.47925033467436, 60.33065595716471, 283.47925033467436, 72.51405622490165, 282.19678714859583, 82.77376171352262, 278.3493975903639, 93.67469879518285, 276.4257028112479, 103.29317269076455, 275.1432396251694, 113.55287817938552, 276.4257028112479, 123.17135207496904]",
    "rotation": 0.0
  }
},
{
  "model": "engine.labeledshape",
  "pk": 19,
  "fields": {
    "job": 6,
    "label": 7,
    "frame": 3,
    "group": 0,
    "source": "manual",
    "type": "polygon",
    "occluded": false,
    "z_order": 0,
    "points": "[72.185546875, 29.8466796875, 26.30943396226212, 62.45726970033138, 26.30943396226212, 71.30077691453698, 26.30943396226212, 82.35516093229671, 27.414872364039184, 93.40954495005462, 29.625749167589674, 102.80577136514876, 32.3893451720287, 111.64927857935436, 40.12741398446087, 118.834628190898, 50.62907880133025, 122.70366259711227, 69.42153163151852, 123.2563817980008, 86.55582685904483, 123.2563817980008, 98.16293007768945, 123.2563817980008, 111.42819089899967, 123.80910099888933, 123.03529411764612, 122.70366259711227, 135.7478357380678, 121.04550499444849, 145.69678135404865, 117.17647058823422, 154.54028856825607, 111.64927857935436, 162.27835738068643, 103.911209766924, 166.14739178690252, 95.62042175360511, 168.91098779134154, 87.32963374028623, 172.2273029966691, 79.03884572696916, 174.99089900110812, 70.19533851276174, 176.09633740288336, 61.351831298556135, 175.54361820199665, 52.508324084348715, 177.20177580466043, 43.66481687014311, 183.281687014427, 34.82130965593569, 201.52142064372674, 20.450610432850226, 195.44150943396016, 14.370699223083648, 187.7034406215298, 9.948945615980847, 176.09633740288336, 6.079911209764759, 167.8055493895663, 3.3163152053257363, 157.85660377358363, 1.6581576026619587, 146.80221975582572, 1.1054384017734264, 134.64239733629074, 0.5527192008867132, 122.48257491675759, 1.1054384017734264, 112.53362930077492, 2.763596004437204, 103.69012208656932, 4.974472807989514, 94.29389567147518, 7.738068812428537, 86.55582685904483, 12.159822419533157, 77.71231964483741, 17.13429522752267]",
    "rotation": 0.0
  }
},
{
  "model": "engine.labeledshape",
  "pk": 20,
  "fields": {
    "job": 6,
    "label": 7,
    "frame": 3,
    "group": 0,
    "source": "manual",
    "type": "polygon",
    "occluded": false,
    "z_order": 0,
    "points": "[40.9013671875, 278.5703125, 49.74472807990969, 274.7014428412858, 60.7991120976676, 272.4905660377335, 69.08990011098649, 271.9378468368468, 80.69700332963293, 271.38512763595827, 92.30410654827756, 271.38512763595827, 110.54384017757911, 272.4905660377335, 122.70366259711227, 274.1487236403973, 140.3906770255253, 279.67591564927716, 152.55049944506027, 284.6503884572685, 163.05216426192965, 297.9156492785769, 170.23751387347147, 306.2064372918958, 179.63374028856742, 316.15538290787845, 185.713651498334, 327.20976692563636, 188.47724750277303, 336.6059933407305, 189.58268590454827, 348.21309655937694, 187.9245283018845, 358.1620421753596, 184.05549389567022, 367.0055493895652, 176.31742508323987, 379.7180910099869, 166.3684794672572, 388.5615982241943, 156.41953385127454, 395.1942286348494, 144.25971143174138, 401.274139844616, 130.99445061043116, 406.24861265260733, 116.62375138734569, 410.1176470588216, 103.911209766924, 409.5649278579349, 94.51498335182987, 402.37957824639125, 86.22419533851098, 393.53607103218565, 77.38068812430538, 383.03440621531445, 71.30077691453698, 369.2164261931175, 64.66814650388369, 355.39844617091876, 59.69367369589236, 344.8967813540494, 56.930077691451515, 336.6059933407305, 55.82463928967627, 328.3152053274116, 56.3773584905648, 317.2608213096537, 58.58823529411529, 308.9700332963366, 56.930077691451515, 299.57380688124067, 51.40288568257347, 292.9411764705874, 44.77025527191836, 287.4139844617075, 37.584905660376535, 282.4395116537162]",
    "rotation": 0.0
  }
},
{
  "model": "engine.labeledshape",
  "pk": 21,
  "fields": {
    "job": 6,
    "label": 7,
    "frame": 3,
    "group": 0,
    "source": "manual",
    "type": "polygon",
    "occluded": false,
    "z_order": 0,
    "points": "[106.1220703125, 302.8896484375, 96.72586015538218, 305.10099889012054, 88.43507214206329, 303.9955604883453, 80.1442841287444, 307.86459489455956, 72.40621531631405, 315.0499445061032, 68.53718091009796, 323.8934517203088, 67.98446170921125, 334.9478357380667, 77.38068812430538, 344.34406215316085, 85.67147613762245, 346.0022197558246, 95.0677025527184, 347.6603773584884, 107.78024417314009, 351.5294117647045, 116.62375138734569, 353.7402885682568, 124.91453940066458, 352.082130965593, 132.0998890122064, 345.4495005549379, 139.83795782463858, 337.71143174250756, 145.36514983351663, 327.7624861265249, 148.12874583795565, 318.36625971143076, 141.49611542730054, 312.28634850166236, 133.20532741398347, 308.9700332963366, 124.91453940066458, 305.65371809100907, 117.72918978912094, 301.23196448390445]",
    "rotation": 0.0
  }
},
{
  "model": "engine.labeledshape",
  "pk": 22,
  "fields": {
    "job": 4,
    "label": 5,
    "frame": 50,
    "group": 0,
    "source": "manual",
    "type": "rectangle",
    "occluded": false,
    "z_order": 0,
    "points": "[103.4892578125, 60.298828125, 319.7179412841797, 185.8331298828125]",
    "rotation": 0.0
  }
},
{
  "model": "engine.labeledshape",
  "pk": 23,
  "fields": {
    "job": 4,
    "label": 5,
    "frame": 51,
    "group": 0,
    "source": "manual",
    "type": "rectangle",
    "occluded": false,
    "z_order": 0,
    "points": "[159.9375, 290.716796875, 415.7503967285156, 440.51097106933594]",
    "rotation": 0.0
  }
},
{
  "model": "engine.labeledshape",
  "pk": 24,
  "fields": {
    "job": 4,
    "label": 5,
    "frame": 52,
    "group": 0,
    "source": "manual",
    "type": "rectangle",
    "occluded": false,
    "z_order": 0,
    "points": "[85.9462890625, 138.1123046875, 166.75294494628906, 391.78382873535156]",
    "rotation": 0.0
  }
},
{
  "model": "engine.labeledshape",
  "pk": 25,
  "fields": {
    "job": 4,
    "label": 5,
    "frame": 52,
    "group": 0,
    "source": "manual",
    "type": "rectangle",
    "occluded": false,
    "z_order": 0,
    "points": "[45.03125, 638.294921875, 224.0333251953125, 770.2450256347656]",
    "rotation": 0.0
  }
},
{
  "model": "engine.labeledshape",
  "pk": 26,
  "fields": {
    "job": 4,
    "label": 5,
    "frame": 53,
    "group": 0,
    "source": "manual",
    "type": "rectangle",
    "occluded": false,
    "z_order": 0,
    "points": "[34.384765625, 283.845703125, 108.30784606933594, 382.30724334716797]",
    "rotation": 0.0
  }
},
{
  "model": "engine.labeledshape",
  "pk": 27,
  "fields": {
    "job": 9,
    "label": 11,
    "frame": 0,
    "group": 0,
    "source": "manual",
    "type": "polygon",
    "occluded": false,
    "z_order": 0,
    "points": "[448.3779296875, 356.4892578125, 438.2558352402775, 761.3861556064112, 744.1780320366161, 319.37356979405195, 446.1288329519466, 163.03832951945333]",
    "rotation": 0.0
  }
},
{
  "model": "engine.labeledshape",
  "pk": 28,
  "fields": {
    "job": 3,
    "label": 6,
    "frame": 0,
    "group": 0,
    "source": "manual",
    "type": "polyline",
    "occluded": false,
    "z_order": 0,
    "points": "[155.5, 634.4814453125, 222.17951945080313, 575.8846681922205, 214.09713958810244, 384.9384439359292, 160.55137299771377, 255.6203661327254, 96.90263157894879, 137.41556064073302, 284.8179633867294, 65.68443935926916, 354.52848970251944, 264.713043478263]",
    "rotation": 0.0
  }
},
{
  "model": "engine.labeledshape",
  "pk": 29,
  "fields": {
    "job": 7,
    "label": 9,
    "frame": 0,
    "group": 0,
    "source": "manual",
    "type": "polygon",
    "occluded": false,
    "z_order": 0,
    "points": "[364.0361328125, 528.87890625, 609.5286041189956, 586.544622425632, 835.2494279176244, 360.0000000000018, 543.6247139588122, 175.4691075514893, 326.9656750572103, 192.76887871853796, 244.58581235698148, 319.63386727689067]",
    "rotation": 0.0
  }
},
{
  "model": "engine.labeledshape",
  "pk": 30,
  "fields": {
    "job": 10,
    "label": 13,
    "frame": 0,
    "group": 0,
    "source": "manual",
    "type": "polygon",
    "occluded": false,
    "z_order": 0,
    "points": "[440.0439453125, 84.0791015625, 71.83311938382576, 249.81514762516053, 380.4441591784325, 526.585365853658, 677.6251604621302, 260.42875481386363, 629.4557124518615, 127.35044929396645]",
    "rotation": 0.0
  }
},
{
  "model": "engine.labeledshapeattributeval",
  "pk": 1,
  "fields": {
    "spec": 1,
    "value": "mazda",
    "shape": 22
  }
},
{
  "model": "engine.labeledshapeattributeval",
  "pk": 2,
  "fields": {
    "spec": 1,
    "value": "mazda",
    "shape": 23
  }
},
{
  "model": "engine.labeledshapeattributeval",
  "pk": 3,
  "fields": {
    "spec": 1,
    "value": "mazda",
    "shape": 24
  }
},
{
  "model": "engine.labeledshapeattributeval",
  "pk": 4,
  "fields": {
    "spec": 1,
    "value": "mazda",
    "shape": 25
  }
},
{
  "model": "engine.labeledshapeattributeval",
  "pk": 5,
  "fields": {
    "spec": 1,
    "value": "mazda",
    "shape": 26
  }
},
{
  "model": "engine.profile",
  "pk": 1,
  "fields": {
    "user": 1,
    "rating": 0.0
  }
},
{
  "model": "engine.profile",
  "pk": 2,
  "fields": {
    "user": 2,
    "rating": 0.0
  }
},
{
  "model": "engine.profile",
  "pk": 3,
  "fields": {
    "user": 3,
    "rating": 0.0
  }
},
{
  "model": "engine.profile",
  "pk": 4,
  "fields": {
    "user": 4,
    "rating": 0.0
  }
},
{
  "model": "engine.profile",
  "pk": 5,
  "fields": {
    "user": 5,
    "rating": 0.0
  }
},
{
  "model": "engine.profile",
  "pk": 6,
  "fields": {
    "user": 6,
    "rating": 0.0
  }
},
{
  "model": "engine.profile",
  "pk": 7,
  "fields": {
    "user": 7,
    "rating": 0.0
  }
},
{
  "model": "engine.profile",
  "pk": 8,
  "fields": {
    "user": 8,
    "rating": 0.0
  }
},
{
  "model": "engine.profile",
  "pk": 9,
  "fields": {
    "user": 9,
    "rating": 0.0
  }
},
{
  "model": "engine.profile",
  "pk": 10,
  "fields": {
    "user": 10,
    "rating": 0.0
  }
},
{
  "model": "engine.profile",
  "pk": 11,
  "fields": {
    "user": 11,
    "rating": 0.0
  }
},
{
  "model": "engine.profile",
  "pk": 12,
  "fields": {
    "user": 12,
    "rating": 0.0
  }
},
{
  "model": "engine.profile",
  "pk": 13,
  "fields": {
    "user": 13,
    "rating": 0.0
  }
},
{
  "model": "engine.profile",
  "pk": 14,
  "fields": {
    "user": 14,
    "rating": 0.0
  }
},
{
  "model": "engine.profile",
  "pk": 15,
  "fields": {
    "user": 15,
    "rating": 0.0
  }
},
{
  "model": "engine.profile",
  "pk": 16,
  "fields": {
    "user": 16,
    "rating": 0.0
  }
},
{
  "model": "engine.profile",
  "pk": 17,
  "fields": {
    "user": 17,
    "rating": 0.0
  }
},
{
  "model": "engine.profile",
  "pk": 18,
  "fields": {
    "user": 18,
    "rating": 0.0
  }
},
{
  "model": "engine.profile",
  "pk": 19,
  "fields": {
    "user": 19,
    "rating": 0.0
  }
},
{
  "model": "engine.profile",
  "pk": 20,
  "fields": {
    "user": 20,
    "rating": 0.0
  }
},
{
  "model": "engine.issue",
  "pk": 1,
  "fields": {
    "frame": 50,
    "position": "[54.8076171875, 75.2099609375, 210.205078125, 195.767578125]",
    "job": 4,
    "owner": 1,
    "assignee": null,
    "created_date": "2021-12-22T07:18:30.575Z",
    "updated_date": null,
    "resolved": false
  }
},
{
  "model": "engine.issue",
  "pk": 2,
  "fields": {
    "frame": 51,
    "position": "[121.615234375, 33.515625, 618.193359375, 357.7275390625]",
    "job": 4,
    "owner": 1,
    "assignee": null,
    "created_date": "2021-12-22T07:18:40.432Z",
    "updated_date": null,
    "resolved": false
  }
},
{
  "model": "engine.issue",
  "pk": 3,
  "fields": {
    "frame": 52,
    "position": "[32.78125, 152.4072265625, 211.7841796875, 766.12890625]",
    "job": 4,
    "owner": 1,
    "assignee": null,
    "created_date": "2021-12-22T07:19:06.536Z",
    "updated_date": null,
    "resolved": false
  }
},
{
  "model": "engine.issue",
  "pk": 4,
  "fields": {
    "frame": 50,
    "position": "[18.861328125, 225.0771484375, 283.755859375, 371.0732421875]",
    "job": 4,
    "owner": 1,
    "assignee": null,
    "created_date": "2021-12-22T07:21:38.787Z",
    "updated_date": null,
    "resolved": false
  }
},
{
  "model": "engine.comment",
  "pk": 1,
  "fields": {
    "issue": 1,
    "owner": 1,
    "message": "Empyt?",
    "created_date": "2021-12-22T07:18:30.586Z",
    "updated_date": "2021-12-22T07:18:30.586Z"
  }
},
{
  "model": "engine.comment",
  "pk": 2,
  "fields": {
    "issue": 2,
    "owner": 1,
    "message": "Missing object",
    "created_date": "2021-12-22T07:18:40.441Z",
    "updated_date": "2021-12-22T07:18:40.442Z"
  }
},
{
  "model": "engine.comment",
  "pk": 3,
  "fields": {
    "issue": 3,
    "owner": 1,
    "message": "It is very very very very long messsage. It is very very very very long messsage. It is very very very very long messsage. It is very very very very long messsage. It is very very very very long messsage. It is very very very very long messsage",
    "created_date": "2021-12-22T07:19:06.541Z",
    "updated_date": "2021-12-22T07:19:06.541Z"
  }
},
{
  "model": "engine.comment",
  "pk": 4,
  "fields": {
    "issue": 4,
    "owner": 1,
    "message": "test",
    "created_date": "2021-12-22T07:21:38.792Z",
    "updated_date": "2021-12-22T07:21:38.792Z"
  }
},
{
  "model": "engine.comment",
  "pk": 5,
  "fields": {
    "issue": 1,
    "owner": 1,
    "message": "I don't know why...",
    "created_date": "2021-12-22T07:22:53.281Z",
    "updated_date": "2021-12-22T07:22:53.281Z"
  }
},
{
  "model": "engine.comment",
  "pk": 6,
  "fields": {
    "issue": 4,
    "owner": 1,
    "message": "Can you see my comment?",
    "created_date": "2021-12-22T07:23:04.819Z",
    "updated_date": "2021-12-22T07:23:04.819Z"
  }
}
]
