[
{
  "model": "auth.group",
  "pk": 1,
  "fields": {
    "name": "admin",
    "permissions": []
  }
},
{
  "model": "auth.group",
  "pk": 2,
  "fields": {
    "name": "user",
    "permissions": []
  }
},
{
  "model": "auth.group",
  "pk": 3,
  "fields": {
    "name": "worker",
    "permissions": []
  }
},
{
  "model": "auth.user",
  "pk": 1,
  "fields": {
    "password": "md5$Ba6a4O5ImOYiZ04wBFMtMQ$d1b00970c835fcf12c17240f05f8257e",
    "last_login": "2024-04-03T09:51:04.664Z",
    "is_superuser": true,
    "username": "admin1",
    "first_name": "Admin",
    "last_name": "First",
    "email": "admin1@cvat.org",
    "is_staff": true,
    "is_active": true,
    "date_joined": "2021-12-14T18:04:57Z",
    "groups": [
      [
        "admin"
      ]
    ],
    "user_permissions": []
  }
},
{
  "model": "auth.user",
  "pk": 2,
  "fields": {
    "password": "md5$phwgPiWB3zBxteEIebm3Yh$27f3556aa8061e5622adfbc8bc305c5c",
    "last_login": "2023-09-15T07:52:46.964Z",
    "is_superuser": false,
    "username": "user1",
    "first_name": "User",
    "last_name": "First",
    "email": "user1@cvat.org",
    "is_staff": false,
    "is_active": true,
    "date_joined": "2021-12-14T18:21:09Z",
    "groups": [
      [
        "user"
      ]
    ],
    "user_permissions": []
  }
},
{
  "model": "auth.user",
  "pk": 3,
  "fields": {
    "password": "md5$Fd9cxQdLQ3f0prkd9TSlnN$1a5fb3c2561137ce199c1dfe5625c7a2",
    "last_login": "2022-09-28T12:19:33.698Z",
    "is_superuser": false,
    "username": "user2",
    "first_name": "User",
    "last_name": "Second",
    "email": "user2@cvat.org",
    "is_staff": false,
    "is_active": true,
    "date_joined": "2021-12-14T18:24:12Z",
    "groups": [
      [
        "user"
      ]
    ],
    "user_permissions": []
  }
},
{
  "model": "auth.user",
  "pk": 4,
  "fields": {
    "password": "md5$Ijexsnap6Uj1P8RcKUf5Q5$7fb70bf35ebab0f2c2e96509a5ce44bc",
    "last_login": null,
    "is_superuser": false,
    "username": "user3",
    "first_name": "User",
    "last_name": "Third",
    "email": "user3@cvat.org",
    "is_staff": false,
    "is_active": true,
    "date_joined": "2021-12-14T18:24:39Z",
    "groups": [
      [
        "user"
      ]
    ],
    "user_permissions": []
  }
},
{
  "model": "auth.user",
  "pk": 5,
  "fields": {
    "password": "md5$NIHgzYn7rUqnnAdqA9NRuM$2086d4ab6134a938f7111b689a53e568",
    "last_login": null,
    "is_superuser": false,
    "username": "user4",
    "first_name": "User",
    "last_name": "Fourth",
    "email": "user4@cvat.org",
    "is_staff": false,
    "is_active": true,
    "date_joined": "2021-12-14T18:25:10Z",
    "groups": [
      [
        "user"
      ]
    ],
    "user_permissions": []
  }
},
{
  "model": "auth.user",
  "pk": 6,
  "fields": {
    "password": "md5$z1W241c7REV3qhDbHgHaxQ$b22a16cb20f2f5c36cb9266dbea2f408",
    "last_login": "2022-09-06T07:57:19.879Z",
    "is_superuser": false,
    "username": "worker1",
    "first_name": "Worker",
    "last_name": "First",
    "email": "worker1@cvat.org",
    "is_staff": false,
    "is_active": true,
    "date_joined": "2021-12-14T18:30:00Z",
    "groups": [
      [
        "worker"
      ]
    ],
    "user_permissions": []
  }
},
{
  "model": "auth.user",
  "pk": 7,
  "fields": {
    "password": "md5$bztPzMvTmidF9gZ0KBnZMP$69112e5cff6ee9f413afff579d37bd9f",
    "last_login": null,
    "is_superuser": false,
    "username": "worker2",
    "first_name": "Worker",
    "last_name": "Second",
    "email": "worker2@cvat.org",
    "is_staff": false,
    "is_active": true,
    "date_joined": "2021-12-14T18:30:43Z",
    "groups": [
      [
        "worker"
      ]
    ],
    "user_permissions": []
  }
},
{
  "model": "auth.user",
  "pk": 8,
  "fields": {
    "password": "md5$GdmAUO4kpBTZ1CxtBN1VEL$e8726bf27639e80c392db8f2d5143233",
    "last_login": null,
    "is_superuser": false,
    "username": "worker3",
    "first_name": "Worker",
    "last_name": "Third",
    "email": "worker3@cvat.org",
    "is_staff": false,
    "is_active": true,
    "date_joined": "2021-12-14T18:31:25Z",
    "groups": [
      [
        "worker"
      ]
    ],
    "user_permissions": []
  }
},
{
  "model": "auth.user",
  "pk": 9,
  "fields": {
    "password": "md5$zdbncWPAOiS3ZlwaOYAdOi$996e02d03fcd41c04d536090be706d2b",
    "last_login": null,
    "is_superuser": false,
    "username": "worker4",
    "first_name": "Worker",
    "last_name": "Fourth",
    "email": "worker4@cvat.org",
    "is_staff": false,
    "is_active": true,
    "date_joined": "2021-12-14T18:32:01Z",
    "groups": [
      [
        "worker"
      ]
    ],
    "user_permissions": []
  }
},
{
  "model": "auth.user",
  "pk": 10,
  "fields": {
    "password": "md5$6TyZJsUJ2hAbICwZHKp4p0$961841748b31d28bcaf3094e549d2bd5",
    "last_login": "2022-09-28T12:17:51.373Z",
    "is_superuser": false,
    "username": "user7",
    "first_name": "User",
    "last_name": "Seventh",
    "email": "user7@cvat.org",
    "is_staff": false,
    "is_active": true,
    "date_joined": "2021-12-14T18:33:06Z",
    "groups": [
      [
        "user"
      ]
    ],
    "user_permissions": []
  }
},
{
  "model": "auth.user",
  "pk": 11,
  "fields": {
    "password": "md5$oLNLFFMdjViRqnAw1th3Zl$d816d16307053866451da43fb4443b66",
    "last_login": "2022-03-17T07:22:55.930Z",
    "is_superuser": false,
    "username": "user8",
    "first_name": "User",
    "last_name": "Eighth",
    "email": "user8@cvat.org",
    "is_staff": false,
    "is_active": true,
    "date_joined": "2021-12-14T18:34:01Z",
    "groups": [
      [
        "user"
      ]
    ],
    "user_permissions": []
  }
},
{
  "model": "auth.user",
  "pk": 12,
  "fields": {
    "password": "md5$7ETBhORLrHl45WPL9CkxnN$af77496152b60ffc73ef877c99807385",
    "last_login": null,
    "is_superuser": false,
    "username": "user9",
    "first_name": "User",
    "last_name": "Nineth",
    "email": "user9@cvat.org",
    "is_staff": false,
    "is_active": true,
    "date_joined": "2021-12-14T18:34:34Z",
    "groups": [
      [
        "user"
      ]
    ],
    "user_permissions": []
  }
},
{
  "model": "auth.user",
  "pk": 13,
  "fields": {
    "password": "md5$9huaZ72ncQGfmxUqU3Hwnz$6b010216eea87409f0aca7126bd80bbd",
    "last_login": null,
    "is_superuser": false,
    "username": "user10",
    "first_name": "User",
    "last_name": "Tenth",
    "email": "user10@cvat.org",
    "is_staff": false,
    "is_active": true,
    "date_joined": "2021-12-14T18:35:15Z",
    "groups": [
      [
        "user"
      ]
    ],
    "user_permissions": []
  }
},
{
  "model": "auth.user",
  "pk": 14,
  "fields": {
    "password": "md5$8vfgStovWFWiOQ3LvlWoTU$788f7808c3f5bb1b8f14fd6797eac26e",
    "last_login": null,
    "is_superuser": false,
    "username": "dummy1",
    "first_name": "Dummy",
    "last_name": "First",
    "email": "dummy1@cvat.org",
    "is_staff": false,
    "is_active": true,
    "date_joined": "2021-12-14T18:36:00Z",
    "groups": [],
    "user_permissions": []
  }
},
{
  "model": "auth.user",
  "pk": 15,
  "fields": {
    "password": "md5$P8BxmQDegOYosxMKlJGmMW$99de8e31588e0fab33a18ac804593415",
    "last_login": null,
    "is_superuser": false,
    "username": "dummy2",
    "first_name": "Dummy",
    "last_name": "Second",
    "email": "dummy2@cvat.org",
    "is_staff": false,
    "is_active": true,
    "date_joined": "2021-12-14T18:36:31Z",
    "groups": [],
    "user_permissions": []
  }
},
{
  "model": "auth.user",
  "pk": 16,
  "fields": {
    "password": "md5$rp1gqZI3urfPDm64dulPLR$ef34e810ad556baac98b4a602bf23a59",
    "last_login": null,
    "is_superuser": false,
    "username": "dummy3",
    "first_name": "Dummy",
    "last_name": "Third",
    "email": "dummy3@cvat.org",
    "is_staff": false,
    "is_active": true,
    "date_joined": "2021-12-14T18:37:09Z",
    "groups": [],
    "user_permissions": []
  }
},
{
  "model": "auth.user",
  "pk": 17,
  "fields": {
    "password": "md5$JqhutieFdFU2Tp7qJlXDAb$f2045686d224badf21278749f4692f33",
    "last_login": null,
    "is_superuser": false,
    "username": "dummy4",
    "first_name": "Dummy",
    "last_name": "Fourth",
    "email": "dummy4@cvat.org",
    "is_staff": false,
    "is_active": true,
    "date_joined": "2021-12-14T18:37:41Z",
    "groups": [],
    "user_permissions": []
  }
},
{
  "model": "auth.user",
  "pk": 18,
  "fields": {
    "password": "md5$rKclttm53lRHC0rITF48uu$7ac59be88ed2a5de4b513edbef629258",
    "last_login": "2022-03-05T09:37:01.636Z",
    "is_superuser": true,
    "username": "admin2",
    "first_name": "Admin",
    "last_name": "Second",
    "email": "admin2@cvat.org",
    "is_staff": true,
    "is_active": true,
    "date_joined": "2021-12-14T18:38:46Z",
    "groups": [
      [
        "admin"
      ]
    ],
    "user_permissions": []
  }
},
{
  "model": "auth.user",
  "pk": 19,
  "fields": {
    "password": "md5$8oxrk7tpKgilu8o3QgWajX$9382a7ac03f3e4d51eaa499543933433",
    "last_login": null,
    "is_superuser": false,
    "username": "user5",
    "first_name": "User",
    "last_name": "Fifth",
    "email": "user5@cvat.org",
    "is_staff": false,
    "is_active": true,
    "date_joined": "2022-02-24T20:45:07Z",
    "groups": [
      [
        "user"
      ]
    ],
    "user_permissions": []
  }
},
{
  "model": "auth.user",
  "pk": 20,
  "fields": {
    "password": "md5$KC8w8e0XYvd4nwN0Sr5dyn$1eba1ae6fdcc87bba0d910a27439ca65",
    "last_login": null,
    "is_superuser": false,
    "username": "user6",
    "first_name": "User",
    "last_name": "Sixth",
    "email": "user6@cvat.org",
    "is_staff": false,
    "is_active": true,
    "date_joined": "2022-02-24T20:45:19Z",
    "groups": [
      [
        "user"
      ]
    ],
    "user_permissions": []
  }
},
{
  "model": "auth.user",
  "pk": 21,
  "fields": {
    "password": "md5$EOuzfC2uKZNEO5Chm6Lsc7$1b9c0bfc7238256d294aec08188d8775",
    "last_login": "2023-03-30T09:37:31.708Z",
    "is_superuser": false,
    "username": "lonely_user",
    "first_name": "Lonely",
    "last_name": "User",
    "email": "lonely_user@cvat.org",
    "is_staff": false,
    "is_active": true,
    "date_joined": "2023-03-30T09:37:31.615Z",
    "groups": [
      [
        "user"
      ]
    ],
    "user_permissions": []
  }
},
{
  "model": "sessions.session",
  "pk": "3p7i7jibc6g827i39r8e0ce5i9f1orzp",
  "fields": {
    "session_data": ".eJxVjDEOAiEQAP9CbQiwgGBp7xsIC6ycGkiOu8r4d0NyhbYzk3mzEPethn2UNSyZXZhkp1-GMT1LmyI_Yrt3nnrb1gX5TPhhB7_1XF7Xo_0b1Djq3AoglJTJACKS9zGB0eAdopNkz6TIWq2LLQ611gkEgjFJCTIChFPs8wX0UDee:1p26BE:nXJF4Fl6fGAvhi1ZZfLr4WJSgvc53poHLXXAM5V6NdU",
    "expire_date": "2022-12-19T07:46:24.799Z"
  }
},
{
  "model": "sessions.session",
  "pk": "5x9v6r58e4l9if78anupog0ittsq2w3j",
  "fields": {
    "session_data": ".eJxVjMEOwiAQRP-FsyEsobL16N1vIAvLStVAUtqT8d9tkx70OPPezFsFWpcS1p7nMLG6KFCn3y5Seua6A35QvTedWl3mKepd0Qft-tY4v66H-3dQqJdt7UU4MedxGKwFh0RoCBFi4niOTsSAHQFA_JaYmI2nTBEdGRRrSX2-CY443A:1nM644:zfo0j_Zkrm04UxrDj8g_nnsXrpWtRzL4oRx3hAdqyqI",
    "expire_date": "2022-03-07T10:37:08.963Z"
  }
},
{
  "model": "sessions.session",
  "pk": "8r8hzr05yskg13ugvyysz5mq67yu0q09",
  "fields": {
    "session_data": ".eJxVjEEOwiAQRe_C2pCh1AIu3fcMZIYZbNVAUtqV8e7apAvd_vfef6mI2zrFrckSZ1YXZdTpdyNMDyk74DuWW9WplnWZSe-KPmjTY2V5Xg_372DCNn3rkIZEASSjiAUx3RkkEHXOsA_kDLAAos0eemvYosvBu5xC1_NAnEC9P_-NOIo:1odoSn:hXr9ZRCpPPwIFiVyFia14QHX4dwZigtH7yGUNgU2Gfg",
    "expire_date": "2022-10-13T08:00:09.738Z"
  }
},
{
  "model": "sessions.session",
  "pk": "9432vwcpkukpdrme8vipuk9rmt4jv6c8",
  "fields": {
    "session_data": ".eJxVjDsOwyAQBe9CHSFgxS9l-pwBAbsEJxFIxq6s3D225CJp38y8jYW4LjWsg-YwIbsyyS6_W4r5Re0A-Izt0XnubZmnxA-Fn3Twe0d6307376DGUfdagfWIgEaBQVUKkSAsoIs2lFPOSiRJdrcgOSlcsd6CspS1dsrLpNnnC_apN98:1oVTwm:l7XK3LDGUWfyscT3hQeh8nOj0iu1-oh4NcdaMIoEEYg",
    "expire_date": "2022-09-20T08:28:40.843Z"
  }
},
{
  "model": "sessions.session",
  "pk": "9rh2r15lb3xra3kdqjtll5n4zw7ebw95",
  "fields": {
    "session_data": ".eJxVjDsOwjAQBe_iGln-xJ9Q0ucM1q69xgFkS3FSIe5OIqWA9s3Me7MA21rC1mkJc2JXptjld0OIT6oHSA-o98Zjq-syIz8UftLOp5bodTvdv4MCvey1tOiNIpGNATlq55IZvaABd4Ao1RCzARLWJ5dRA2kJGqxU1kfjPRL7fAHVPjfN:1nKDkD:rZM4YHHS9MckfKB5KrsvNBVMegYSRdlMqL3uDJRE0Cg",
    "expire_date": "2022-03-02T06:24:53.914Z"
  }
},
{
  "model": "sessions.session",
  "pk": "ceh8i7822nedm91xl70vi5ve4cpdmxc0",
  "fields": {
    "session_data": ".eJxVjEEOwiAQRe_C2pABWgZduu8ZyDBDpWpoUtqV8e7apAvd_vfef6lI21ri1vISJ1EXZdTpd0vEj1x3IHeqt1nzXNdlSnpX9EGbHmbJz-vh_h0UauVbZwSXMbF1vVjrAU3gwJBghHRGYeLQgWcvRNb7HrPHEIxBgM4hjU69P9b4NzY:1rrxGq:0se0EMwmZG4vJDquTqcFR7Tp-qDa-SzKJoV5OZ82UvM",
    "expire_date": "2024-04-17T09:51:04.787Z"
  }
},
{
  "model": "sessions.session",
  "pk": "d3rhbsiax4etv2gtdkl6j883hvlz21rc",
  "fields": {
    "session_data": ".eJxVjMsOwiAQRf-FtSEMDAIu3fcbyPBQqgaS0q6M_y5NutDtOefeN_O0rcVvPS9-TuzCgJ1-WaD4zHUX6UH13nhsdV3mwPeEH7bzqaX8uh7t30GhXsYaQYNDpYMULqECS9IY0uIGxmYUQdoYMCpIeRgYiXVaDXoWgkImZJ8vqTk2zg:1okTc4:kq0YGX6_uyDwCa3VLl1bcp38oBfM6XfHIk0oE4XzpPw",
    "expire_date": "2022-10-31T17:09:16.915Z"
  }
},
{
  "model": "sessions.session",
  "pk": "d5hzap008bh0kj64738vfcnlddz3rq3q",
  "fields": {
    "session_data": ".eJxVjMsOwiAQRf-FtSHQ4VFcuvcbyMAwUjU0Ke3K-O_apAvd3nPOfYmI21rj1ssSJxJnoZU4_Y4J86O0ndAd222WeW7rMiW5K_KgXV5nKs_L4f4dVOz1WzvjmIjAQWaTBstgNIzsXAnkgUJSQVmA4tFzZgDLxHoEp82AWEIQ7w8KLDgb:1ptSj6:O-nWOvTicB2nf5bWCA0_-_IWElDl02tyQY-O2obZc4Q",
    "expire_date": "2023-05-15T12:33:56.878Z"
  }
},
{
  "model": "sessions.session",
  "pk": "dpaw6pntyqwr5l6qjv6zq3yoajp301be",
  "fields": {
    "session_data": ".eJxVjEsOwjAMBe-SNYrq_BxYsucMlWO7tIAaqWlXiLujSl3A9s3Me5uetnXst6ZLP4m5GABz-h0L8VPnnciD5nu1XOd1mYrdFXvQZm9V9HU93L-Dkdq41550gJRLCCmJyoBdJmKMmaEEjpwDqmh0wuhc8Q68cmJA7M4OMJjPFyYSODI:1nUkTH:BLJ2UbMcN1AmDEbuOLS5T_O-vbrAzEW_K8oRkQZYt4M",
    "expire_date": "2022-03-31T07:22:55.934Z"
  }
},
{
  "model": "sessions.session",
  "pk": "g5dq9vpt965l4v12hq2e2mtx3cyoofwi",
  "fields": {
    "session_data": ".eJxVjEEOwiAQRe_C2hAZ6BRcuvcMZGagtmogKe3KeHfbpAvd_vfef6tI6zLGteU5TkldlFGn341JnrnsID2o3KuWWpZ5Yr0r-qBN32rKr-vh_h2M1MatZtfjAJ6DdIQZhsw-gO2tSCc-9WiyBxc4kMdBMLnOIhMyuPMmWTDq8wXrITeF:1nyr78:_kk9OqBNFufSHoqDmlrR801u639WewL9v6cDAf-qtsY",
    "expire_date": "2022-06-22T08:32:30.157Z"
  }
},
{
  "model": "sessions.session",
  "pk": "g7a60a11wtv3gyf63z38yo9dynrriy2o",
  "fields": {
    "session_data": ".eJxVjMEOwiAQRP-FsyG7oSB49O43kF22SNVAUtqT8d9tkx70Mod5b-atIq1LiWsf5ziJuihUp9-OKT3HugN5UL03nVpd5on1ruiDdn1rMr6uh_t3UKiXbZ1BbEggBBCyMwSC6PEsgBzYoM0pgHUAnvwQjOFsrDM-DVsIA7H6fAHNgTcq:1obN4y:bkeYqNAs8mjLT_JEXhoEQ5K5wMW1KiEr72ahxoqc1SA",
    "expire_date": "2022-10-06T14:21:28.474Z"
  }
},
{
  "model": "sessions.session",
  "pk": "gcz795933839j3g0t3rjgmikzkzlwse3",
  "fields": {
    "session_data": ".eJxVjEEOwiAQRe_C2hCmUCgu3XsGMjCDVA1NSrsy3l1JutDtf-_9lwi4byXsjdcwkzgLEKffLWJ6cO2A7lhvi0xL3dY5yq7IgzZ5XYifl8P9OyjYSq-9niK4b6A1cfYZnCUEBGuzZxW1UsnYFBV7A9PAIxlMzmmj8pDdyOL9AfdKOC0:1nNKyv:kkKNWtjON5Uk-FR_FbwNa3oJ8t5PEd-rZ1y8BsRyays",
    "expire_date": "2022-03-10T20:44:57.190Z"
  }
},
{
  "model": "sessions.session",
  "pk": "hyu4u2ybvftmposiq86y4fo6ghvwrvaf",
  "fields": {
    "session_data": ".eJxVjLEOwjAMRP8lM4qaOjI1IzvfEDmxSwoolZp2Qvw7qdQBxrv37t4m8LbmsFVdwiTmYpw5_XaR01PLDuTB5T7bNJd1maLdFXvQam-z6Ot6uH8HmWtuaz8QU484IqMAATgl9UgRvQp3vsGIQN51NAAKwdlpwj6OitISmc8Xw5g3Ow:1pXOTL:02xWS64tG_ABlbp8msu52jMSMNbgsXq9-SpQLR8bURc",
    "expire_date": "2023-03-15T15:34:27.895Z"
  }
},
{
  "model": "sessions.session",
  "pk": "ic4rcr36vkoymwaw6p322bjqlryvq2jd",
  "fields": {
    "session_data": ".eJxVjMsOwiAQRf-FtSEDFRhcuu83kBkeUjU0Ke3K-O_apAvd3nPOfYlA21rD1vMSpiQuQonT78YUH7ntIN2p3WYZ57YuE8tdkQftcpxTfl4P9--gUq_fWns0mX22NsLZDlE7INLWAzkyODjFyKwzAnExUQNQUamgRnIOkzLi_QHSyzeb:1mxPj7:Bl2FnM4tKrtDftiy20PMjYuIfpHYUK6FG6IYdZjPS6o",
    "expire_date": "2021-12-29T08:33:29.459Z"
  }
},
{
  "model": "sessions.session",
  "pk": "jvnj82i5nnzb7e3exzprqthd6eau2x7n",
  "fields": {
    "session_data": ".eJxVjEEOwiAQRe_C2pABWgZduu8ZyDBDpWpoUtqV8e7apAvd_vfef6lI21ri1vISJ1EXZdTpd0vEj1x3IHeqt1nzXNdlSnpX9EGbHmbJz-vh_h0UauVbZwSXMbF1vVjrAU3gwJBghHRGYeLQgWcvRNb7HrPHEIxBgM4hjU69P9b4NzY:1rrxGr:hYhi32L5iE_moUG9QBqw-qwJn6NLgVp9fObw1KlaPu8",
    "expire_date": "2024-04-17T09:51:05.193Z"
  }
},
{
  "model": "sessions.session",
  "pk": "khn67dfajnzkr0tlusuyyub011gt0aqb",
  "fields": {
    "session_data": ".eJxVjMEOwiAQRP-FsyEsobL16N1vIAvLStVAUtqT8d9tkx70OPPezFsFWpcS1p7nMLG6KFCn3y5Seua6A35QvTedWl3mKepd0Qft-tY4v66H-3dQqJdt7UU4MedxGKwFh0RoCBFi4niOTsSAHQFA_JaYmI2nTBEdGRRrSX2-CY443A:1nM5q9:nf3N_nhzYu-XfEC1O2ICYP2Zt9XXPPVziSLrP5uHSVw",
    "expire_date": "2022-03-07T10:22:45.432Z"
  }
},
{
  "model": "sessions.session",
  "pk": "kxl8ptkbmarqynt3suxkv33cj4ydkvmc",
  "fields": {
    "session_data": ".eJxVjEEOwiAQRe_C2hBKGTq4dO8ZyDCAVA0kpV0Z765NutDtf-_9l_C0rcVvPS1-juIsBnH63QLxI9UdxDvVW5Pc6rrMQe6KPGiX1xbT83K4fweFevnWFLJzkCwlUlqRNiNbNxp0aA1rBMRggBLrSBBwAguKg4sTjNlmPbB4fwDf0jez:1pgsAz:RTj9nJ-XuKRexyoIAYjnSSeB_IjwXNoqh49bdhH9wMc",
    "expire_date": "2023-04-10T19:06:41.555Z"
  }
},
{
  "model": "sessions.session",
  "pk": "lqzut02cip3i7xxinmal28z3mo302vey",
  "fields": {
    "session_data": ".eJxVjEEOwiAQRe_C2hCmUCgu3XsGMjCDVA1NSrsy3l1JutDtf-_9lwi4byXsjdcwkzgLEKffLWJ6cO2A7lhvi0xL3dY5yq7IgzZ5XYifl8P9OyjYSq-9niK4b6A1cfYZnCUEBGuzZxW1UsnYFBV7A9PAIxlMzmmj8pDdyOL9AfdKOC0:1nNLbm:bXtVicsOrZtQ_p4Qr9bOTAmHWYJMHD8_GCUbncB6nzQ",
    "expire_date": "2022-03-10T21:25:06.476Z"
  }
},
{
  "model": "sessions.session",
  "pk": "mnb97kue40xo05g2rwwkw6d34sxrnesw",
  "fields": {
    "session_data": ".eJxVjDsOwjAQBe_iGllO8E-U9JzB2l3v4gBypDipEHfHkVJAOzPvvVWCbS1pa7ykKauLGtTplyHQk-su8gPqfdY013WZUO-JPmzTtznz63q0fwcFWunrgELAEtGgEzcCGTp7I4ZCdA5iN9KRFaA8YARvDXoL7GNgO5Jn9fkCIRs5Sw:1mxQKq:6A9lz-3mKMJukzqDk-DXfGIbDNeLeGul_TgZ7A6Xlf8",
    "expire_date": "2021-12-29T09:12:28.010Z"
  }
},
{
  "model": "sessions.session",
  "pk": "mowah8yfroat6jhey5djwlbhn2y98v7l",
  "fields": {
    "session_data": ".eJxVjMsOwiAURP-FtSE8ysul-34DgctFqgaS0q6M_y5NutBkVmfOzJv4sG_F7x1XvyRyJZxcflkM8MR6FOkR6r1RaHVbl0gPhZ5tp3NL-Lqd7t9BCb2MtTXWKeXyJJWZRAaeXMw2guNKg8IRI5GBGRSZBm1RoAnKMmlBC9Dk8wXZOzfQ:1oDoCM:omYDtljIF2gwQQ5gATz0c8n2Y4QYoBpS0m4RckO8Mn4",
    "expire_date": "2022-08-02T14:27:42.020Z"
  }
},
{
  "model": "sessions.session",
  "pk": "o8j1a2nv54lfpfrrg44h5h93jj7xxh60",
  "fields": {
    "session_data": ".eJxVjMsOwiAQRf-FtSG8EZfu_QYyzIBUDSSlXRn_3TbpQrf3nHPfLMK61LiOPMeJ2IVJdvrdEuAztx3QA9q9c-xtmafEd4UfdPBbp_y6Hu7fQYVRt1pk8rKQdLZQAJc8WqdRepJnkMU5j8qJ4AMFoxUqXaxRIDaEypqiEvt8AeKHN58:1odW3U:8KSfPTBjmZAKj1CGyu6KNB7dVP-lx1qvWe3yAiI0lio",
    "expire_date": "2022-10-12T12:20:48.638Z"
  }
},
{
  "model": "sessions.session",
  "pk": "oy4oy702g9qr34fjne8jnxoxvqaiaq26",
  "fields": {
    "session_data": ".eJxVjDEOwjAMRe-SGUUtwW3MyM4ZIjt2SAElUtNOiLtDpQ6w_vfef5lA65LD2nQOk5iz6Ttz-B2Z4kPLRuRO5VZtrGWZJ7abYnfa7LWKPi-7-3eQqeVvfRR16k8sw5DGiI6J0CH46NmxCgGAAqlg6gGpS270wJCiS4pJGcz7AzCgOXQ:1nQRhU:CENLo_Qbw2AV-CZEYqplcFq3P2SRLzudId1jiN9gyuQ",
    "expire_date": "2022-03-19T10:31:48.862Z"
  }
},
{
  "model": "sessions.session",
  "pk": "po0rbd1yhywmc0i2jfam69r419a66aj8",
  "fields": {
    "session_data": ".eJxVjMsOwiAQRf-FtSE8pB1cuvcbCMMMUjWQlHZl_HdD0oVu7znnvkWI-1bC3nkNC4mL0OL0u2FMT64D0CPWe5Op1W1dUA5FHrTLWyN-XQ_376DEXkY9QeKzIpWVn9gYhEhkI3lyYFg7jTMDg7WkAdF5mCFh9mRZZUhOi88X-eU4dg:1mzwj8:CWx3-u6eXmWLpwiFMK5_yWnoPY3yUSf1QCZY-UdJcF8",
    "expire_date": "2022-01-05T08:11:58.507Z"
  }
},
{
  "model": "sessions.session",
  "pk": "qje4thj4oqumlmj2fe27gae72jg4j6u8",
  "fields": {
    "session_data": ".eJxVjDsOwjAQBe_iGll2Ev8o6TmDtetd4wCypTipEHeHSCmgfTPzXiLCtpa4dV7iTOIstBKn3xEhPbjuhO5Qb02mVtdlRrkr8qBdXhvx83K4fwcFevnWjDT6KfmRlSEHTmGyOfigKA8aR9TZgiXO3jKlwRAr61JGA2YKgZ0S7w8qsjkD:1mxDjE:ktIwpvhQwj3_BtA8Avyq5WmmpmIJD88pF_vSxFzeetA",
    "expire_date": "2021-12-28T19:44:48.529Z"
  }
},
{
  "model": "sessions.session",
  "pk": "rmk4xete2em5m8rbllkk7d2nbd4q4rzg",
  "fields": {
    "session_data": ".eJxVjEEOwiAQRe_C2pDSDjC4dO8ZCMOAVA0kpV0Z765NutDtf-_9l_BhW4vfelr8zOIslDj9bhTiI9Ud8D3UW5Ox1XWZSe6KPGiX18bpeTncv4MSevnWzo0RtZ0MgAEmVg4HS2jdoAxqpAh5cmizNkwBIRlFEJzmEdhkVCTeH7LvNxA:1pabKo:-Qpngoe5m2XSdO9BYT01S3o_V8dldaxml3hDBR9GcNc",
    "expire_date": "2023-03-24T11:54:54.631Z"
  }
},
{
  "model": "sessions.session",
  "pk": "v28l0efbrv9x06z97ilwcf7lwtuf4ctc",
  "fields": {
    "session_data": ".eJxVjDsOwjAQRO_iGlm22fhDSc8ZrLV3gwPIluKkQtydREoBzRTz3sxbRFyXEtfOc5xIXIRW4vRbJsxPrjuhB9Z7k7nVZZ6S3BV50C5vjfh1Pdy_g4K9bGuLXqMDQqdDTtYN6AHIIoGGMIJlQwxB-VFn3gLPzjil3ABkAIBZfL7_vTer:1nABOV:0UAK9VV6D18QF1-189XQ2T9LrQUSdioGNoHdRUzzt7o",
    "expire_date": "2022-02-02T13:52:59.489Z"
  }
},
{
  "model": "sessions.session",
  "pk": "vph7z81qem6c9705bnj7xxvzmzod24ck",
  "fields": {
    "session_data": ".eJxVjEEOgjAQRe_StWlmahlal-45A5npFEFNSSisjHdXEha6_e-9_zI9b-vYbzUv_aTmYhDM6XcUTo9cdqJ3LrfZprmsyyR2V-xBq-1mzc_r4f4djFzHbx2G5oxKA4foXCRS9QlEghKDpwBNExWyEw-Z2owOJSTH2IK24smjeX8A-A43ag:1oVRr1:YjNerWaOn53u4nuATnD-oXeI5uqdL6lAyKX4jCG0b94",
    "expire_date": "2022-09-20T06:14:35.567Z"
  }
},
{
  "model": "sessions.session",
  "pk": "wf6d6vzf4u74l08o0qgbqehei21hibea",
  "fields": {
    "session_data": ".eJxVjDEOwjAMRe-SGUUkpHZgZO8ZIttxSAG1UtNOiLtDpQ6w_vfef5lE61LT2nROQzYX48zhd2OSh44byHcab5OVaVzmge2m2J02209Zn9fd_Tuo1Oq3DrGwD040Ro_-nJmJgkgsqAAIioCi0KGKMhU4Mgip6wjRF6JyMu8PBAI5Mw:1nIXJc:oovNJRods5cbviWOWush4H3jDdP8XklEignva_EnQ8Q",
    "expire_date": "2022-02-25T14:54:28.092Z"
  }
},
{
  "model": "sessions.session",
  "pk": "y0gqgy87qj5rzdymhcrm5cilkbzmmmdi",
  "fields": {
    "session_data": ".eJxVjEEOwiAQRe_C2hCmdCi4dN8zkIEBqZqSlHZlvLtt0oVu_3vvv4WnbS1-a2nxE4urACUuv2Og-EzzQfhB873KWOd1mYI8FHnSJsfK6XU73b-DQq3sdbbUJaNz4MToIvfEoBBwQDDKoYXOaZNcwH4nGYGGAGQtdho4Rg3i8wUMbDfM:1ptP7Q:QohmTMRYLohe_xym4-jZdnDdhEcDBLoWmnf-6tnNuAY",
    "expire_date": "2023-05-15T08:42:48.134Z"
  }
},
{
  "model": "authtoken.token",
  "pk": "0df6f76f61b1fcacb0536c357e10032048f1a4f5",
  "fields": {
    "user": [
      "user1"
    ],
    "created": "2023-09-15T07:52:46.956Z"
  }
},
{
  "model": "authtoken.token",
  "pk": "2dcf8d2ff5032c3cf7d276549af3a50edb4f11c8",
  "fields": {
    "user": [
      "admin1"
    ],
    "created": "2022-12-05T07:46:24.792Z"
  }
},
{
  "model": "authtoken.token",
  "pk": "53da3ff9e514d84b56b5170059ff0f595c34157b",
  "fields": {
    "user": [
      "user8"
    ],
    "created": "2022-03-17T07:22:55.921Z"
  }
},
{
  "model": "authtoken.token",
  "pk": "7245b803f045dc12002d72473e3479ce6146801c",
  "fields": {
    "user": [
      "lonely_user"
    ],
    "created": "2023-03-30T09:37:31.700Z"
  }
},
{
  "model": "authtoken.token",
  "pk": "c051fe19df24a0ac4c6bec5e635034271c9549dc",
  "fields": {
    "user": [
      "user7"
    ],
    "created": "2023-05-01T08:42:48.127Z"
  }
},
{
  "model": "sites.site",
  "pk": 1,
  "fields": {
    "domain": "example.com",
    "name": "example.com"
  }
},
{
  "model": "account.emailaddress",
  "pk": 1,
  "fields": {
    "user": [
      "admin1"
    ],
    "email": "admin1@cvat.org",
    "verified": true,
    "primary": true
  }
},
{
  "model": "account.emailaddress",
  "pk": 2,
  "fields": {
    "user": [
      "admin2"
    ],
    "email": "admin2@cvat.org",
    "verified": true,
    "primary": true
  }
},
{
  "model": "account.emailaddress",
  "pk": 3,
  "fields": {
    "user": [
      "lonely_user"
    ],
    "email": "lonely_user@cvat.org",
    "verified": false,
    "primary": true
  }
},
{
  "model": "organizations.organization",
  "pk": 1,
  "fields": {
    "created_date": "2021-12-14T18:45:40.172Z",
    "updated_date": "2021-12-14T18:45:40.172Z",
    "slug": "org1",
    "name": "organization #1",
    "description": "",
    "contact": {
      "email": "org1@cvat.org"
    },
    "owner": [
      "user1"
    ]
  }
},
{
  "model": "organizations.organization",
  "pk": 2,
  "fields": {
    "created_date": "2021-12-14T19:51:38.667Z",
    "updated_date": "2021-12-14T19:51:38.667Z",
    "slug": "org2",
    "name": "Organization #2",
    "description": "",
    "contact": {
      "email": "org2@cvat.org"
    },
    "owner": [
      "user7"
    ]
  }
},
{
  "model": "organizations.membership",
  "pk": 1,
  "fields": {
    "user": [
      "user1"
    ],
    "organization": 1,
    "is_active": true,
    "joined_date": "2021-12-14T18:45:40.172Z",
    "role": "owner"
  }
},
{
  "model": "organizations.membership",
  "pk": 2,
  "fields": {
    "user": [
      "worker1"
    ],
    "organization": 1,
    "is_active": true,
    "joined_date": "2021-12-14T18:47:39.935Z",
    "role": "worker"
  }
},
{
  "model": "organizations.membership",
  "pk": 3,
  "fields": {
    "user": [
      "worker2"
    ],
    "organization": 1,
    "is_active": true,
    "joined_date": "2021-12-14T18:47:49.322Z",
    "role": "worker"
  }
},
{
  "model": "organizations.membership",
  "pk": 4,
  "fields": {
    "user": [
      "user7"
    ],
    "organization": 1,
    "is_active": true,
    "joined_date": "2021-12-14T18:48:46.579Z",
    "role": "maintainer"
  }
},
{
  "model": "organizations.membership",
  "pk": 5,
  "fields": {
    "user": [
      "user7"
    ],
    "organization": 2,
    "is_active": true,
    "joined_date": "2021-12-14T19:51:38.667Z",
    "role": "owner"
  }
},
{
  "model": "organizations.membership",
  "pk": 6,
  "fields": {
    "user": [
      "user8"
    ],
    "organization": 2,
    "is_active": true,
    "joined_date": "2021-12-14T19:54:33.591Z",
    "role": "maintainer"
  }
},
{
  "model": "organizations.membership",
  "pk": 7,
  "fields": {
    "user": [
      "worker2"
    ],
    "organization": 2,
    "is_active": true,
    "joined_date": "2021-12-14T19:54:46.172Z",
    "role": "worker"
  }
},
{
  "model": "organizations.membership",
  "pk": 8,
  "fields": {
    "user": [
      "worker3"
    ],
    "organization": 2,
    "is_active": true,
    "joined_date": "2021-12-14T19:54:56.431Z",
    "role": "worker"
  }
},
{
  "model": "organizations.membership",
  "pk": 9,
  "fields": {
    "user": [
      "user2"
    ],
    "organization": 2,
    "is_active": true,
    "joined_date": "2021-12-14T19:55:13.745Z",
    "role": "supervisor"
  }
},
{
  "model": "organizations.membership",
  "pk": 10,
  "fields": {
    "user": [
      "user3"
    ],
    "organization": 2,
    "is_active": true,
    "joined_date": "2022-01-19T13:54:42.005Z",
    "role": "supervisor"
  }
},
{
  "model": "organizations.membership",
  "pk": 11,
  "fields": {
    "user": [
      "user4"
    ],
    "organization": 2,
    "is_active": true,
    "joined_date": "2022-01-19T13:54:42.015Z",
    "role": "maintainer"
  }
},
{
  "model": "organizations.membership",
  "pk": 12,
  "fields": {
    "user": [
      "user5"
    ],
    "organization": 2,
    "is_active": true,
    "joined_date": "2022-02-24T21:29:21.978Z",
    "role": "worker"
  }
},
{
  "model": "organizations.membership",
  "pk": 13,
  "fields": {
    "user": [
      "user5"
    ],
    "organization": 1,
    "is_active": true,
    "joined_date": "2022-09-28T13:11:37.839Z",
    "role": "supervisor"
  }
},
{
  "model": "organizations.membership",
  "pk": 14,
  "fields": {
    "user": [
      "user4"
    ],
    "organization": 1,
    "is_active": true,
    "joined_date": "2023-09-15T07:53:52.115Z",
    "role": "supervisor"
  }
},
{
  "model": "organizations.membership",
  "pk": 15,
  "fields": {
    "user": [
      "user8"
    ],
    "organization": 1,
    "is_active": true,
    "joined_date": "2023-09-15T07:53:52.116Z",
    "role": "maintainer"
  }
},
{
  "model": "organizations.invitation",
  "pk": "5FjIXya6fTGvlRpauFvi2QN1wDOqo1V9REB5rJinDR8FZO9gr0qmtWpghsCte8Y1",
  "fields": {
    "created_date": "2022-01-19T13:54:42.005Z",
    "sent_date": "2022-01-19T13:54:42.005Z",
    "owner": [
      "user7"
    ],
    "membership": 10
  }
},
{
  "model": "organizations.invitation",
  "pk": "62HplmGPJuzpTXSyzPWiAlREkq8smCjK30GdtYze3q03J9X5ghQe3oMhlAyQ0WBH",
  "fields": {
    "created_date": "2021-12-14T19:54:46.172Z",
    "sent_date": "2021-12-14T19:54:46.172Z",
    "owner": [
      "user7"
    ],
    "membership": 7
  }
},
{
  "model": "organizations.invitation",
  "pk": "BrwoDmMNQQ1v9WXOukp9DwQVuqB3RDPjpUECCEq6QcAuG0Pi8k1IYtQ9uz9jg0Bv",
  "fields": {
    "created_date": "2022-01-19T13:54:42.015Z",
    "sent_date": "2022-01-19T13:54:42.015Z",
    "owner": [
      "user7"
    ],
    "membership": 11
  }
},
{
  "model": "organizations.invitation",
  "pk": "Fi3WRUhFxTWpMiVpdwNR2CGyhgcIXSCUYgPCugPq72QUOgHz9NSMOGiKS3PfJ7Ql",
  "fields": {
    "created_date": "2022-02-24T21:29:21.978Z",
    "sent_date": "2022-02-24T21:29:21.978Z",
    "owner": [
      "admin1"
    ],
    "membership": 12
  }
},
{
  "model": "organizations.invitation",
  "pk": "Lzyzgo161I7Fej1vC5RXPdyUgCBfbuxsEEhHYeYOJqvbeJe5clPDnqCm7pKOC9tr",
  "fields": {
    "created_date": "2021-12-14T18:47:39.935Z",
    "sent_date": "2021-12-14T18:47:39.935Z",
    "owner": [
      "user1"
    ],
    "membership": 2
  }
},
{
  "model": "organizations.invitation",
  "pk": "Y1I4FFU27WRqq2rWQLtKjDztMqpvqW7gJgg7q73F7oE4H5kukvXugWjiTLHclPDu",
  "fields": {
    "created_date": "2021-12-14T19:54:33.591Z",
    "sent_date": "2021-12-14T19:54:33.591Z",
    "owner": [
      "user7"
    ],
    "membership": 6
  }
},
{
  "model": "organizations.invitation",
  "pk": "aViZkw9TaieLoZaswEnkMy8tTet1yYDRof3eKZDtZaHf1BItgCNNM6y6fnjrkrej",
  "fields": {
    "created_date": "2021-12-14T18:47:49.322Z",
    "sent_date": "2021-12-14T18:47:49.322Z",
    "owner": [
      "user1"
    ],
    "membership": 3
  }
},
{
  "model": "organizations.invitation",
  "pk": "cbmm587Z05WQUYvesIZUCtbTl7CEL4thv1Au6Nr51psflITn9X6BsvNFXcNEkoYn",
  "fields": {
    "created_date": "2021-12-14T18:48:46.579Z",
    "sent_date": "2021-12-14T18:48:46.579Z",
    "owner": [
      "user1"
    ],
    "membership": 4
  }
},
{
  "model": "organizations.invitation",
  "pk": "d2Zaawf81uImG1nmWA0Va0Bv5EPERt1edJDTgTgMZiefZ2QmC1IdPld9LIPnkiWR",
  "fields": {
    "created_date": "2023-09-15T07:53:52.115Z",
    "sent_date": "2023-09-15T07:53:52.115Z",
    "owner": [
      "user1"
    ],
    "membership": 14
  }
},
{
  "model": "organizations.invitation",
  "pk": "h43G28di7vfs4Jv5VrKZ26xvGAfm6Yc2FFv14z9EKhiuIEDQ22pEnzmSCab8MnK1",
  "fields": {
    "created_date": "2021-12-14T19:55:13.745Z",
    "sent_date": "2021-12-14T19:55:13.745Z",
    "owner": [
      "user7"
    ],
    "membership": 9
  }
},
{
  "model": "organizations.invitation",
  "pk": "hIH9RB3QqZLFwdUDmufaSPc2H8uS5cNjcG6pk8gfAIQ4jg6nJZZWDIQHMN1gFMk9",
  "fields": {
    "created_date": "2022-09-28T13:11:37.839Z",
    "sent_date": "2022-09-28T13:11:37.839Z",
    "owner": [
      "admin1"
    ],
    "membership": 13
  }
},
{
  "model": "organizations.invitation",
  "pk": "mFpVV2Yh39uUdU8IpigSxvuPegqi8sjxFi6P9Jdy6fBE8Ky9Juzi1KjeGDQsizSS",
  "fields": {
    "created_date": "2021-12-14T19:54:56.431Z",
    "sent_date": "2021-12-14T19:54:56.431Z",
    "owner": [
      "user7"
    ],
    "membership": 8
  }
},
{
  "model": "organizations.invitation",
  "pk": "q8GWTPiR1Vz9DDO6MQo1B6pUBzW9GjDb6AUQPziAV62jD7OpCLZji0GS66C48wRX",
  "fields": {
    "created_date": "2023-09-15T07:53:52.116Z",
    "sent_date": "2023-09-15T07:53:52.116Z",
    "owner": [
      "user1"
    ],
    "membership": 15
  }
},
{
  "model": "engine.validationlayout",
  "pk": 1,
  "fields": {
    "task_data": 21,
    "mode": "gt",
    "frames_per_job_count": null,
    "frames": "0,1,2",
    "disabled_frames": "[]"
  }
},
{
  "model": "engine.validationlayout",
  "pk": 2,
  "fields": {
    "task_data": 22,
    "mode": "gt",
    "frames_per_job_count": null,
    "frames": "4,5,7",
    "disabled_frames": "[]"
  }
},
{
  "model": "engine.validationlayout",
  "pk": 3,
  "fields": {
    "task_data": 28,
    "mode": "gt_pool",
    "frames_per_job_count": 3,
    "frames": "23,24,25,26,27,28",
    "disabled_frames": "[]"
  }
},
{
  "model": "engine.validationlayout",
  "pk": 4,
  "fields": {
    "task_data": 29,
    "mode": "gt_pool",
    "frames_per_job_count": 2,
    "frames": "8,9",
    "disabled_frames": "[]"
  }
},
{
  "model": "engine.data",
  "pk": 2,
  "fields": {
    "chunk_size": 72,
    "size": 23,
    "image_quality": 70,
    "start_frame": 0,
    "stop_frame": 22,
    "frame_filter": "",
    "compressed_chunk_type": "imageset",
    "original_chunk_type": "imageset",
    "storage_method": "cache",
    "storage": "local",
    "cloud_storage": null,
    "sorting_method": "lexicographical",
    "deleted_frames": "[]"
  }
},
{
  "model": "engine.data",
  "pk": 5,
  "fields": {
    "chunk_size": 72,
    "size": 25,
    "image_quality": 70,
    "start_frame": 0,
    "stop_frame": 24,
    "frame_filter": "",
    "compressed_chunk_type": "imageset",
    "original_chunk_type": "video",
    "storage_method": "cache",
    "storage": "local",
    "cloud_storage": null,
    "sorting_method": "lexicographical",
    "deleted_frames": "[]"
  }
},
{
  "model": "engine.data",
  "pk": 6,
  "fields": {
    "chunk_size": 72,
    "size": 1,
    "image_quality": 70,
    "start_frame": 0,
    "stop_frame": 0,
    "frame_filter": "",
    "compressed_chunk_type": "imageset",
    "original_chunk_type": "imageset",
    "storage_method": "cache",
    "storage": "local",
    "cloud_storage": null,
    "sorting_method": "lexicographical",
    "deleted_frames": "[]"
  }
},
{
  "model": "engine.data",
  "pk": 7,
  "fields": {
    "chunk_size": 72,
    "size": 11,
    "image_quality": 70,
    "start_frame": 0,
    "stop_frame": 10,
    "frame_filter": "",
    "compressed_chunk_type": "imageset",
    "original_chunk_type": "imageset",
    "storage_method": "cache",
    "storage": "local",
    "cloud_storage": null,
    "sorting_method": "lexicographical",
    "deleted_frames": "[]"
  }
},
{
  "model": "engine.data",
  "pk": 8,
  "fields": {
    "chunk_size": 72,
    "size": 14,
    "image_quality": 70,
    "start_frame": 0,
    "stop_frame": 13,
    "frame_filter": "",
    "compressed_chunk_type": "imageset",
    "original_chunk_type": "imageset",
    "storage_method": "cache",
    "storage": "local",
    "cloud_storage": null,
    "sorting_method": "lexicographical",
    "deleted_frames": "[]"
  }
},
{
  "model": "engine.data",
  "pk": 9,
  "fields": {
    "chunk_size": 72,
    "size": 20,
    "image_quality": 70,
    "start_frame": 0,
    "stop_frame": 19,
    "frame_filter": "",
    "compressed_chunk_type": "imageset",
    "original_chunk_type": "imageset",
    "storage_method": "cache",
    "storage": "local",
    "cloud_storage": null,
    "sorting_method": "lexicographical",
    "deleted_frames": "[]"
  }
},
{
  "model": "engine.data",
  "pk": 11,
  "fields": {
    "chunk_size": 72,
    "size": 11,
    "image_quality": 70,
    "start_frame": 0,
    "stop_frame": 10,
    "frame_filter": "",
    "compressed_chunk_type": "imageset",
    "original_chunk_type": "imageset",
    "storage_method": "cache",
    "storage": "local",
    "cloud_storage": null,
    "sorting_method": "lexicographical",
    "deleted_frames": "[]"
  }
},
{
  "model": "engine.data",
  "pk": 12,
  "fields": {
    "chunk_size": 72,
    "size": 5,
    "image_quality": 70,
    "start_frame": 0,
    "stop_frame": 4,
    "frame_filter": "",
    "compressed_chunk_type": "imageset",
    "original_chunk_type": "imageset",
    "storage_method": "cache",
    "storage": "local",
    "cloud_storage": null,
    "sorting_method": "lexicographical",
    "deleted_frames": "[]"
  }
},
{
  "model": "engine.data",
  "pk": 13,
  "fields": {
    "chunk_size": 72,
    "size": 8,
    "image_quality": 70,
    "start_frame": 0,
    "stop_frame": 7,
    "frame_filter": "",
    "compressed_chunk_type": "imageset",
    "original_chunk_type": "imageset",
    "storage_method": "cache",
    "storage": "local",
    "cloud_storage": null,
    "sorting_method": "lexicographical",
    "deleted_frames": "[]"
  }
},
{
  "model": "engine.data",
  "pk": 14,
  "fields": {
    "chunk_size": 72,
    "size": 25,
    "image_quality": 70,
    "start_frame": 0,
    "stop_frame": 24,
    "frame_filter": "",
    "compressed_chunk_type": "imageset",
    "original_chunk_type": "video",
    "storage_method": "cache",
    "storage": "local",
    "cloud_storage": null,
    "sorting_method": "lexicographical",
    "deleted_frames": "[]"
  }
},
{
  "model": "engine.data",
  "pk": 16,
  "fields": {
    "chunk_size": 72,
    "size": 5,
    "image_quality": 70,
    "start_frame": 0,
    "stop_frame": 4,
    "frame_filter": "",
    "compressed_chunk_type": "imageset",
    "original_chunk_type": "imageset",
    "storage_method": "cache",
    "storage": "local",
    "cloud_storage": null,
    "sorting_method": "lexicographical",
    "deleted_frames": "[]"
  }
},
{
  "model": "engine.data",
  "pk": 17,
  "fields": {
    "chunk_size": 72,
    "size": 2,
    "image_quality": 70,
    "start_frame": 0,
    "stop_frame": 1,
    "frame_filter": "",
    "compressed_chunk_type": "imageset",
    "original_chunk_type": "imageset",
    "storage_method": "cache",
    "storage": "local",
    "cloud_storage": null,
    "sorting_method": "lexicographical",
    "deleted_frames": "[]"
  }
},
{
  "model": "engine.data",
  "pk": 18,
  "fields": {
    "chunk_size": 72,
    "size": 2,
    "image_quality": 70,
    "start_frame": 0,
    "stop_frame": 1,
    "frame_filter": "",
    "compressed_chunk_type": "imageset",
    "original_chunk_type": "imageset",
    "storage_method": "cache",
    "storage": "local",
    "cloud_storage": null,
    "sorting_method": "lexicographical",
    "deleted_frames": "[]"
  }
},
{
  "model": "engine.data",
  "pk": 19,
  "fields": {
    "chunk_size": 72,
    "size": 2,
    "image_quality": 70,
    "start_frame": 0,
    "stop_frame": 1,
    "frame_filter": "",
    "compressed_chunk_type": "imageset",
    "original_chunk_type": "imageset",
    "storage_method": "cache",
    "storage": "local",
    "cloud_storage": null,
    "sorting_method": "lexicographical",
    "deleted_frames": "[]"
  }
},
{
  "model": "engine.data",
  "pk": 20,
  "fields": {
    "chunk_size": 72,
    "size": 10,
    "image_quality": 70,
    "start_frame": 0,
    "stop_frame": 9,
    "frame_filter": "",
    "compressed_chunk_type": "imageset",
    "original_chunk_type": "imageset",
    "storage_method": "cache",
    "storage": "local",
    "cloud_storage": null,
    "sorting_method": "lexicographical",
    "deleted_frames": "[]"
  }
},
{
  "model": "engine.data",
  "pk": 21,
  "fields": {
    "chunk_size": 72,
    "size": 11,
    "image_quality": 70,
    "start_frame": 0,
    "stop_frame": 10,
    "frame_filter": "",
    "compressed_chunk_type": "imageset",
    "original_chunk_type": "imageset",
    "storage_method": "cache",
    "storage": "local",
    "cloud_storage": null,
    "sorting_method": "lexicographical",
    "deleted_frames": "[]"
  }
},
{
  "model": "engine.data",
  "pk": 22,
  "fields": {
    "chunk_size": 72,
    "size": 11,
    "image_quality": 70,
    "start_frame": 0,
    "stop_frame": 10,
    "frame_filter": "",
    "compressed_chunk_type": "imageset",
    "original_chunk_type": "imageset",
    "storage_method": "cache",
    "storage": "local",
    "cloud_storage": null,
    "sorting_method": "lexicographical",
    "deleted_frames": "[]"
  }
},
{
  "model": "engine.data",
  "pk": 23,
  "fields": {
    "chunk_size": 72,
    "size": 1,
    "image_quality": 70,
    "start_frame": 0,
    "stop_frame": 0,
    "frame_filter": "",
    "compressed_chunk_type": "imageset",
    "original_chunk_type": "imageset",
    "storage_method": "cache",
    "storage": "local",
    "cloud_storage": null,
    "sorting_method": "lexicographical",
    "deleted_frames": "[]"
  }
},
{
  "model": "engine.data",
  "pk": 24,
  "fields": {
    "chunk_size": 72,
    "size": 1,
    "image_quality": 70,
    "start_frame": 0,
    "stop_frame": 0,
    "frame_filter": "",
    "compressed_chunk_type": "imageset",
    "original_chunk_type": "imageset",
    "storage_method": "cache",
    "storage": "local",
    "cloud_storage": null,
    "sorting_method": "lexicographical",
    "deleted_frames": "[]"
  }
},
{
  "model": "engine.data",
  "pk": 25,
  "fields": {
    "chunk_size": 72,
    "size": 1,
    "image_quality": 70,
    "start_frame": 0,
    "stop_frame": 0,
    "frame_filter": "",
    "compressed_chunk_type": "imageset",
    "original_chunk_type": "imageset",
    "storage_method": "cache",
    "storage": "local",
    "cloud_storage": null,
    "sorting_method": "lexicographical",
    "deleted_frames": "[]"
  }
},
{
  "model": "engine.data",
  "pk": 26,
  "fields": {
    "chunk_size": 72,
    "size": 1,
    "image_quality": 70,
    "start_frame": 0,
    "stop_frame": 0,
    "frame_filter": "",
    "compressed_chunk_type": "imageset",
    "original_chunk_type": "imageset",
    "storage_method": "cache",
    "storage": "local",
    "cloud_storage": null,
    "sorting_method": "lexicographical",
    "deleted_frames": "[]"
  }
},
{
  "model": "engine.data",
  "pk": 27,
  "fields": {
    "chunk_size": 72,
    "size": 1,
    "image_quality": 70,
    "start_frame": 0,
    "stop_frame": 0,
    "frame_filter": "",
    "compressed_chunk_type": "imageset",
    "original_chunk_type": "imageset",
    "storage_method": "cache",
    "storage": "local",
    "cloud_storage": null,
    "sorting_method": "lexicographical",
    "deleted_frames": "[]"
  }
},
{
  "model": "engine.data",
  "pk": 28,
  "fields": {
    "chunk_size": 3,
    "size": 29,
    "image_quality": 70,
    "start_frame": 0,
    "stop_frame": 28,
    "frame_filter": "",
    "compressed_chunk_type": "imageset",
    "original_chunk_type": "imageset",
    "storage_method": "cache",
    "storage": "local",
    "cloud_storage": null,
    "sorting_method": "lexicographical",
    "deleted_frames": "[]"
  }
},
{
  "model": "engine.data",
  "pk": 29,
  "fields": {
    "chunk_size": 72,
    "size": 10,
    "image_quality": 70,
    "start_frame": 0,
    "stop_frame": 9,
    "frame_filter": "",
    "compressed_chunk_type": "imageset",
    "original_chunk_type": "imageset",
    "storage_method": "cache",
    "storage": "local",
    "cloud_storage": null,
    "sorting_method": "random",
    "deleted_frames": "[]"
  }
},
{
  "model": "engine.video",
  "pk": 1,
  "fields": {
    "data": 5,
    "path": "test_video_1.mp4",
    "width": 1280,
    "height": 720
  }
},
{
  "model": "engine.video",
  "pk": 2,
  "fields": {
    "data": 14,
    "path": "test_video_1.mp4",
    "width": 1280,
    "height": 720
  }
},
{
  "model": "engine.image",
  "pk": 131,
  "fields": {
    "data": 2,
    "path": "118.png",
    "frame": 0,
    "width": 940,
    "height": 805,
    "is_placeholder": false,
    "real_frame": 0
  }
},
{
  "model": "engine.image",
  "pk": 132,
  "fields": {
    "data": 2,
    "path": "119.png",
    "frame": 1,
    "width": 693,
    "height": 357,
    "is_placeholder": false,
    "real_frame": 0
  }
},
{
  "model": "engine.image",
  "pk": 133,
  "fields": {
    "data": 2,
    "path": "120.png",
    "frame": 2,
    "width": 254,
    "height": 301,
    "is_placeholder": false,
    "real_frame": 0
  }
},
{
  "model": "engine.image",
  "pk": 134,
  "fields": {
    "data": 2,
    "path": "121.png",
    "frame": 3,
    "width": 918,
    "height": 334,
    "is_placeholder": false,
    "real_frame": 0
  }
},
{
  "model": "engine.image",
  "pk": 135,
  "fields": {
    "data": 2,
    "path": "122.png",
    "frame": 4,
    "width": 619,
    "height": 115,
    "is_placeholder": false,
    "real_frame": 0
  }
},
{
  "model": "engine.image",
  "pk": 136,
  "fields": {
    "data": 2,
    "path": "123.png",
    "frame": 5,
    "width": 599,
    "height": 738,
    "is_placeholder": false,
    "real_frame": 0
  }
},
{
  "model": "engine.image",
  "pk": 137,
  "fields": {
    "data": 2,
    "path": "124.png",
    "frame": 6,
    "width": 306,
    "height": 355,
    "is_placeholder": false,
    "real_frame": 0
  }
},
{
  "model": "engine.image",
  "pk": 138,
  "fields": {
    "data": 2,
    "path": "125.png",
    "frame": 7,
    "width": 838,
    "height": 507,
    "is_placeholder": false,
    "real_frame": 0
  }
},
{
  "model": "engine.image",
  "pk": 139,
  "fields": {
    "data": 2,
    "path": "126.png",
    "frame": 8,
    "width": 885,
    "height": 211,
    "is_placeholder": false,
    "real_frame": 0
  }
},
{
  "model": "engine.image",
  "pk": 140,
  "fields": {
    "data": 2,
    "path": "127.png",
    "frame": 9,
    "width": 553,
    "height": 522,
    "is_placeholder": false,
    "real_frame": 0
  }
},
{
  "model": "engine.image",
  "pk": 141,
  "fields": {
    "data": 2,
    "path": "128.png",
    "frame": 10,
    "width": 424,
    "height": 826,
    "is_placeholder": false,
    "real_frame": 0
  }
},
{
  "model": "engine.image",
  "pk": 142,
  "fields": {
    "data": 2,
    "path": "129.png",
    "frame": 11,
    "width": 264,
    "height": 984,
    "is_placeholder": false,
    "real_frame": 0
  }
},
{
  "model": "engine.image",
  "pk": 143,
  "fields": {
    "data": 2,
    "path": "130.png",
    "frame": 12,
    "width": 698,
    "height": 387,
    "is_placeholder": false,
    "real_frame": 0
  }
},
{
  "model": "engine.image",
  "pk": 144,
  "fields": {
    "data": 2,
    "path": "131.png",
    "frame": 13,
    "width": 781,
    "height": 901,
    "is_placeholder": false,
    "real_frame": 0
  }
},
{
  "model": "engine.image",
  "pk": 145,
  "fields": {
    "data": 2,
    "path": "132.png",
    "frame": 14,
    "width": 144,
    "height": 149,
    "is_placeholder": false,
    "real_frame": 0
  }
},
{
  "model": "engine.image",
  "pk": 146,
  "fields": {
    "data": 2,
    "path": "133.png",
    "frame": 15,
    "width": 989,
    "height": 131,
    "is_placeholder": false,
    "real_frame": 0
  }
},
{
  "model": "engine.image",
  "pk": 147,
  "fields": {
    "data": 2,
    "path": "134.png",
    "frame": 16,
    "width": 661,
    "height": 328,
    "is_placeholder": false,
    "real_frame": 0
  }
},
{
  "model": "engine.image",
  "pk": 148,
  "fields": {
    "data": 2,
    "path": "135.png",
    "frame": 17,
    "width": 333,
    "height": 811,
    "is_placeholder": false,
    "real_frame": 0
  }
},
{
  "model": "engine.image",
  "pk": 149,
  "fields": {
    "data": 2,
    "path": "136.png",
    "frame": 18,
    "width": 292,
    "height": 497,
    "is_placeholder": false,
    "real_frame": 0
  }
},
{
  "model": "engine.image",
  "pk": 150,
  "fields": {
    "data": 2,
    "path": "137.png",
    "frame": 19,
    "width": 886,
    "height": 238,
    "is_placeholder": false,
    "real_frame": 0
  }
},
{
  "model": "engine.image",
  "pk": 151,
  "fields": {
    "data": 2,
    "path": "138.png",
    "frame": 20,
    "width": 759,
    "height": 179,
    "is_placeholder": false,
    "real_frame": 0
  }
},
{
  "model": "engine.image",
  "pk": 152,
  "fields": {
    "data": 2,
    "path": "139.png",
    "frame": 21,
    "width": 769,
    "height": 746,
    "is_placeholder": false,
    "real_frame": 0
  }
},
{
  "model": "engine.image",
  "pk": 153,
  "fields": {
    "data": 2,
    "path": "140.png",
    "frame": 22,
    "width": 749,
    "height": 833,
    "is_placeholder": false,
    "real_frame": 0
  }
},
{
  "model": "engine.image",
  "pk": 360,
  "fields": {
    "data": 6,
    "path": "test_pointcloud_pcd/pointcloud/000001.pcd",
    "frame": 0,
    "width": 100,
    "height": 1,
    "is_placeholder": false,
    "real_frame": 0
  }
},
{
  "model": "engine.image",
  "pk": 361,
  "fields": {
    "data": 7,
    "path": "0.png",
    "frame": 0,
    "width": 827,
    "height": 983,
    "is_placeholder": false,
    "real_frame": 0
  }
},
{
  "model": "engine.image",
  "pk": 362,
  "fields": {
    "data": 7,
    "path": "1.png",
    "frame": 1,
    "width": 467,
    "height": 547,
    "is_placeholder": false,
    "real_frame": 0
  }
},
{
  "model": "engine.image",
  "pk": 363,
  "fields": {
    "data": 7,
    "path": "10.png",
    "frame": 2,
    "width": 598,
    "height": 202,
    "is_placeholder": false,
    "real_frame": 0
  }
},
{
  "model": "engine.image",
  "pk": 364,
  "fields": {
    "data": 7,
    "path": "2.png",
    "frame": 3,
    "width": 449,
    "height": 276,
    "is_placeholder": false,
    "real_frame": 0
  }
},
{
  "model": "engine.image",
  "pk": 365,
  "fields": {
    "data": 7,
    "path": "3.png",
    "frame": 4,
    "width": 170,
    "height": 999,
    "is_placeholder": false,
    "real_frame": 0
  }
},
{
  "model": "engine.image",
  "pk": 366,
  "fields": {
    "data": 7,
    "path": "4.png",
    "frame": 5,
    "width": 473,
    "height": 471,
    "is_placeholder": false,
    "real_frame": 0
  }
},
{
  "model": "engine.image",
  "pk": 367,
  "fields": {
    "data": 7,
    "path": "5.png",
    "frame": 6,
    "width": 607,
    "height": 745,
    "is_placeholder": false,
    "real_frame": 0
  }
},
{
  "model": "engine.image",
  "pk": 368,
  "fields": {
    "data": 7,
    "path": "6.png",
    "frame": 7,
    "width": 853,
    "height": 578,
    "is_placeholder": false,
    "real_frame": 0
  }
},
{
  "model": "engine.image",
  "pk": 369,
  "fields": {
    "data": 7,
    "path": "7.png",
    "frame": 8,
    "width": 823,
    "height": 270,
    "is_placeholder": false,
    "real_frame": 0
  }
},
{
  "model": "engine.image",
  "pk": 370,
  "fields": {
    "data": 7,
    "path": "8.png",
    "frame": 9,
    "width": 545,
    "height": 179,
    "is_placeholder": false,
    "real_frame": 0
  }
},
{
  "model": "engine.image",
  "pk": 371,
  "fields": {
    "data": 7,
    "path": "9.png",
    "frame": 10,
    "width": 827,
    "height": 932,
    "is_placeholder": false,
    "real_frame": 0
  }
},
{
  "model": "engine.image",
  "pk": 372,
  "fields": {
    "data": 8,
    "path": "0.png",
    "frame": 0,
    "width": 836,
    "height": 636,
    "is_placeholder": false,
    "real_frame": 0
  }
},
{
  "model": "engine.image",
  "pk": 373,
  "fields": {
    "data": 8,
    "path": "1.png",
    "frame": 1,
    "width": 396,
    "height": 350,
    "is_placeholder": false,
    "real_frame": 0
  }
},
{
  "model": "engine.image",
  "pk": 374,
  "fields": {
    "data": 8,
    "path": "10.png",
    "frame": 2,
    "width": 177,
    "height": 862,
    "is_placeholder": false,
    "real_frame": 0
  }
},
{
  "model": "engine.image",
  "pk": 375,
  "fields": {
    "data": 8,
    "path": "11.png",
    "frame": 3,
    "width": 318,
    "height": 925,
    "is_placeholder": false,
    "real_frame": 0
  }
},
{
  "model": "engine.image",
  "pk": 376,
  "fields": {
    "data": 8,
    "path": "12.png",
    "frame": 4,
    "width": 734,
    "height": 832,
    "is_placeholder": false,
    "real_frame": 0
  }
},
{
  "model": "engine.image",
  "pk": 377,
  "fields": {
    "data": 8,
    "path": "13.png",
    "frame": 5,
    "width": 925,
    "height": 934,
    "is_placeholder": false,
    "real_frame": 0
  }
},
{
  "model": "engine.image",
  "pk": 378,
  "fields": {
    "data": 8,
    "path": "14.png",
    "frame": 6,
    "width": 851,
    "height": 270,
    "is_placeholder": false,
    "real_frame": 0
  }
},
{
  "model": "engine.image",
  "pk": 379,
  "fields": {
    "data": 8,
    "path": "2.png",
    "frame": 7,
    "width": 776,
    "height": 610,
    "is_placeholder": false,
    "real_frame": 0
  }
},
{
  "model": "engine.image",
  "pk": 380,
  "fields": {
    "data": 8,
    "path": "3.png",
    "frame": 8,
    "width": 293,
    "height": 265,
    "is_placeholder": false,
    "real_frame": 0
  }
},
{
  "model": "engine.image",
  "pk": 381,
  "fields": {
    "data": 8,
    "path": "4.png",
    "frame": 9,
    "width": 333,
    "height": 805,
    "is_placeholder": false,
    "real_frame": 0
  }
},
{
  "model": "engine.image",
  "pk": 382,
  "fields": {
    "data": 8,
    "path": "6.png",
    "frame": 10,
    "width": 403,
    "height": 478,
    "is_placeholder": false,
    "real_frame": 0
  }
},
{
  "model": "engine.image",
  "pk": 383,
  "fields": {
    "data": 8,
    "path": "7.png",
    "frame": 11,
    "width": 585,
    "height": 721,
    "is_placeholder": false,
    "real_frame": 0
  }
},
{
  "model": "engine.image",
  "pk": 384,
  "fields": {
    "data": 8,
    "path": "8.png",
    "frame": 12,
    "width": 639,
    "height": 570,
    "is_placeholder": false,
    "real_frame": 0
  }
},
{
  "model": "engine.image",
  "pk": 385,
  "fields": {
    "data": 8,
    "path": "9.png",
    "frame": 13,
    "width": 894,
    "height": 278,
    "is_placeholder": false,
    "real_frame": 0
  }
},
{
  "model": "engine.image",
  "pk": 386,
  "fields": {
    "data": 9,
    "path": "52.png",
    "frame": 0,
    "width": 220,
    "height": 596,
    "is_placeholder": false,
    "real_frame": 0
  }
},
{
  "model": "engine.image",
  "pk": 387,
  "fields": {
    "data": 9,
    "path": "53.png",
    "frame": 1,
    "width": 749,
    "height": 967,
    "is_placeholder": false,
    "real_frame": 0
  }
},
{
  "model": "engine.image",
  "pk": 388,
  "fields": {
    "data": 9,
    "path": "54.png",
    "frame": 2,
    "width": 961,
    "height": 670,
    "is_placeholder": false,
    "real_frame": 0
  }
},
{
  "model": "engine.image",
  "pk": 389,
  "fields": {
    "data": 9,
    "path": "55.png",
    "frame": 3,
    "width": 393,
    "height": 736,
    "is_placeholder": false,
    "real_frame": 0
  }
},
{
  "model": "engine.image",
  "pk": 390,
  "fields": {
    "data": 9,
    "path": "56.png",
    "frame": 4,
    "width": 650,
    "height": 140,
    "is_placeholder": false,
    "real_frame": 0
  }
},
{
  "model": "engine.image",
  "pk": 391,
  "fields": {
    "data": 9,
    "path": "57.png",
    "frame": 5,
    "width": 199,
    "height": 710,
    "is_placeholder": false,
    "real_frame": 0
  }
},
{
  "model": "engine.image",
  "pk": 392,
  "fields": {
    "data": 9,
    "path": "58.png",
    "frame": 6,
    "width": 948,
    "height": 659,
    "is_placeholder": false,
    "real_frame": 0
  }
},
{
  "model": "engine.image",
  "pk": 393,
  "fields": {
    "data": 9,
    "path": "59.png",
    "frame": 7,
    "width": 837,
    "height": 367,
    "is_placeholder": false,
    "real_frame": 0
  }
},
{
  "model": "engine.image",
  "pk": 394,
  "fields": {
    "data": 9,
    "path": "60.png",
    "frame": 8,
    "width": 257,
    "height": 265,
    "is_placeholder": false,
    "real_frame": 0
  }
},
{
  "model": "engine.image",
  "pk": 395,
  "fields": {
    "data": 9,
    "path": "61.png",
    "frame": 9,
    "width": 104,
    "height": 811,
    "is_placeholder": false,
    "real_frame": 0
  }
},
{
  "model": "engine.image",
  "pk": 396,
  "fields": {
    "data": 9,
    "path": "62.png",
    "frame": 10,
    "width": 665,
    "height": 512,
    "is_placeholder": false,
    "real_frame": 0
  }
},
{
  "model": "engine.image",
  "pk": 397,
  "fields": {
    "data": 9,
    "path": "63.png",
    "frame": 11,
    "width": 234,
    "height": 975,
    "is_placeholder": false,
    "real_frame": 0
  }
},
{
  "model": "engine.image",
  "pk": 398,
  "fields": {
    "data": 9,
    "path": "64.png",
    "frame": 12,
    "width": 809,
    "height": 350,
    "is_placeholder": false,
    "real_frame": 0
  }
},
{
  "model": "engine.image",
  "pk": 399,
  "fields": {
    "data": 9,
    "path": "65.png",
    "frame": 13,
    "width": 359,
    "height": 943,
    "is_placeholder": false,
    "real_frame": 0
  }
},
{
  "model": "engine.image",
  "pk": 400,
  "fields": {
    "data": 9,
    "path": "66.png",
    "frame": 14,
    "width": 782,
    "height": 383,
    "is_placeholder": false,
    "real_frame": 0
  }
},
{
  "model": "engine.image",
  "pk": 401,
  "fields": {
    "data": 9,
    "path": "67.png",
    "frame": 15,
    "width": 571,
    "height": 945,
    "is_placeholder": false,
    "real_frame": 0
  }
},
{
  "model": "engine.image",
  "pk": 402,
  "fields": {
    "data": 9,
    "path": "68.png",
    "frame": 16,
    "width": 414,
    "height": 212,
    "is_placeholder": false,
    "real_frame": 0
  }
},
{
  "model": "engine.image",
  "pk": 403,
  "fields": {
    "data": 9,
    "path": "69.png",
    "frame": 17,
    "width": 680,
    "height": 583,
    "is_placeholder": false,
    "real_frame": 0
  }
},
{
  "model": "engine.image",
  "pk": 404,
  "fields": {
    "data": 9,
    "path": "70.png",
    "frame": 18,
    "width": 779,
    "height": 877,
    "is_placeholder": false,
    "real_frame": 0
  }
},
{
  "model": "engine.image",
  "pk": 405,
  "fields": {
    "data": 9,
    "path": "71.png",
    "frame": 19,
    "width": 411,
    "height": 672,
    "is_placeholder": false,
    "real_frame": 0
  }
},
{
  "model": "engine.image",
  "pk": 417,
  "fields": {
    "data": 11,
    "path": "30.png",
    "frame": 0,
    "width": 810,
    "height": 399,
    "is_placeholder": false,
    "real_frame": 0
  }
},
{
  "model": "engine.image",
  "pk": 418,
  "fields": {
    "data": 11,
    "path": "31.png",
    "frame": 1,
    "width": 916,
    "height": 158,
    "is_placeholder": false,
    "real_frame": 0
  }
},
{
  "model": "engine.image",
  "pk": 419,
  "fields": {
    "data": 11,
    "path": "32.png",
    "frame": 2,
    "width": 936,
    "height": 182,
    "is_placeholder": false,
    "real_frame": 0
  }
},
{
  "model": "engine.image",
  "pk": 420,
  "fields": {
    "data": 11,
    "path": "33.png",
    "frame": 3,
    "width": 783,
    "height": 433,
    "is_placeholder": false,
    "real_frame": 0
  }
},
{
  "model": "engine.image",
  "pk": 421,
  "fields": {
    "data": 11,
    "path": "34.png",
    "frame": 4,
    "width": 231,
    "height": 121,
    "is_placeholder": false,
    "real_frame": 0
  }
},
{
  "model": "engine.image",
  "pk": 422,
  "fields": {
    "data": 11,
    "path": "35.png",
    "frame": 5,
    "width": 721,
    "height": 705,
    "is_placeholder": false,
    "real_frame": 0
  }
},
{
  "model": "engine.image",
  "pk": 423,
  "fields": {
    "data": 11,
    "path": "36.png",
    "frame": 6,
    "width": 631,
    "height": 225,
    "is_placeholder": false,
    "real_frame": 0
  }
},
{
  "model": "engine.image",
  "pk": 424,
  "fields": {
    "data": 11,
    "path": "37.png",
    "frame": 7,
    "width": 540,
    "height": 167,
    "is_placeholder": false,
    "real_frame": 0
  }
},
{
  "model": "engine.image",
  "pk": 425,
  "fields": {
    "data": 11,
    "path": "38.png",
    "frame": 8,
    "width": 203,
    "height": 211,
    "is_placeholder": false,
    "real_frame": 0
  }
},
{
  "model": "engine.image",
  "pk": 426,
  "fields": {
    "data": 11,
    "path": "39.png",
    "frame": 9,
    "width": 677,
    "height": 144,
    "is_placeholder": false,
    "real_frame": 0
  }
},
{
  "model": "engine.image",
  "pk": 427,
  "fields": {
    "data": 11,
    "path": "40.png",
    "frame": 10,
    "width": 697,
    "height": 954,
    "is_placeholder": false,
    "real_frame": 0
  }
},
{
  "model": "engine.image",
  "pk": 428,
  "fields": {
    "data": 12,
    "path": "0.png",
    "frame": 0,
    "width": 974,
    "height": 452,
    "is_placeholder": false,
    "real_frame": 0
  }
},
{
  "model": "engine.image",
  "pk": 429,
  "fields": {
    "data": 12,
    "path": "1.png",
    "frame": 1,
    "width": 783,
    "height": 760,
    "is_placeholder": false,
    "real_frame": 0
  }
},
{
  "model": "engine.image",
  "pk": 430,
  "fields": {
    "data": 12,
    "path": "2.png",
    "frame": 2,
    "width": 528,
    "height": 458,
    "is_placeholder": false,
    "real_frame": 0
  }
},
{
  "model": "engine.image",
  "pk": 431,
  "fields": {
    "data": 12,
    "path": "3.png",
    "frame": 3,
    "width": 520,
    "height": 350,
    "is_placeholder": false,
    "real_frame": 0
  }
},
{
  "model": "engine.image",
  "pk": 432,
  "fields": {
    "data": 12,
    "path": "4.png",
    "frame": 4,
    "width": 569,
    "height": 483,
    "is_placeholder": false,
    "real_frame": 0
  }
},
{
  "model": "engine.image",
  "pk": 433,
  "fields": {
    "data": 13,
    "path": "1.png",
    "frame": 0,
    "width": 783,
    "height": 760,
    "is_placeholder": false,
    "real_frame": 0
  }
},
{
  "model": "engine.image",
  "pk": 434,
  "fields": {
    "data": 13,
    "path": "2.png",
    "frame": 1,
    "width": 528,
    "height": 458,
    "is_placeholder": false,
    "real_frame": 0
  }
},
{
  "model": "engine.image",
  "pk": 435,
  "fields": {
    "data": 13,
    "path": "3.png",
    "frame": 2,
    "width": 520,
    "height": 350,
    "is_placeholder": false,
    "real_frame": 0
  }
},
{
  "model": "engine.image",
  "pk": 436,
  "fields": {
    "data": 13,
    "path": "4.png",
    "frame": 3,
    "width": 569,
    "height": 483,
    "is_placeholder": false,
    "real_frame": 0
  }
},
{
  "model": "engine.image",
  "pk": 437,
  "fields": {
    "data": 13,
    "path": "5.png",
    "frame": 4,
    "width": 514,
    "height": 935,
    "is_placeholder": false,
    "real_frame": 0
  }
},
{
  "model": "engine.image",
  "pk": 438,
  "fields": {
    "data": 13,
    "path": "6.png",
    "frame": 5,
    "width": 502,
    "height": 705,
    "is_placeholder": false,
    "real_frame": 0
  }
},
{
  "model": "engine.image",
  "pk": 439,
  "fields": {
    "data": 13,
    "path": "7.png",
    "frame": 6,
    "width": 541,
    "height": 825,
    "is_placeholder": false,
    "real_frame": 0
  }
},
{
  "model": "engine.image",
  "pk": 440,
  "fields": {
    "data": 13,
    "path": "8.png",
    "frame": 7,
    "width": 883,
    "height": 208,
    "is_placeholder": false,
    "real_frame": 0
  }
},
{
  "model": "engine.image",
  "pk": 446,
  "fields": {
    "data": 16,
    "path": "0.png",
    "frame": 0,
    "width": 974,
    "height": 452,
    "is_placeholder": false,
    "real_frame": 0
  }
},
{
  "model": "engine.image",
  "pk": 447,
  "fields": {
    "data": 16,
    "path": "1.png",
    "frame": 1,
    "width": 783,
    "height": 760,
    "is_placeholder": false,
    "real_frame": 0
  }
},
{
  "model": "engine.image",
  "pk": 448,
  "fields": {
    "data": 16,
    "path": "2.png",
    "frame": 2,
    "width": 528,
    "height": 458,
    "is_placeholder": false,
    "real_frame": 0
  }
},
{
  "model": "engine.image",
  "pk": 449,
  "fields": {
    "data": 16,
    "path": "3.png",
    "frame": 3,
    "width": 520,
    "height": 350,
    "is_placeholder": false,
    "real_frame": 0
  }
},
{
  "model": "engine.image",
  "pk": 450,
  "fields": {
    "data": 16,
    "path": "4.png",
    "frame": 4,
    "width": 569,
    "height": 483,
    "is_placeholder": false,
    "real_frame": 0
  }
},
{
  "model": "engine.image",
  "pk": 451,
  "fields": {
    "data": 17,
    "path": "12.png",
    "frame": 0,
    "width": 607,
    "height": 668,
    "is_placeholder": false,
    "real_frame": 0
  }
},
{
  "model": "engine.image",
  "pk": 452,
  "fields": {
    "data": 17,
    "path": "13.png",
    "frame": 1,
    "width": 483,
    "height": 483,
    "is_placeholder": false,
    "real_frame": 0
  }
},
{
  "model": "engine.image",
  "pk": 453,
  "fields": {
    "data": 18,
    "path": "15.png",
    "frame": 0,
    "width": 982,
    "height": 376,
    "is_placeholder": false,
    "real_frame": 0
  }
},
{
  "model": "engine.image",
  "pk": 454,
  "fields": {
    "data": 18,
    "path": "16.png",
    "frame": 1,
    "width": 565,
    "height": 365,
    "is_placeholder": false,
    "real_frame": 0
  }
},
{
  "model": "engine.image",
  "pk": 455,
  "fields": {
    "data": 19,
    "path": "33.png",
    "frame": 0,
    "width": 339,
    "height": 351,
    "is_placeholder": false,
    "real_frame": 0
  }
},
{
  "model": "engine.image",
  "pk": 456,
  "fields": {
    "data": 19,
    "path": "34.png",
    "frame": 1,
    "width": 944,
    "height": 271,
    "is_placeholder": false,
    "real_frame": 0
  }
},
{
  "model": "engine.image",
  "pk": 457,
  "fields": {
    "data": 20,
    "path": "0.png",
    "frame": 0,
    "width": 865,
    "height": 401,
    "is_placeholder": false,
    "real_frame": 0
  }
},
{
  "model": "engine.image",
  "pk": 458,
  "fields": {
    "data": 20,
    "path": "1.png",
    "frame": 1,
    "width": 912,
    "height": 346,
    "is_placeholder": false,
    "real_frame": 0
  }
},
{
  "model": "engine.image",
  "pk": 459,
  "fields": {
    "data": 20,
    "path": "2.png",
    "frame": 2,
    "width": 681,
    "height": 460,
    "is_placeholder": false,
    "real_frame": 0
  }
},
{
  "model": "engine.image",
  "pk": 460,
  "fields": {
    "data": 20,
    "path": "3.png",
    "frame": 3,
    "width": 844,
    "height": 192,
    "is_placeholder": false,
    "real_frame": 0
  }
},
{
  "model": "engine.image",
  "pk": 461,
  "fields": {
    "data": 20,
    "path": "4.png",
    "frame": 4,
    "width": 462,
    "height": 252,
    "is_placeholder": false,
    "real_frame": 0
  }
},
{
  "model": "engine.image",
  "pk": 462,
  "fields": {
    "data": 20,
    "path": "5.png",
    "frame": 5,
    "width": 191,
    "height": 376,
    "is_placeholder": false,
    "real_frame": 0
  }
},
{
  "model": "engine.image",
  "pk": 463,
  "fields": {
    "data": 20,
    "path": "6.png",
    "frame": 6,
    "width": 333,
    "height": 257,
    "is_placeholder": false,
    "real_frame": 0
  }
},
{
  "model": "engine.image",
  "pk": 464,
  "fields": {
    "data": 20,
    "path": "7.png",
    "frame": 7,
    "width": 474,
    "height": 619,
    "is_placeholder": false,
    "real_frame": 0
  }
},
{
  "model": "engine.image",
  "pk": 465,
  "fields": {
    "data": 20,
    "path": "8.png",
    "frame": 8,
    "width": 809,
    "height": 543,
    "is_placeholder": false,
    "real_frame": 0
  }
},
{
  "model": "engine.image",
  "pk": 466,
  "fields": {
    "data": 20,
    "path": "9.png",
    "frame": 9,
    "width": 993,
    "height": 151,
    "is_placeholder": false,
    "real_frame": 0
  }
},
{
  "model": "engine.image",
  "pk": 467,
  "fields": {
    "data": 21,
    "path": "30.png",
    "frame": 0,
    "width": 810,
    "height": 399,
    "is_placeholder": false,
    "real_frame": 0
  }
},
{
  "model": "engine.image",
  "pk": 468,
  "fields": {
    "data": 21,
    "path": "31.png",
    "frame": 1,
    "width": 916,
    "height": 158,
    "is_placeholder": false,
    "real_frame": 0
  }
},
{
  "model": "engine.image",
  "pk": 469,
  "fields": {
    "data": 21,
    "path": "32.png",
    "frame": 2,
    "width": 936,
    "height": 182,
    "is_placeholder": false,
    "real_frame": 0
  }
},
{
  "model": "engine.image",
  "pk": 470,
  "fields": {
    "data": 21,
    "path": "33.png",
    "frame": 3,
    "width": 783,
    "height": 433,
    "is_placeholder": false,
    "real_frame": 0
  }
},
{
  "model": "engine.image",
  "pk": 471,
  "fields": {
    "data": 21,
    "path": "34.png",
    "frame": 4,
    "width": 231,
    "height": 121,
    "is_placeholder": false,
    "real_frame": 0
  }
},
{
  "model": "engine.image",
  "pk": 472,
  "fields": {
    "data": 21,
    "path": "35.png",
    "frame": 5,
    "width": 721,
    "height": 705,
    "is_placeholder": false,
    "real_frame": 0
  }
},
{
  "model": "engine.image",
  "pk": 473,
  "fields": {
    "data": 21,
    "path": "36.png",
    "frame": 6,
    "width": 631,
    "height": 225,
    "is_placeholder": false,
    "real_frame": 0
  }
},
{
  "model": "engine.image",
  "pk": 474,
  "fields": {
    "data": 21,
    "path": "37.png",
    "frame": 7,
    "width": 540,
    "height": 167,
    "is_placeholder": false,
    "real_frame": 0
  }
},
{
  "model": "engine.image",
  "pk": 475,
  "fields": {
    "data": 21,
    "path": "38.png",
    "frame": 8,
    "width": 203,
    "height": 211,
    "is_placeholder": false,
    "real_frame": 0
  }
},
{
  "model": "engine.image",
  "pk": 476,
  "fields": {
    "data": 21,
    "path": "39.png",
    "frame": 9,
    "width": 677,
    "height": 144,
    "is_placeholder": false,
    "real_frame": 0
  }
},
{
  "model": "engine.image",
  "pk": 477,
  "fields": {
    "data": 21,
    "path": "40.png",
    "frame": 10,
    "width": 697,
    "height": 954,
    "is_placeholder": false,
    "real_frame": 0
  }
},
{
  "model": "engine.image",
  "pk": 478,
  "fields": {
    "data": 22,
    "path": "0.png",
    "frame": 0,
    "width": 549,
    "height": 360,
    "is_placeholder": false,
    "real_frame": 0
  }
},
{
  "model": "engine.image",
  "pk": 479,
  "fields": {
    "data": 22,
    "path": "1.png",
    "frame": 1,
    "width": 172,
    "height": 230,
    "is_placeholder": false,
    "real_frame": 0
  }
},
{
  "model": "engine.image",
  "pk": 480,
  "fields": {
    "data": 22,
    "path": "10.png",
    "frame": 2,
    "width": 936,
    "height": 820,
    "is_placeholder": false,
    "real_frame": 0
  }
},
{
  "model": "engine.image",
  "pk": 481,
  "fields": {
    "data": 22,
    "path": "2.png",
    "frame": 3,
    "width": 145,
    "height": 735,
    "is_placeholder": false,
    "real_frame": 0
  }
},
{
  "model": "engine.image",
  "pk": 482,
  "fields": {
    "data": 22,
    "path": "3.png",
    "frame": 4,
    "width": 318,
    "height": 729,
    "is_placeholder": false,
    "real_frame": 0
  }
},
{
  "model": "engine.image",
  "pk": 483,
  "fields": {
    "data": 22,
    "path": "4.png",
    "frame": 5,
    "width": 387,
    "height": 168,
    "is_placeholder": false,
    "real_frame": 0
  }
},
{
  "model": "engine.image",
  "pk": 484,
  "fields": {
    "data": 22,
    "path": "5.png",
    "frame": 6,
    "width": 395,
    "height": 401,
    "is_placeholder": false,
    "real_frame": 0
  }
},
{
  "model": "engine.image",
  "pk": 485,
  "fields": {
    "data": 22,
    "path": "6.png",
    "frame": 7,
    "width": 293,
    "height": 443,
    "is_placeholder": false,
    "real_frame": 0
  }
},
{
  "model": "engine.image",
  "pk": 486,
  "fields": {
    "data": 22,
    "path": "7.png",
    "frame": 8,
    "width": 500,
    "height": 276,
    "is_placeholder": false,
    "real_frame": 0
  }
},
{
  "model": "engine.image",
  "pk": 487,
  "fields": {
    "data": 22,
    "path": "8.png",
    "frame": 9,
    "width": 309,
    "height": 162,
    "is_placeholder": false,
    "real_frame": 0
  }
},
{
  "model": "engine.image",
  "pk": 488,
  "fields": {
    "data": 22,
    "path": "9.png",
    "frame": 10,
    "width": 134,
    "height": 452,
    "is_placeholder": false,
    "real_frame": 0
  }
},
{
  "model": "engine.image",
  "pk": 489,
  "fields": {
    "data": 23,
    "path": "img.png",
    "frame": 0,
    "width": 10,
    "height": 10,
    "is_placeholder": false,
    "real_frame": 0
  }
},
{
  "model": "engine.image",
  "pk": 490,
  "fields": {
    "data": 24,
    "path": "img.png",
    "frame": 0,
    "width": 10,
    "height": 10,
    "is_placeholder": false,
    "real_frame": 0
  }
},
{
  "model": "engine.image",
  "pk": 491,
  "fields": {
    "data": 25,
    "path": "1.png",
    "frame": 0,
    "width": 569,
    "height": 483,
    "is_placeholder": false,
    "real_frame": 0
  }
},
{
  "model": "engine.image",
  "pk": 492,
  "fields": {
    "data": 26,
    "path": "1.png",
    "frame": 0,
    "width": 569,
    "height": 483,
    "is_placeholder": false,
    "real_frame": 0
  }
},
{
  "model": "engine.image",
  "pk": 493,
  "fields": {
    "data": 27,
    "path": "1.png",
    "frame": 0,
    "width": 569,
    "height": 483,
    "is_placeholder": false,
    "real_frame": 0
  }
},
{
  "model": "engine.image",
  "pk": 494,
  "fields": {
    "data": 28,
    "path": "image_1.png",
    "frame": 0,
    "width": 55,
    "height": 36,
    "is_placeholder": true,
    "real_frame": 23
  }
},
{
  "model": "engine.image",
  "pk": 495,
  "fields": {
    "data": 28,
    "path": "image_14.png",
    "frame": 1,
    "width": 43,
    "height": 64,
    "is_placeholder": false,
    "real_frame": 0
  }
},
{
  "model": "engine.image",
  "pk": 496,
  "fields": {
    "data": 28,
    "path": "image_11.png",
    "frame": 2,
    "width": 91,
    "height": 97,
    "is_placeholder": false,
    "real_frame": 0
  }
},
{
  "model": "engine.image",
  "pk": 497,
  "fields": {
    "data": 28,
    "path": "image_7.png",
    "frame": 3,
    "width": 76,
    "height": 71,
    "is_placeholder": false,
    "real_frame": 0
  }
},
{
  "model": "engine.image",
  "pk": 498,
  "fields": {
    "data": 28,
    "path": "image_4.png",
    "frame": 4,
    "width": 60,
    "height": 100,
    "is_placeholder": false,
    "real_frame": 0
  }
},
{
  "model": "engine.image",
  "pk": 499,
  "fields": {
    "data": 28,
    "path": "image_2.png",
    "frame": 5,
    "width": 55,
    "height": 72,
    "is_placeholder": true,
    "real_frame": 24
  }
},
{
  "model": "engine.image",
  "pk": 500,
  "fields": {
    "data": 28,
    "path": "image_15.png",
    "frame": 6,
    "width": 60,
    "height": 59,
    "is_placeholder": false,
    "real_frame": 0
  }
},
{
  "model": "engine.image",
  "pk": 501,
  "fields": {
    "data": 28,
    "path": "image_6.png",
    "frame": 7,
    "width": 70,
    "height": 53,
    "is_placeholder": true,
    "real_frame": 26
  }
},
{
  "model": "engine.image",
  "pk": 502,
  "fields": {
    "data": 28,
    "path": "image_1.png",
    "frame": 8,
    "width": 55,
    "height": 36,
    "is_placeholder": true,
    "real_frame": 23
  }
},
{
  "model": "engine.image",
  "pk": 503,
  "fields": {
    "data": 28,
    "path": "image_6.png",
    "frame": 9,
    "width": 70,
    "height": 53,
    "is_placeholder": true,
    "real_frame": 26
  }
},
{
  "model": "engine.image",
  "pk": 504,
  "fields": {
    "data": 28,
    "path": "image_10.png",
    "frame": 10,
    "width": 66,
    "height": 96,
    "is_placeholder": false,
    "real_frame": 0
  }
},
{
  "model": "engine.image",
  "pk": 505,
  "fields": {
    "data": 28,
    "path": "image_18.png",
    "frame": 11,
    "width": 54,
    "height": 89,
    "is_placeholder": false,
    "real_frame": 0
  }
},
{
  "model": "engine.image",
  "pk": 506,
  "fields": {
    "data": 28,
    "path": "image_0.png",
    "frame": 12,
    "width": 45,
    "height": 92,
    "is_placeholder": false,
    "real_frame": 0
  }
},
{
  "model": "engine.image",
  "pk": 507,
  "fields": {
    "data": 28,
    "path": "image_3.png",
    "frame": 13,
    "width": 76,
    "height": 52,
    "is_placeholder": true,
    "real_frame": 25
  }
},
{
  "model": "engine.image",
  "pk": 508,
  "fields": {
    "data": 28,
    "path": "image_17.png",
    "frame": 14,
    "width": 65,
    "height": 57,
    "is_placeholder": false,
    "real_frame": 0
  }
},
{
  "model": "engine.image",
  "pk": 509,
  "fields": {
    "data": 28,
    "path": "image_8.png",
    "frame": 15,
    "width": 31,
    "height": 41,
    "is_placeholder": false,
    "real_frame": 0
  }
},
{
  "model": "engine.image",
  "pk": 510,
  "fields": {
    "data": 28,
    "path": "image_2.png",
    "frame": 16,
    "width": 55,
    "height": 72,
    "is_placeholder": true,
    "real_frame": 24
  }
},
{
  "model": "engine.image",
  "pk": 511,
  "fields": {
    "data": 28,
    "path": "image_16.png",
    "frame": 17,
    "width": 96,
    "height": 58,
    "is_placeholder": false,
    "real_frame": 0
  }
},
{
  "model": "engine.image",
  "pk": 512,
  "fields": {
    "data": 28,
    "path": "image_13.png",
    "frame": 18,
    "width": 54,
    "height": 63,
    "is_placeholder": false,
    "real_frame": 0
  }
},
{
  "model": "engine.image",
  "pk": 513,
  "fields": {
    "data": 28,
    "path": "image_5.png",
    "frame": 19,
    "width": 91,
    "height": 100,
    "is_placeholder": false,
    "real_frame": 0
  }
},
{
  "model": "engine.image",
  "pk": 514,
  "fields": {
    "data": 28,
    "path": "image_12.png",
    "frame": 20,
    "width": 60,
    "height": 32,
    "is_placeholder": true,
    "real_frame": 28
  }
},
{
  "model": "engine.image",
  "pk": 515,
  "fields": {
    "data": 28,
    "path": "image_19.png",
    "frame": 21,
    "width": 97,
    "height": 88,
    "is_placeholder": false,
    "real_frame": 0
  }
},
{
  "model": "engine.image",
  "pk": 516,
  "fields": {
    "data": 28,
    "path": "image_3.png",
    "frame": 22,
    "width": 76,
    "height": 52,
    "is_placeholder": true,
    "real_frame": 25
  }
},
{
  "model": "engine.image",
  "pk": 517,
  "fields": {
    "data": 28,
    "path": "image_1.png",
    "frame": 23,
    "width": 55,
    "height": 36,
    "is_placeholder": false,
    "real_frame": 0
  }
},
{
  "model": "engine.image",
  "pk": 518,
  "fields": {
    "data": 28,
    "path": "image_2.png",
    "frame": 24,
    "width": 55,
    "height": 72,
    "is_placeholder": false,
    "real_frame": 0
  }
},
{
  "model": "engine.image",
  "pk": 519,
  "fields": {
    "data": 28,
    "path": "image_3.png",
    "frame": 25,
    "width": 76,
    "height": 52,
    "is_placeholder": false,
    "real_frame": 0
  }
},
{
  "model": "engine.image",
  "pk": 520,
  "fields": {
    "data": 28,
    "path": "image_6.png",
    "frame": 26,
    "width": 70,
    "height": 53,
    "is_placeholder": false,
    "real_frame": 0
  }
},
{
  "model": "engine.image",
  "pk": 521,
  "fields": {
    "data": 28,
    "path": "image_9.png",
    "frame": 27,
    "width": 74,
    "height": 92,
    "is_placeholder": false,
    "real_frame": 0
  }
},
{
  "model": "engine.image",
  "pk": 522,
  "fields": {
    "data": 28,
    "path": "image_12.png",
    "frame": 28,
    "width": 60,
    "height": 32,
    "is_placeholder": false,
    "real_frame": 0
  }
},
{
  "model": "engine.image",
  "pk": 523,
  "fields": {
    "data": 29,
    "path": "32.png",
    "frame": 0,
    "width": 936,
    "height": 182,
    "is_placeholder": true,
    "real_frame": 8
  }
},
{
  "model": "engine.image",
  "pk": 524,
  "fields": {
    "data": 29,
    "path": "30.png",
    "frame": 1,
    "width": 810,
    "height": 399,
    "is_placeholder": false,
    "real_frame": 0
  }
},
{
  "model": "engine.image",
  "pk": 525,
  "fields": {
    "data": 29,
    "path": "31.png",
    "frame": 2,
    "width": 916,
    "height": 158,
    "is_placeholder": false,
    "real_frame": 0
  }
},
{
  "model": "engine.image",
  "pk": 526,
  "fields": {
    "data": 29,
    "path": "35.png",
    "frame": 3,
    "width": 721,
    "height": 705,
    "is_placeholder": true,
    "real_frame": 9
  }
},
{
  "model": "engine.image",
  "pk": 527,
  "fields": {
    "data": 29,
    "path": "34.png",
    "frame": 4,
    "width": 231,
    "height": 121,
    "is_placeholder": false,
    "real_frame": 0
  }
},
{
  "model": "engine.image",
  "pk": 528,
  "fields": {
    "data": 29,
    "path": "35.png",
    "frame": 5,
    "width": 721,
    "height": 705,
    "is_placeholder": true,
    "real_frame": 9
  }
},
{
  "model": "engine.image",
  "pk": 529,
  "fields": {
    "data": 29,
    "path": "32.png",
    "frame": 6,
    "width": 936,
    "height": 182,
    "is_placeholder": true,
    "real_frame": 8
  }
},
{
  "model": "engine.image",
  "pk": 530,
  "fields": {
    "data": 29,
    "path": "33.png",
    "frame": 7,
    "width": 783,
    "height": 433,
    "is_placeholder": false,
    "real_frame": 0
  }
},
{
  "model": "engine.image",
  "pk": 531,
  "fields": {
    "data": 29,
    "path": "32.png",
    "frame": 8,
    "width": 936,
    "height": 182,
    "is_placeholder": false,
    "real_frame": 0
  }
},
{
  "model": "engine.image",
  "pk": 532,
  "fields": {
    "data": 29,
    "path": "35.png",
    "frame": 9,
    "width": 721,
    "height": 705,
    "is_placeholder": false,
    "real_frame": 0
  }
},
{
  "model": "engine.project",
  "pk": 1,
  "fields": {
    "created_date": "2021-12-14T19:46:37.969Z",
    "updated_date": "2022-11-03T13:57:25.895Z",
    "name": "project1",
    "owner": [
      "user7"
    ],
    "assignee": [
      "user6"
    ],
    "assignee_updated_date": null,
    "bug_tracker": "",
    "status": "annotation",
    "organization": null,
    "source_storage": null,
    "target_storage": null
  }
},
{
  "model": "engine.project",
  "pk": 2,
  "fields": {
    "created_date": "2021-12-14T19:52:37.278Z",
    "updated_date": "2022-06-30T08:56:45.601Z",
    "name": "project2",
    "owner": [
      "user7"
    ],
    "assignee": [
      "user2"
    ],
    "assignee_updated_date": null,
    "bug_tracker": "",
    "status": "annotation",
    "organization": 2,
    "source_storage": 3,
    "target_storage": 1
  }
},
{
  "model": "engine.project",
  "pk": 3,
  "fields": {
    "created_date": "2022-03-28T13:05:24.659Z",
    "updated_date": "2022-03-28T13:06:09.283Z",
    "name": "project 3",
    "owner": [
      "user2"
    ],
    "assignee": [
      "user5"
    ],
    "assignee_updated_date": null,
    "bug_tracker": "",
    "status": "annotation",
    "organization": 2,
    "source_storage": null,
    "target_storage": null
  }
},
{
  "model": "engine.project",
  "pk": 4,
  "fields": {
    "created_date": "2022-06-08T08:32:45.521Z",
    "updated_date": "2023-02-10T11:50:18.436Z",
    "name": "project4",
    "owner": [
      "admin1"
    ],
    "assignee": null,
    "assignee_updated_date": null,
    "bug_tracker": "",
    "status": "annotation",
    "organization": 2,
    "source_storage": null,
    "target_storage": null
  }
},
{
  "model": "engine.project",
  "pk": 5,
  "fields": {
    "created_date": "2022-09-22T14:21:53.791Z",
    "updated_date": "2022-09-28T12:26:49.493Z",
    "name": "project5",
    "owner": [
      "admin1"
    ],
    "assignee": null,
    "assignee_updated_date": null,
    "bug_tracker": "",
    "status": "annotation",
    "organization": 2,
    "source_storage": 5,
    "target_storage": 6
  }
},
{
  "model": "engine.project",
  "pk": 6,
  "fields": {
    "created_date": "2022-09-28T12:15:50.768Z",
    "updated_date": "2022-09-28T12:25:54.563Z",
    "name": "user1_project",
    "owner": [
      "user1"
    ],
    "assignee": [
      "user10"
    ],
    "assignee_updated_date": null,
    "bug_tracker": "",
    "status": "annotation",
    "organization": null,
    "source_storage": 9,
    "target_storage": 10
  }
},
{
  "model": "engine.project",
  "pk": 7,
  "fields": {
    "created_date": "2022-09-28T12:26:25.296Z",
    "updated_date": "2022-09-28T12:26:29.285Z",
    "name": "admin1_project",
    "owner": [
      "admin1"
    ],
    "assignee": [
      "worker4"
    ],
    "assignee_updated_date": null,
    "bug_tracker": "",
    "status": "annotation",
    "organization": null,
    "source_storage": 11,
    "target_storage": 12
  }
},
{
  "model": "engine.project",
  "pk": 8,
  "fields": {
    "created_date": "2022-12-01T12:52:42.454Z",
    "updated_date": "2022-12-01T12:53:34.917Z",
    "name": "project with video data",
    "owner": [
      "admin1"
    ],
    "assignee": null,
    "assignee_updated_date": null,
    "bug_tracker": "",
    "status": "annotation",
    "organization": null,
    "source_storage": 13,
    "target_storage": 14
  }
},
{
  "model": "engine.project",
  "pk": 10,
  "fields": {
    "created_date": "2023-02-10T11:42:43.192Z",
    "updated_date": "2024-09-23T21:42:22.688Z",
    "name": "project 6",
    "owner": [
      "user3"
    ],
    "assignee": [
      "worker3"
    ],
    "assignee_updated_date": null,
    "bug_tracker": "",
    "status": "annotation",
    "organization": 2,
    "source_storage": 19,
    "target_storage": 20
  }
},
{
  "model": "engine.project",
  "pk": 11,
  "fields": {
    "created_date": "2023-03-01T15:36:11.840Z",
    "updated_date": "2023-03-01T15:36:37.812Z",
    "name": "project7",
    "owner": [
      "admin1"
    ],
    "assignee": null,
    "assignee_updated_date": null,
    "bug_tracker": "",
    "status": "annotation",
    "organization": 2,
    "source_storage": 21,
    "target_storage": 22
  }
},
{
  "model": "engine.project",
  "pk": 12,
  "fields": {
    "created_date": "2023-03-10T11:57:14.944Z",
    "updated_date": "2023-03-10T11:57:48.747Z",
    "name": "project with attributes",
    "owner": [
      "admin1"
    ],
    "assignee": null,
    "assignee_updated_date": null,
    "bug_tracker": "",
    "status": "annotation",
    "organization": null,
    "source_storage": 27,
    "target_storage": 28
  }
},
{
  "model": "engine.project",
  "pk": 13,
  "fields": {
    "created_date": "2023-03-10T11:58:04.216Z",
    "updated_date": "2023-03-10T11:58:04.216Z",
    "name": "project with attributes 2",
    "owner": [
      "admin1"
    ],
    "assignee": null,
    "assignee_updated_date": null,
    "bug_tracker": "",
    "status": "annotation",
    "organization": null,
    "source_storage": 31,
    "target_storage": 32
  }
},
{
  "model": "engine.project",
  "pk": 14,
  "fields": {
    "created_date": "2024-07-15T15:29:04.426Z",
    "updated_date": "2024-07-15T15:34:53.175Z",
    "name": "project with subsets",
    "owner": [
      "admin1"
    ],
    "assignee": null,
    "assignee_updated_date": null,
    "bug_tracker": "",
    "status": "annotation",
    "organization": null,
    "source_storage": 35,
    "target_storage": 36
  }
},
{
  "model": "engine.project",
  "pk": 15,
  "fields": {
    "created_date": "2024-09-22T20:40:15.423Z",
    "updated_date": "2024-09-22T20:40:23.462Z",
    "name": "project assigned to user4",
    "owner": [
      "admin1"
    ],
    "assignee": [
      "user4"
    ],
    "assignee_updated_date": "2024-09-22T20:40:23.452Z",
    "bug_tracker": "",
    "status": "annotation",
    "organization": 2,
    "source_storage": 41,
    "target_storage": 42
  }
},
{
  "model": "engine.project",
  "pk": 16,
  "fields": {
    "created_date": "2024-09-23T08:09:42.827Z",
    "updated_date": "2024-09-23T08:09:45.474Z",
    "name": "project assigned to org owner",
    "owner": [
      "admin1"
    ],
    "assignee": [
      "user7"
    ],
    "assignee_updated_date": "2024-09-23T08:09:45.461Z",
    "bug_tracker": "",
    "status": "annotation",
    "organization": 2,
    "source_storage": 43,
    "target_storage": 44
  }
},
{
  "model": "engine.task",
  "pk": 2,
  "fields": {
    "created_date": "2021-12-14T18:50:29.458Z",
    "updated_date": "2021-12-22T07:14:15.234Z",
    "project": null,
    "name": "task2",
    "mode": "annotation",
    "owner": [
      "user1"
    ],
    "assignee": [
      "worker2"
    ],
    "assignee_updated_date": null,
    "bug_tracker": "",
    "overlap": 0,
    "segment_size": 23,
    "status": "annotation",
    "data": 2,
    "dimension": "2d",
    "subset": "",
    "organization": 1,
    "source_storage": null,
    "target_storage": null,
    "consensus_replicas": 0
  }
},
{
  "model": "engine.task",
  "pk": 5,
  "fields": {
    "created_date": "2022-02-16T06:25:48.168Z",
    "updated_date": "2022-02-21T10:40:21.257Z",
    "project": null,
    "name": "task2",
    "mode": "interpolation",
    "owner": [
      "user1"
    ],
    "assignee": [
      "dummy2"
    ],
    "assignee_updated_date": null,
    "bug_tracker": "",
    "overlap": 5,
    "segment_size": 25,
    "status": "annotation",
    "data": 5,
    "dimension": "2d",
    "subset": "",
    "organization": null,
    "source_storage": null,
    "target_storage": null,
    "consensus_replicas": 0
  }
},
{
  "model": "engine.task",
  "pk": 6,
  "fields": {
    "created_date": "2022-02-16T06:26:54.631Z",
    "updated_date": "2022-02-16T06:26:54.836Z",
    "project": null,
    "name": "task3",
    "mode": "annotation",
    "owner": [
      "user1"
    ],
    "assignee": null,
    "assignee_updated_date": null,
    "bug_tracker": "",
    "overlap": 0,
    "segment_size": 1,
    "status": "annotation",
    "data": 6,
    "dimension": "3d",
    "subset": "",
    "organization": null,
    "source_storage": null,
    "target_storage": null,
    "consensus_replicas": 0
  }
},
{
  "model": "engine.task",
  "pk": 7,
  "fields": {
    "created_date": "2022-02-21T10:31:52.429Z",
    "updated_date": "2022-02-21T10:41:38.540Z",
    "project": null,
    "name": "task_2_org2",
    "mode": "annotation",
    "owner": [
      "user8"
    ],
    "assignee": [
      "worker2"
    ],
    "assignee_updated_date": null,
    "bug_tracker": "",
    "overlap": 0,
    "segment_size": 11,
    "status": "annotation",
    "data": 7,
    "dimension": "2d",
    "subset": "",
    "organization": 2,
    "source_storage": null,
    "target_storage": null,
    "consensus_replicas": 0
  }
},
{
  "model": "engine.task",
  "pk": 8,
  "fields": {
    "created_date": "2022-03-05T08:30:48.612Z",
    "updated_date": "2023-05-02T09:28:57.638Z",
    "project": null,
    "name": "task1",
    "mode": "annotation",
    "owner": [
      "user1"
    ],
    "assignee": [
      "worker4"
    ],
    "assignee_updated_date": null,
    "bug_tracker": "",
    "overlap": 0,
    "segment_size": 14,
    "status": "annotation",
    "data": 8,
    "dimension": "2d",
    "subset": "",
    "organization": null,
    "source_storage": null,
    "target_storage": null,
    "consensus_replicas": 0
  }
},
{
  "model": "engine.task",
  "pk": 9,
  "fields": {
    "created_date": "2022-03-05T09:33:10.420Z",
    "updated_date": "2022-11-03T13:57:26.007Z",
    "project": 1,
    "name": "task1_in_project1",
    "mode": "annotation",
    "owner": [
      "user7"
    ],
    "assignee": [
      "admin1"
    ],
    "assignee_updated_date": null,
    "bug_tracker": "",
    "overlap": 0,
    "segment_size": 5,
    "status": "annotation",
    "data": 9,
    "dimension": "2d",
    "subset": "",
    "organization": null,
    "source_storage": null,
    "target_storage": null,
    "consensus_replicas": 0
  }
},
{
  "model": "engine.task",
  "pk": 11,
  "fields": {
    "created_date": "2022-03-05T10:32:19.149Z",
    "updated_date": "2022-06-30T08:56:45.594Z",
    "project": 2,
    "name": "task1_in_project2",
    "mode": "annotation",
    "owner": [
      "user7"
    ],
    "assignee": [
      "user5"
    ],
    "assignee_updated_date": null,
    "bug_tracker": "",
    "overlap": 0,
    "segment_size": 11,
    "status": "annotation",
    "data": 11,
    "dimension": "2d",
    "subset": "Train",
    "organization": 2,
    "source_storage": 4,
    "target_storage": 2,
    "consensus_replicas": 0
  }
},
{
  "model": "engine.task",
  "pk": 12,
  "fields": {
    "created_date": "2022-03-14T13:24:05.852Z",
    "updated_date": "2022-03-14T13:24:05.861Z",
    "project": null,
    "name": "task_without_data",
    "mode": "",
    "owner": [
      "admin1"
    ],
    "assignee": null,
    "assignee_updated_date": null,
    "bug_tracker": "",
    "overlap": null,
    "segment_size": 0,
    "status": "annotation",
    "data": null,
    "dimension": "2d",
    "subset": "",
    "organization": null,
    "source_storage": null,
    "target_storage": null,
    "consensus_replicas": 0
  }
},
{
  "model": "engine.task",
  "pk": 13,
  "fields": {
    "created_date": "2022-06-08T08:33:06.505Z",
    "updated_date": "2023-02-10T11:50:18.414Z",
    "project": 4,
    "name": "task1_in_project4",
    "mode": "annotation",
    "owner": [
      "admin1"
    ],
    "assignee": [
      "user3"
    ],
    "assignee_updated_date": null,
    "bug_tracker": "",
    "overlap": 0,
    "segment_size": 5,
    "status": "annotation",
    "data": 12,
    "dimension": "2d",
    "subset": "",
    "organization": 2,
    "source_storage": null,
    "target_storage": null,
    "consensus_replicas": 0
  }
},
{
  "model": "engine.task",
  "pk": 14,
  "fields": {
    "created_date": "2022-09-22T14:22:25.820Z",
    "updated_date": "2022-09-23T11:57:02.300Z",
    "project": 5,
    "name": "task1 in project5",
    "mode": "annotation",
    "owner": [
      "admin1"
    ],
    "assignee": null,
    "assignee_updated_date": null,
    "bug_tracker": "https://bugtracker.localhost/task/12345",
    "overlap": 0,
    "segment_size": 8,
    "status": "annotation",
    "data": 13,
    "dimension": "2d",
    "subset": "",
    "organization": 2,
    "source_storage": 7,
    "target_storage": 8,
    "consensus_replicas": 0
  }
},
{
  "model": "engine.task",
  "pk": 15,
  "fields": {
    "created_date": "2022-12-01T12:53:10.425Z",
    "updated_date": "2022-12-01T12:53:35.028Z",
    "project": 8,
    "name": "task with video data",
    "mode": "interpolation",
    "owner": [
      "admin1"
    ],
    "assignee": null,
    "assignee_updated_date": null,
    "bug_tracker": "",
    "overlap": 5,
    "segment_size": 25,
    "status": "annotation",
    "data": 14,
    "dimension": "2d",
    "subset": "",
    "organization": null,
    "source_storage": 15,
    "target_storage": 16,
    "consensus_replicas": 0
  }
},
{
  "model": "engine.task",
  "pk": 17,
  "fields": {
    "created_date": "2023-02-10T14:05:25.947Z",
    "updated_date": "2023-02-10T14:08:05.873Z",
    "project": null,
    "name": "task_3_org2",
    "mode": "annotation",
    "owner": [
      "admin1"
    ],
    "assignee": [
      "user2"
    ],
    "assignee_updated_date": null,
    "bug_tracker": "",
    "overlap": 0,
    "segment_size": 5,
    "status": "annotation",
    "data": 16,
    "dimension": "2d",
    "subset": "",
    "organization": 2,
    "source_storage": null,
    "target_storage": null,
    "consensus_replicas": 0
  }
},
{
  "model": "engine.task",
  "pk": 18,
  "fields": {
    "created_date": "2023-03-01T15:36:26.668Z",
    "updated_date": "2023-03-01T15:36:37.897Z",
    "project": 11,
    "name": "task in project7",
    "mode": "annotation",
    "owner": [
      "admin1"
    ],
    "assignee": null,
    "assignee_updated_date": null,
    "bug_tracker": "",
    "overlap": 0,
    "segment_size": 2,
    "status": "annotation",
    "data": 17,
    "dimension": "2d",
    "subset": "",
    "organization": 2,
    "source_storage": 23,
    "target_storage": 24,
    "consensus_replicas": 0
  }
},
{
  "model": "engine.task",
  "pk": 19,
  "fields": {
    "created_date": "2023-03-10T11:56:33.757Z",
    "updated_date": "2023-03-10T11:56:54.904Z",
    "project": null,
    "name": "task with attributes",
    "mode": "annotation",
    "owner": [
      "admin1"
    ],
    "assignee": null,
    "assignee_updated_date": null,
    "bug_tracker": "",
    "overlap": 0,
    "segment_size": 2,
    "status": "annotation",
    "data": 18,
    "dimension": "2d",
    "subset": "",
    "organization": null,
    "source_storage": 25,
    "target_storage": 26,
    "consensus_replicas": 0
  }
},
{
  "model": "engine.task",
  "pk": 20,
  "fields": {
    "created_date": "2023-03-10T11:57:31.614Z",
    "updated_date": "2023-03-10T11:57:48.835Z",
    "project": 12,
    "name": "task in project with attributes",
    "mode": "annotation",
    "owner": [
      "admin1"
    ],
    "assignee": null,
    "assignee_updated_date": null,
    "bug_tracker": "",
    "overlap": 0,
    "segment_size": 2,
    "status": "annotation",
    "data": 19,
    "dimension": "2d",
    "subset": "",
    "organization": null,
    "source_storage": 29,
    "target_storage": 30,
    "consensus_replicas": 0
  }
},
{
  "model": "engine.task",
  "pk": 21,
  "fields": {
    "created_date": "2023-03-27T19:08:07.649Z",
    "updated_date": "2023-03-27T19:08:40.032Z",
    "project": null,
    "name": "task with several jobs",
    "mode": "annotation",
    "owner": [
      "admin1"
    ],
    "assignee": null,
    "assignee_updated_date": null,
    "bug_tracker": "",
    "overlap": 0,
    "segment_size": 6,
    "status": "annotation",
    "data": 20,
    "dimension": "2d",
    "subset": "",
    "organization": null,
    "source_storage": 33,
    "target_storage": 34,
    "consensus_replicas": 0
  }
},
{
  "model": "engine.task",
  "pk": 22,
  "fields": {
    "created_date": "2023-05-26T16:11:23.540Z",
    "updated_date": "2023-11-24T15:23:30.045Z",
    "project": null,
    "name": "task3_with_gt_job",
    "mode": "annotation",
    "owner": [
      "user2"
    ],
    "assignee": null,
    "assignee_updated_date": null,
    "bug_tracker": "",
    "overlap": 0,
    "segment_size": 11,
    "status": "validation",
    "data": 21,
    "dimension": "2d",
    "subset": "Train",
    "organization": 2,
    "source_storage": null,
    "target_storage": null,
    "consensus_replicas": 0
  }
},
{
  "model": "engine.task",
  "pk": 23,
  "fields": {
    "created_date": "2024-03-21T20:50:05.694Z",
    "updated_date": "2024-03-21T20:50:05.947Z",
    "project": null,
    "name": "task with several jobs and ground truth job",
    "mode": "annotation",
    "owner": [
      "admin2"
    ],
    "assignee": null,
    "assignee_updated_date": null,
    "bug_tracker": "",
    "overlap": 0,
    "segment_size": 5,
    "status": "completed",
    "data": 22,
    "dimension": "2d",
    "subset": "",
    "organization": null,
    "source_storage": null,
    "target_storage": null,
    "consensus_replicas": 0
  }
},
{
  "model": "engine.task",
  "pk": 24,
  "fields": {
    "created_date": "2024-07-15T15:33:10.135Z",
    "updated_date": "2024-07-15T15:33:10.641Z",
    "project": 14,
    "name": "task_train",
    "mode": "annotation",
    "owner": [
      "admin1"
    ],
    "assignee": null,
    "assignee_updated_date": null,
    "bug_tracker": "",
    "overlap": 0,
    "segment_size": 1,
    "status": "annotation",
    "data": 23,
    "dimension": "2d",
    "subset": "Train",
    "organization": null,
    "source_storage": 37,
    "target_storage": 38,
    "consensus_replicas": 0
  }
},
{
  "model": "engine.task",
  "pk": 25,
  "fields": {
    "created_date": "2024-07-15T15:34:53.156Z",
    "updated_date": "2024-07-15T15:34:53.692Z",
    "project": 14,
    "name": "task-validation",
    "mode": "annotation",
    "owner": [
      "admin1"
    ],
    "assignee": null,
    "assignee_updated_date": null,
    "bug_tracker": "",
    "overlap": 0,
    "segment_size": 1,
    "status": "annotation",
    "data": 24,
    "dimension": "2d",
    "subset": "Validation",
    "organization": null,
    "source_storage": 39,
    "target_storage": 40,
    "consensus_replicas": 0
  }
},
{
  "model": "engine.task",
  "pk": 26,
  "fields": {
    "created_date": "2024-09-23T10:51:32.778Z",
    "updated_date": "2024-09-23T10:51:45.533Z",
    "project": null,
    "name": "task assigned to owner",
    "mode": "annotation",
    "owner": [
      "user3"
    ],
    "assignee": [
      "user7"
    ],
    "assignee_updated_date": "2024-09-23T10:51:45.525Z",
    "bug_tracker": "",
    "overlap": 0,
    "segment_size": 1,
    "status": "annotation",
    "data": 25,
    "dimension": "2d",
    "subset": "",
    "organization": 2,
    "source_storage": 45,
    "target_storage": 46,
    "consensus_replicas": 0
  }
},
{
  "model": "engine.task",
  "pk": 27,
  "fields": {
    "created_date": "2024-09-23T10:52:04.357Z",
    "updated_date": "2024-09-23T10:52:48.778Z",
    "project": null,
    "name": "task assigned to maintainer",
    "mode": "annotation",
    "owner": [
      "user3"
    ],
    "assignee": [
      "user4"
    ],
    "assignee_updated_date": "2024-09-23T10:52:48.769Z",
    "bug_tracker": "",
    "overlap": 0,
    "segment_size": 1,
    "status": "annotation",
    "data": 26,
    "dimension": "2d",
    "subset": "",
    "organization": 2,
    "source_storage": 47,
    "target_storage": 48,
    "consensus_replicas": 0
  }
},
{
  "model": "engine.task",
  "pk": 28,
  "fields": {
    "created_date": "2024-09-23T21:42:22.676Z",
    "updated_date": "2024-09-23T21:42:23.082Z",
    "project": 10,
    "name": "task 1",
    "mode": "annotation",
    "owner": [
      "user4"
    ],
    "assignee": null,
    "assignee_updated_date": null,
    "bug_tracker": "",
    "overlap": 0,
    "segment_size": 1,
    "status": "annotation",
    "data": 27,
    "dimension": "2d",
    "subset": "",
    "organization": 2,
    "source_storage": 49,
    "target_storage": 50,
    "consensus_replicas": 0
  }
},
{
  "model": "engine.task",
  "pk": 29,
  "fields": {
    "created_date": "2024-10-01T12:36:21.364Z",
    "updated_date": "2024-10-01T12:38:26.883Z",
    "project": null,
    "name": "task with honeypots",
    "mode": "annotation",
    "owner": [
      "admin1"
    ],
    "assignee": null,
    "assignee_updated_date": null,
    "bug_tracker": "",
    "overlap": 0,
    "segment_size": 0,
    "status": "annotation",
    "data": 28,
    "dimension": "2d",
    "subset": "",
    "organization": 2,
    "source_storage": null,
    "target_storage": null,
    "consensus_replicas": 0
  }
},
{
  "model": "engine.task",
  "pk": 30,
  "fields": {
    "created_date": "2025-01-14T17:19:03.665Z",
    "updated_date": "2025-01-14T17:26:01.139Z",
    "project": null,
    "name": "task with consensus and honeypots",
    "mode": "annotation",
    "owner": [
      "user2"
    ],
    "assignee": null,
    "assignee_updated_date": null,
    "bug_tracker": "",
    "overlap": 0,
    "segment_size": 0,
    "status": "annotation",
    "data": 29,
    "dimension": "2d",
    "subset": "",
    "organization": 2,
    "source_storage": 51,
    "target_storage": 52,
    "consensus_replicas": 3
  }
},
{
  "model": "engine.clientfile",
  "pk": 131,
  "fields": {
    "data": 2,
    "file": "/home/django/data/data/2/raw/120.png"
  }
},
{
  "model": "engine.clientfile",
  "pk": 132,
  "fields": {
    "data": 2,
    "file": "/home/django/data/data/2/raw/127.png"
  }
},
{
  "model": "engine.clientfile",
  "pk": 133,
  "fields": {
    "data": 2,
    "file": "/home/django/data/data/2/raw/124.png"
  }
},
{
  "model": "engine.clientfile",
  "pk": 134,
  "fields": {
    "data": 2,
    "file": "/home/django/data/data/2/raw/133.png"
  }
},
{
  "model": "engine.clientfile",
  "pk": 135,
  "fields": {
    "data": 2,
    "file": "/home/django/data/data/2/raw/131.png"
  }
},
{
  "model": "engine.clientfile",
  "pk": 136,
  "fields": {
    "data": 2,
    "file": "/home/django/data/data/2/raw/125.png"
  }
},
{
  "model": "engine.clientfile",
  "pk": 137,
  "fields": {
    "data": 2,
    "file": "/home/django/data/data/2/raw/121.png"
  }
},
{
  "model": "engine.clientfile",
  "pk": 138,
  "fields": {
    "data": 2,
    "file": "/home/django/data/data/2/raw/122.png"
  }
},
{
  "model": "engine.clientfile",
  "pk": 139,
  "fields": {
    "data": 2,
    "file": "/home/django/data/data/2/raw/126.png"
  }
},
{
  "model": "engine.clientfile",
  "pk": 140,
  "fields": {
    "data": 2,
    "file": "/home/django/data/data/2/raw/130.png"
  }
},
{
  "model": "engine.clientfile",
  "pk": 141,
  "fields": {
    "data": 2,
    "file": "/home/django/data/data/2/raw/123.png"
  }
},
{
  "model": "engine.clientfile",
  "pk": 142,
  "fields": {
    "data": 2,
    "file": "/home/django/data/data/2/raw/132.png"
  }
},
{
  "model": "engine.clientfile",
  "pk": 143,
  "fields": {
    "data": 2,
    "file": "/home/django/data/data/2/raw/119.png"
  }
},
{
  "model": "engine.clientfile",
  "pk": 144,
  "fields": {
    "data": 2,
    "file": "/home/django/data/data/2/raw/137.png"
  }
},
{
  "model": "engine.clientfile",
  "pk": 145,
  "fields": {
    "data": 2,
    "file": "/home/django/data/data/2/raw/129.png"
  }
},
{
  "model": "engine.clientfile",
  "pk": 146,
  "fields": {
    "data": 2,
    "file": "/home/django/data/data/2/raw/118.png"
  }
},
{
  "model": "engine.clientfile",
  "pk": 147,
  "fields": {
    "data": 2,
    "file": "/home/django/data/data/2/raw/135.png"
  }
},
{
  "model": "engine.clientfile",
  "pk": 148,
  "fields": {
    "data": 2,
    "file": "/home/django/data/data/2/raw/140.png"
  }
},
{
  "model": "engine.clientfile",
  "pk": 149,
  "fields": {
    "data": 2,
    "file": "/home/django/data/data/2/raw/139.png"
  }
},
{
  "model": "engine.clientfile",
  "pk": 150,
  "fields": {
    "data": 2,
    "file": "/home/django/data/data/2/raw/136.png"
  }
},
{
  "model": "engine.clientfile",
  "pk": 151,
  "fields": {
    "data": 2,
    "file": "/home/django/data/data/2/raw/128.png"
  }
},
{
  "model": "engine.clientfile",
  "pk": 152,
  "fields": {
    "data": 2,
    "file": "/home/django/data/data/2/raw/138.png"
  }
},
{
  "model": "engine.clientfile",
  "pk": 153,
  "fields": {
    "data": 2,
    "file": "/home/django/data/data/2/raw/134.png"
  }
},
{
  "model": "engine.clientfile",
  "pk": 360,
  "fields": {
    "data": 5,
    "file": "/home/django/data/data/5/raw/test_video_1.mp4"
  }
},
{
  "model": "engine.clientfile",
  "pk": 361,
  "fields": {
    "data": 6,
    "file": "/home/django/data/data/6/raw/test_pointcloud_pcd.zip"
  }
},
{
  "model": "engine.clientfile",
  "pk": 362,
  "fields": {
    "data": 7,
    "file": "/home/django/data/data/7/raw/10.png"
  }
},
{
  "model": "engine.clientfile",
  "pk": 363,
  "fields": {
    "data": 7,
    "file": "/home/django/data/data/7/raw/3.png"
  }
},
{
  "model": "engine.clientfile",
  "pk": 364,
  "fields": {
    "data": 7,
    "file": "/home/django/data/data/7/raw/9.png"
  }
},
{
  "model": "engine.clientfile",
  "pk": 365,
  "fields": {
    "data": 7,
    "file": "/home/django/data/data/7/raw/6.png"
  }
},
{
  "model": "engine.clientfile",
  "pk": 366,
  "fields": {
    "data": 7,
    "file": "/home/django/data/data/7/raw/0.png"
  }
},
{
  "model": "engine.clientfile",
  "pk": 367,
  "fields": {
    "data": 7,
    "file": "/home/django/data/data/7/raw/8.png"
  }
},
{
  "model": "engine.clientfile",
  "pk": 368,
  "fields": {
    "data": 7,
    "file": "/home/django/data/data/7/raw/2.png"
  }
},
{
  "model": "engine.clientfile",
  "pk": 369,
  "fields": {
    "data": 7,
    "file": "/home/django/data/data/7/raw/7.png"
  }
},
{
  "model": "engine.clientfile",
  "pk": 370,
  "fields": {
    "data": 7,
    "file": "/home/django/data/data/7/raw/5.png"
  }
},
{
  "model": "engine.clientfile",
  "pk": 371,
  "fields": {
    "data": 7,
    "file": "/home/django/data/data/7/raw/1.png"
  }
},
{
  "model": "engine.clientfile",
  "pk": 372,
  "fields": {
    "data": 7,
    "file": "/home/django/data/data/7/raw/4.png"
  }
},
{
  "model": "engine.clientfile",
  "pk": 373,
  "fields": {
    "data": 8,
    "file": "/home/django/data/data/8/raw/10.png"
  }
},
{
  "model": "engine.clientfile",
  "pk": 374,
  "fields": {
    "data": 8,
    "file": "/home/django/data/data/8/raw/3.png"
  }
},
{
  "model": "engine.clientfile",
  "pk": 375,
  "fields": {
    "data": 8,
    "file": "/home/django/data/data/8/raw/9.png"
  }
},
{
  "model": "engine.clientfile",
  "pk": 376,
  "fields": {
    "data": 8,
    "file": "/home/django/data/data/8/raw/6.png"
  }
},
{
  "model": "engine.clientfile",
  "pk": 377,
  "fields": {
    "data": 8,
    "file": "/home/django/data/data/8/raw/13.png"
  }
},
{
  "model": "engine.clientfile",
  "pk": 378,
  "fields": {
    "data": 8,
    "file": "/home/django/data/data/8/raw/0.png"
  }
},
{
  "model": "engine.clientfile",
  "pk": 379,
  "fields": {
    "data": 8,
    "file": "/home/django/data/data/8/raw/12.png"
  }
},
{
  "model": "engine.clientfile",
  "pk": 380,
  "fields": {
    "data": 8,
    "file": "/home/django/data/data/8/raw/8.png"
  }
},
{
  "model": "engine.clientfile",
  "pk": 381,
  "fields": {
    "data": 8,
    "file": "/home/django/data/data/8/raw/2.png"
  }
},
{
  "model": "engine.clientfile",
  "pk": 382,
  "fields": {
    "data": 8,
    "file": "/home/django/data/data/8/raw/7.png"
  }
},
{
  "model": "engine.clientfile",
  "pk": 383,
  "fields": {
    "data": 8,
    "file": "/home/django/data/data/8/raw/1.png"
  }
},
{
  "model": "engine.clientfile",
  "pk": 384,
  "fields": {
    "data": 8,
    "file": "/home/django/data/data/8/raw/4.png"
  }
},
{
  "model": "engine.clientfile",
  "pk": 385,
  "fields": {
    "data": 8,
    "file": "/home/django/data/data/8/raw/11.png"
  }
},
{
  "model": "engine.clientfile",
  "pk": 386,
  "fields": {
    "data": 8,
    "file": "/home/django/data/data/8/raw/14.png"
  }
},
{
  "model": "engine.clientfile",
  "pk": 387,
  "fields": {
    "data": 9,
    "file": "/home/django/data/data/9/raw/53.png"
  }
},
{
  "model": "engine.clientfile",
  "pk": 388,
  "fields": {
    "data": 9,
    "file": "/home/django/data/data/9/raw/52.png"
  }
},
{
  "model": "engine.clientfile",
  "pk": 389,
  "fields": {
    "data": 9,
    "file": "/home/django/data/data/9/raw/59.png"
  }
},
{
  "model": "engine.clientfile",
  "pk": 390,
  "fields": {
    "data": 9,
    "file": "/home/django/data/data/9/raw/65.png"
  }
},
{
  "model": "engine.clientfile",
  "pk": 391,
  "fields": {
    "data": 9,
    "file": "/home/django/data/data/9/raw/57.png"
  }
},
{
  "model": "engine.clientfile",
  "pk": 392,
  "fields": {
    "data": 9,
    "file": "/home/django/data/data/9/raw/71.png"
  }
},
{
  "model": "engine.clientfile",
  "pk": 393,
  "fields": {
    "data": 9,
    "file": "/home/django/data/data/9/raw/61.png"
  }
},
{
  "model": "engine.clientfile",
  "pk": 394,
  "fields": {
    "data": 9,
    "file": "/home/django/data/data/9/raw/58.png"
  }
},
{
  "model": "engine.clientfile",
  "pk": 395,
  "fields": {
    "data": 9,
    "file": "/home/django/data/data/9/raw/68.png"
  }
},
{
  "model": "engine.clientfile",
  "pk": 396,
  "fields": {
    "data": 9,
    "file": "/home/django/data/data/9/raw/70.png"
  }
},
{
  "model": "engine.clientfile",
  "pk": 397,
  "fields": {
    "data": 9,
    "file": "/home/django/data/data/9/raw/55.png"
  }
},
{
  "model": "engine.clientfile",
  "pk": 398,
  "fields": {
    "data": 9,
    "file": "/home/django/data/data/9/raw/62.png"
  }
},
{
  "model": "engine.clientfile",
  "pk": 399,
  "fields": {
    "data": 9,
    "file": "/home/django/data/data/9/raw/67.png"
  }
},
{
  "model": "engine.clientfile",
  "pk": 400,
  "fields": {
    "data": 9,
    "file": "/home/django/data/data/9/raw/63.png"
  }
},
{
  "model": "engine.clientfile",
  "pk": 401,
  "fields": {
    "data": 9,
    "file": "/home/django/data/data/9/raw/64.png"
  }
},
{
  "model": "engine.clientfile",
  "pk": 402,
  "fields": {
    "data": 9,
    "file": "/home/django/data/data/9/raw/69.png"
  }
},
{
  "model": "engine.clientfile",
  "pk": 403,
  "fields": {
    "data": 9,
    "file": "/home/django/data/data/9/raw/56.png"
  }
},
{
  "model": "engine.clientfile",
  "pk": 404,
  "fields": {
    "data": 9,
    "file": "/home/django/data/data/9/raw/66.png"
  }
},
{
  "model": "engine.clientfile",
  "pk": 405,
  "fields": {
    "data": 9,
    "file": "/home/django/data/data/9/raw/54.png"
  }
},
{
  "model": "engine.clientfile",
  "pk": 406,
  "fields": {
    "data": 9,
    "file": "/home/django/data/data/9/raw/60.png"
  }
},
{
  "model": "engine.clientfile",
  "pk": 418,
  "fields": {
    "data": 11,
    "file": "/home/django/data/data/11/raw/30.png"
  }
},
{
  "model": "engine.clientfile",
  "pk": 419,
  "fields": {
    "data": 11,
    "file": "/home/django/data/data/11/raw/36.png"
  }
},
{
  "model": "engine.clientfile",
  "pk": 420,
  "fields": {
    "data": 11,
    "file": "/home/django/data/data/11/raw/40.png"
  }
},
{
  "model": "engine.clientfile",
  "pk": 421,
  "fields": {
    "data": 11,
    "file": "/home/django/data/data/11/raw/34.png"
  }
},
{
  "model": "engine.clientfile",
  "pk": 422,
  "fields": {
    "data": 11,
    "file": "/home/django/data/data/11/raw/31.png"
  }
},
{
  "model": "engine.clientfile",
  "pk": 423,
  "fields": {
    "data": 11,
    "file": "/home/django/data/data/11/raw/38.png"
  }
},
{
  "model": "engine.clientfile",
  "pk": 424,
  "fields": {
    "data": 11,
    "file": "/home/django/data/data/11/raw/39.png"
  }
},
{
  "model": "engine.clientfile",
  "pk": 425,
  "fields": {
    "data": 11,
    "file": "/home/django/data/data/11/raw/33.png"
  }
},
{
  "model": "engine.clientfile",
  "pk": 426,
  "fields": {
    "data": 11,
    "file": "/home/django/data/data/11/raw/35.png"
  }
},
{
  "model": "engine.clientfile",
  "pk": 427,
  "fields": {
    "data": 11,
    "file": "/home/django/data/data/11/raw/32.png"
  }
},
{
  "model": "engine.clientfile",
  "pk": 428,
  "fields": {
    "data": 11,
    "file": "/home/django/data/data/11/raw/37.png"
  }
},
{
  "model": "engine.clientfile",
  "pk": 429,
  "fields": {
    "data": 12,
    "file": "/home/django/data/data/12/raw/4.png"
  }
},
{
  "model": "engine.clientfile",
  "pk": 430,
  "fields": {
    "data": 12,
    "file": "/home/django/data/data/12/raw/0.png"
  }
},
{
  "model": "engine.clientfile",
  "pk": 431,
  "fields": {
    "data": 12,
    "file": "/home/django/data/data/12/raw/1.png"
  }
},
{
  "model": "engine.clientfile",
  "pk": 432,
  "fields": {
    "data": 12,
    "file": "/home/django/data/data/12/raw/3.png"
  }
},
{
  "model": "engine.clientfile",
  "pk": 433,
  "fields": {
    "data": 12,
    "file": "/home/django/data/data/12/raw/2.png"
  }
},
{
  "model": "engine.clientfile",
  "pk": 434,
  "fields": {
    "data": 13,
    "file": "/home/django/data/data/13/raw/6.png"
  }
},
{
  "model": "engine.clientfile",
  "pk": 435,
  "fields": {
    "data": 13,
    "file": "/home/django/data/data/13/raw/4.png"
  }
},
{
  "model": "engine.clientfile",
  "pk": 436,
  "fields": {
    "data": 13,
    "file": "/home/django/data/data/13/raw/7.png"
  }
},
{
  "model": "engine.clientfile",
  "pk": 437,
  "fields": {
    "data": 13,
    "file": "/home/django/data/data/13/raw/1.png"
  }
},
{
  "model": "engine.clientfile",
  "pk": 438,
  "fields": {
    "data": 13,
    "file": "/home/django/data/data/13/raw/3.png"
  }
},
{
  "model": "engine.clientfile",
  "pk": 439,
  "fields": {
    "data": 13,
    "file": "/home/django/data/data/13/raw/8.png"
  }
},
{
  "model": "engine.clientfile",
  "pk": 440,
  "fields": {
    "data": 13,
    "file": "/home/django/data/data/13/raw/5.png"
  }
},
{
  "model": "engine.clientfile",
  "pk": 441,
  "fields": {
    "data": 13,
    "file": "/home/django/data/data/13/raw/2.png"
  }
},
{
  "model": "engine.clientfile",
  "pk": 442,
  "fields": {
    "data": 14,
    "file": "/home/django/data/data/14/raw/test_video_1.mp4"
  }
},
{
  "model": "engine.clientfile",
  "pk": 443,
  "fields": {
    "data": 17,
    "file": "/home/django/data/data/17/raw/12.png"
  }
},
{
  "model": "engine.clientfile",
  "pk": 444,
  "fields": {
    "data": 17,
    "file": "/home/django/data/data/17/raw/13.png"
  }
},
{
  "model": "engine.clientfile",
  "pk": 445,
  "fields": {
    "data": 18,
    "file": "/home/django/data/data/18/raw/16.png"
  }
},
{
  "model": "engine.clientfile",
  "pk": 446,
  "fields": {
    "data": 18,
    "file": "/home/django/data/data/18/raw/15.png"
  }
},
{
  "model": "engine.clientfile",
  "pk": 447,
  "fields": {
    "data": 19,
    "file": "/home/django/data/data/19/raw/33.png"
  }
},
{
  "model": "engine.clientfile",
  "pk": 448,
  "fields": {
    "data": 19,
    "file": "/home/django/data/data/19/raw/34.png"
  }
},
{
  "model": "engine.clientfile",
  "pk": 449,
  "fields": {
    "data": 20,
    "file": "/home/django/data/data/20/raw/3.png"
  }
},
{
  "model": "engine.clientfile",
  "pk": 450,
  "fields": {
    "data": 20,
    "file": "/home/django/data/data/20/raw/2.png"
  }
},
{
  "model": "engine.clientfile",
  "pk": 451,
  "fields": {
    "data": 20,
    "file": "/home/django/data/data/20/raw/5.png"
  }
},
{
  "model": "engine.clientfile",
  "pk": 452,
  "fields": {
    "data": 20,
    "file": "/home/django/data/data/20/raw/8.png"
  }
},
{
  "model": "engine.clientfile",
  "pk": 453,
  "fields": {
    "data": 20,
    "file": "/home/django/data/data/20/raw/9.png"
  }
},
{
  "model": "engine.clientfile",
  "pk": 454,
  "fields": {
    "data": 20,
    "file": "/home/django/data/data/20/raw/4.png"
  }
},
{
  "model": "engine.clientfile",
  "pk": 455,
  "fields": {
    "data": 20,
    "file": "/home/django/data/data/20/raw/6.png"
  }
},
{
  "model": "engine.clientfile",
  "pk": 456,
  "fields": {
    "data": 20,
    "file": "/home/django/data/data/20/raw/0.png"
  }
},
{
  "model": "engine.clientfile",
  "pk": 457,
  "fields": {
    "data": 20,
    "file": "/home/django/data/data/20/raw/1.png"
  }
},
{
  "model": "engine.clientfile",
  "pk": 458,
  "fields": {
    "data": 20,
    "file": "/home/django/data/data/20/raw/7.png"
  }
},
{
  "model": "engine.clientfile",
  "pk": 459,
  "fields": {
    "data": 23,
    "file": "/home/django/data/data/23/raw/img.png"
  }
},
{
  "model": "engine.clientfile",
  "pk": 460,
  "fields": {
    "data": 24,
    "file": "/home/django/data/data/24/raw/img.png"
  }
},
{
  "model": "engine.clientfile",
  "pk": 461,
  "fields": {
    "data": 25,
    "file": "/home/django/data/data/25/raw/1.png"
  }
},
{
  "model": "engine.clientfile",
  "pk": 462,
  "fields": {
    "data": 26,
    "file": "/home/django/data/data/26/raw/1.png"
  }
},
{
  "model": "engine.clientfile",
  "pk": 463,
  "fields": {
    "data": 27,
    "file": "/home/django/data/data/27/raw/1.png"
  }
},
{
  "model": "engine.clientfile",
  "pk": 464,
  "fields": {
    "data": 29,
    "file": "/home/django/data/data/29/raw/30.png"
  }
},
{
  "model": "engine.clientfile",
  "pk": 465,
  "fields": {
    "data": 29,
    "file": "/home/django/data/data/29/raw/31.png"
  }
},
{
  "model": "engine.clientfile",
  "pk": 466,
  "fields": {
    "data": 29,
    "file": "/home/django/data/data/29/raw/32.png"
  }
},
{
  "model": "engine.clientfile",
  "pk": 467,
  "fields": {
    "data": 29,
    "file": "/home/django/data/data/29/raw/33.png"
  }
},
{
  "model": "engine.clientfile",
  "pk": 468,
  "fields": {
    "data": 29,
    "file": "/home/django/data/data/29/raw/34.png"
  }
},
{
  "model": "engine.clientfile",
  "pk": 469,
  "fields": {
    "data": 29,
    "file": "/home/django/data/data/29/raw/35.png"
  }
},
{
  "model": "engine.relatedfile",
  "pk": 1,
  "fields": {
    "data": 6,
    "path": "/home/django/data/data/6/raw/test_pointcloud_pcd/related_images/000001_pcd/000001.png",
    "images": [
      360
    ]
  }
},
{
  "model": "engine.segment",
  "pk": 2,
  "fields": {
    "task": 2,
    "start_frame": 0,
    "stop_frame": 22,
    "chunks_updated_date": "2024-10-02T08:13:16.623Z",
    "type": "range",
    "frames": "[]"
  }
},
{
  "model": "engine.segment",
  "pk": 7,
  "fields": {
    "task": 5,
    "start_frame": 0,
    "stop_frame": 24,
    "chunks_updated_date": "2024-10-02T08:13:16.623Z",
    "type": "range",
    "frames": "[]"
  }
},
{
  "model": "engine.segment",
  "pk": 8,
  "fields": {
    "task": 6,
    "start_frame": 0,
    "stop_frame": 0,
    "chunks_updated_date": "2024-10-02T08:13:16.623Z",
    "type": "range",
    "frames": "[]"
  }
},
{
  "model": "engine.segment",
  "pk": 9,
  "fields": {
    "task": 7,
    "start_frame": 0,
    "stop_frame": 10,
    "chunks_updated_date": "2024-10-02T08:13:16.623Z",
    "type": "range",
    "frames": "[]"
  }
},
{
  "model": "engine.segment",
  "pk": 10,
  "fields": {
    "task": 8,
    "start_frame": 0,
    "stop_frame": 13,
    "chunks_updated_date": "2024-10-02T08:13:16.623Z",
    "type": "range",
    "frames": "[]"
  }
},
{
  "model": "engine.segment",
  "pk": 11,
  "fields": {
    "task": 9,
    "start_frame": 0,
    "stop_frame": 4,
    "chunks_updated_date": "2024-10-02T08:13:16.623Z",
    "type": "range",
    "frames": "[]"
  }
},
{
  "model": "engine.segment",
  "pk": 12,
  "fields": {
    "task": 9,
    "start_frame": 5,
    "stop_frame": 9,
    "chunks_updated_date": "2024-10-02T08:13:16.623Z",
    "type": "range",
    "frames": "[]"
  }
},
{
  "model": "engine.segment",
  "pk": 13,
  "fields": {
    "task": 9,
    "start_frame": 10,
    "stop_frame": 14,
    "chunks_updated_date": "2024-10-02T08:13:16.623Z",
    "type": "range",
    "frames": "[]"
  }
},
{
  "model": "engine.segment",
  "pk": 14,
  "fields": {
    "task": 9,
    "start_frame": 15,
    "stop_frame": 19,
    "chunks_updated_date": "2024-10-02T08:13:16.623Z",
    "type": "range",
    "frames": "[]"
  }
},
{
  "model": "engine.segment",
  "pk": 16,
  "fields": {
    "task": 11,
    "start_frame": 0,
    "stop_frame": 10,
    "chunks_updated_date": "2024-10-02T08:13:16.623Z",
    "type": "range",
    "frames": "[]"
  }
},
{
  "model": "engine.segment",
  "pk": 17,
  "fields": {
    "task": 13,
    "start_frame": 0,
    "stop_frame": 4,
    "chunks_updated_date": "2024-10-02T08:13:16.623Z",
    "type": "range",
    "frames": "[]"
  }
},
{
  "model": "engine.segment",
  "pk": 18,
  "fields": {
    "task": 14,
    "start_frame": 0,
    "stop_frame": 7,
    "chunks_updated_date": "2024-10-02T08:13:16.623Z",
    "type": "range",
    "frames": "[]"
  }
},
{
  "model": "engine.segment",
  "pk": 19,
  "fields": {
    "task": 15,
    "start_frame": 0,
    "stop_frame": 24,
    "chunks_updated_date": "2024-10-02T08:13:16.623Z",
    "type": "range",
    "frames": "[]"
  }
},
{
  "model": "engine.segment",
  "pk": 21,
  "fields": {
    "task": 17,
    "start_frame": 0,
    "stop_frame": 4,
    "chunks_updated_date": "2024-10-02T08:13:16.623Z",
    "type": "range",
    "frames": "[]"
  }
},
{
  "model": "engine.segment",
  "pk": 22,
  "fields": {
    "task": 18,
    "start_frame": 0,
    "stop_frame": 1,
    "chunks_updated_date": "2024-10-02T08:13:16.623Z",
    "type": "range",
    "frames": "[]"
  }
},
{
  "model": "engine.segment",
  "pk": 23,
  "fields": {
    "task": 19,
    "start_frame": 0,
    "stop_frame": 1,
    "chunks_updated_date": "2024-10-02T08:13:16.623Z",
    "type": "range",
    "frames": "[]"
  }
},
{
  "model": "engine.segment",
  "pk": 24,
  "fields": {
    "task": 20,
    "start_frame": 0,
    "stop_frame": 1,
    "chunks_updated_date": "2024-10-02T08:13:16.623Z",
    "type": "range",
    "frames": "[]"
  }
},
{
  "model": "engine.segment",
  "pk": 25,
  "fields": {
    "task": 21,
    "start_frame": 0,
    "stop_frame": 5,
    "chunks_updated_date": "2024-10-02T08:13:16.623Z",
    "type": "range",
    "frames": "[]"
  }
},
{
  "model": "engine.segment",
  "pk": 26,
  "fields": {
    "task": 21,
    "start_frame": 6,
    "stop_frame": 9,
    "chunks_updated_date": "2024-10-02T08:13:16.623Z",
    "type": "range",
    "frames": "[]"
  }
},
{
  "model": "engine.segment",
  "pk": 27,
  "fields": {
    "task": 22,
    "start_frame": 0,
    "stop_frame": 10,
    "chunks_updated_date": "2024-10-02T08:13:16.623Z",
    "type": "range",
    "frames": "[]"
  }
},
{
  "model": "engine.segment",
  "pk": 28,
  "fields": {
    "task": 22,
    "start_frame": 0,
    "stop_frame": 10,
    "chunks_updated_date": "2024-10-02T08:13:16.623Z",
    "type": "specific_frames",
    "frames": "0,1,2"
  }
},
{
  "model": "engine.segment",
  "pk": 29,
  "fields": {
    "task": 23,
    "start_frame": 0,
    "stop_frame": 4,
    "chunks_updated_date": "2024-10-02T08:13:16.623Z",
    "type": "range",
    "frames": "[]"
  }
},
{
  "model": "engine.segment",
  "pk": 30,
  "fields": {
    "task": 23,
    "start_frame": 5,
    "stop_frame": 9,
    "chunks_updated_date": "2024-10-02T08:13:16.623Z",
    "type": "range",
    "frames": "[]"
  }
},
{
  "model": "engine.segment",
  "pk": 31,
  "fields": {
    "task": 23,
    "start_frame": 10,
    "stop_frame": 10,
    "chunks_updated_date": "2024-10-02T08:13:16.623Z",
    "type": "range",
    "frames": "[]"
  }
},
{
  "model": "engine.segment",
  "pk": 32,
  "fields": {
    "task": 23,
    "start_frame": 0,
    "stop_frame": 10,
    "chunks_updated_date": "2024-10-02T08:13:16.623Z",
    "type": "specific_frames",
    "frames": "4,5,7"
  }
},
{
  "model": "engine.segment",
  "pk": 33,
  "fields": {
    "task": 24,
    "start_frame": 0,
    "stop_frame": 0,
    "chunks_updated_date": "2024-10-02T08:13:16.623Z",
    "type": "range",
    "frames": "[]"
  }
},
{
  "model": "engine.segment",
  "pk": 34,
  "fields": {
    "task": 25,
    "start_frame": 0,
    "stop_frame": 0,
    "chunks_updated_date": "2024-10-02T08:13:16.623Z",
    "type": "range",
    "frames": "[]"
  }
},
{
  "model": "engine.segment",
  "pk": 35,
  "fields": {
    "task": 26,
    "start_frame": 0,
    "stop_frame": 0,
    "chunks_updated_date": "2024-10-02T08:13:16.623Z",
    "type": "range",
    "frames": "[]"
  }
},
{
  "model": "engine.segment",
  "pk": 36,
  "fields": {
    "task": 27,
    "start_frame": 0,
    "stop_frame": 0,
    "chunks_updated_date": "2024-10-02T08:13:16.623Z",
    "type": "range",
    "frames": "[]"
  }
},
{
  "model": "engine.segment",
  "pk": 37,
  "fields": {
    "task": 28,
    "start_frame": 0,
    "stop_frame": 0,
    "chunks_updated_date": "2024-10-02T08:13:16.623Z",
    "type": "range",
    "frames": "[]"
  }
},
{
  "model": "engine.segment",
  "pk": 38,
  "fields": {
    "task": 29,
    "start_frame": 0,
    "stop_frame": 7,
    "chunks_updated_date": "2024-10-02T08:13:16.623Z",
    "type": "range",
    "frames": "[]"
  }
},
{
  "model": "engine.segment",
  "pk": 39,
  "fields": {
    "task": 29,
    "start_frame": 8,
    "stop_frame": 15,
    "chunks_updated_date": "2024-10-02T08:13:16.623Z",
    "type": "range",
    "frames": "[]"
  }
},
{
  "model": "engine.segment",
  "pk": 40,
  "fields": {
    "task": 29,
    "start_frame": 16,
    "stop_frame": 22,
    "chunks_updated_date": "2024-10-02T08:13:16.623Z",
    "type": "range",
    "frames": "[]"
  }
},
{
  "model": "engine.segment",
  "pk": 41,
  "fields": {
    "task": 29,
    "start_frame": 23,
    "stop_frame": 28,
    "chunks_updated_date": "2024-10-02T08:13:16.623Z",
    "type": "range",
    "frames": "[]"
  }
},
{
  "model": "engine.segment",
  "pk": 42,
  "fields": {
    "task": 30,
    "start_frame": 0,
    "stop_frame": 4,
    "chunks_updated_date": "2025-01-14T17:19:04.053Z",
    "type": "range",
    "frames": "[]"
  }
},
{
  "model": "engine.segment",
  "pk": 43,
  "fields": {
    "task": 30,
    "start_frame": 5,
    "stop_frame": 7,
    "chunks_updated_date": "2025-01-14T17:19:04.090Z",
    "type": "range",
    "frames": "[]"
  }
},
{
  "model": "engine.segment",
  "pk": 44,
  "fields": {
    "task": 30,
    "start_frame": 8,
    "stop_frame": 9,
    "chunks_updated_date": "2025-01-14T17:19:04.161Z",
    "type": "range",
    "frames": "[]"
  }
},
{
  "model": "engine.job",
  "pk": 2,
  "fields": {
    "created_date": "2021-12-14T18:50:29.458Z",
    "updated_date": "2022-06-22T09:18:45.296Z",
    "segment": 2,
    "assignee": [
      "worker1"
    ],
    "assignee_updated_date": null,
    "status": "annotation",
    "stage": "annotation",
    "state": "new",
    "type": "annotation",
    "parent_job": null
  }
},
{
  "model": "engine.job",
  "pk": 7,
  "fields": {
    "created_date": "2022-02-16T06:25:48.168Z",
    "updated_date": "2022-06-22T09:18:45.296Z",
    "segment": 7,
    "assignee": [
      "worker4"
    ],
    "assignee_updated_date": null,
    "status": "annotation",
    "stage": "annotation",
    "state": "in progress",
    "type": "annotation",
    "parent_job": null
  }
},
{
  "model": "engine.job",
  "pk": 8,
  "fields": {
    "created_date": "2022-02-16T06:26:54.631Z",
    "updated_date": "2022-06-22T09:18:45.296Z",
    "segment": 8,
    "assignee": null,
    "assignee_updated_date": null,
    "status": "annotation",
    "stage": "annotation",
    "state": "new",
    "type": "annotation",
    "parent_job": null
  }
},
{
  "model": "engine.job",
  "pk": 9,
  "fields": {
    "created_date": "2022-02-21T10:31:52.429Z",
    "updated_date": "2022-06-22T09:18:45.296Z",
    "segment": 9,
    "assignee": null,
    "assignee_updated_date": null,
    "status": "annotation",
    "stage": "annotation",
    "state": "in progress",
    "type": "annotation",
    "parent_job": null
  }
},
{
  "model": "engine.job",
  "pk": 10,
  "fields": {
    "created_date": "2022-03-05T08:30:48.612Z",
    "updated_date": "2022-06-22T09:18:45.296Z",
    "segment": 10,
    "assignee": [
      "admin1"
    ],
    "assignee_updated_date": null,
    "status": "annotation",
    "stage": "annotation",
    "state": "in progress",
    "type": "annotation",
    "parent_job": null
  }
},
{
  "model": "engine.job",
  "pk": 11,
  "fields": {
    "created_date": "2022-03-05T09:33:10.420Z",
    "updated_date": "2022-06-22T09:18:45.296Z",
    "segment": 11,
    "assignee": [
      "worker4"
    ],
    "assignee_updated_date": null,
    "status": "annotation",
    "stage": "annotation",
    "state": "in progress",
    "type": "annotation",
    "parent_job": null
  }
},
{
  "model": "engine.job",
  "pk": 12,
  "fields": {
    "created_date": "2022-03-05T09:33:10.420Z",
    "updated_date": "2022-06-22T09:18:45.296Z",
    "segment": 12,
    "assignee": null,
    "assignee_updated_date": null,
    "status": "validation",
    "stage": "validation",
    "state": "new",
    "type": "annotation",
    "parent_job": null
  }
},
{
  "model": "engine.job",
  "pk": 13,
  "fields": {
    "created_date": "2022-03-05T09:33:10.420Z",
    "updated_date": "2022-06-22T09:18:45.296Z",
    "segment": 13,
    "assignee": null,
    "assignee_updated_date": null,
    "status": "validation",
    "stage": "acceptance",
    "state": "new",
    "type": "annotation",
    "parent_job": null
  }
},
{
  "model": "engine.job",
  "pk": 14,
  "fields": {
    "created_date": "2022-03-05T09:33:10.420Z",
    "updated_date": "2022-11-03T13:57:26.346Z",
    "segment": 14,
    "assignee": null,
    "assignee_updated_date": null,
    "status": "annotation",
    "stage": "annotation",
    "state": "in progress",
    "type": "annotation",
    "parent_job": null
  }
},
{
  "model": "engine.job",
  "pk": 16,
  "fields": {
    "created_date": "2022-03-05T10:32:19.149Z",
    "updated_date": "2022-06-22T09:18:45.296Z",
    "segment": 16,
    "assignee": [
      "worker2"
    ],
    "assignee_updated_date": null,
    "status": "annotation",
    "stage": "annotation",
    "state": "in progress",
    "type": "annotation",
    "parent_job": null
  }
},
{
  "model": "engine.job",
  "pk": 17,
  "fields": {
    "created_date": "2022-06-08T08:33:06.505Z",
    "updated_date": "2022-12-05T07:47:01.633Z",
    "segment": 17,
    "assignee": null,
    "assignee_updated_date": null,
    "status": "annotation",
    "stage": "annotation",
    "state": "in progress",
    "type": "annotation",
    "parent_job": null
  }
},
{
  "model": "engine.job",
  "pk": 18,
  "fields": {
    "created_date": "2022-09-22T14:22:25.820Z",
    "updated_date": "2022-09-23T11:57:02.302Z",
    "segment": 18,
    "assignee": null,
    "assignee_updated_date": null,
    "status": "annotation",
    "stage": "annotation",
    "state": "in progress",
    "type": "annotation",
    "parent_job": null
  }
},
{
  "model": "engine.job",
  "pk": 19,
  "fields": {
    "created_date": "2022-12-01T12:53:10.425Z",
    "updated_date": "2022-12-01T12:53:35.354Z",
    "segment": 19,
    "assignee": null,
    "assignee_updated_date": null,
    "status": "annotation",
    "stage": "annotation",
    "state": "in progress",
    "type": "annotation",
    "parent_job": null
  }
},
{
  "model": "engine.job",
  "pk": 21,
  "fields": {
    "created_date": "2023-02-10T14:05:25.947Z",
    "updated_date": "2023-02-10T14:05:26.022Z",
    "segment": 21,
    "assignee": null,
    "assignee_updated_date": null,
    "status": "annotation",
    "stage": "annotation",
    "state": "new",
    "type": "annotation",
    "parent_job": null
  }
},
{
  "model": "engine.job",
  "pk": 22,
  "fields": {
    "created_date": "2023-03-01T15:36:26.668Z",
    "updated_date": "2023-03-01T15:36:38.114Z",
    "segment": 22,
    "assignee": null,
    "assignee_updated_date": null,
    "status": "annotation",
    "stage": "annotation",
    "state": "in progress",
    "type": "annotation",
    "parent_job": null
  }
},
{
  "model": "engine.job",
  "pk": 23,
  "fields": {
    "created_date": "2023-03-10T11:56:33.757Z",
    "updated_date": "2023-03-10T11:56:55.066Z",
    "segment": 23,
    "assignee": null,
    "assignee_updated_date": null,
    "status": "annotation",
    "stage": "annotation",
    "state": "in progress",
    "type": "annotation",
    "parent_job": null
  }
},
{
  "model": "engine.job",
  "pk": 24,
  "fields": {
    "created_date": "2023-03-10T11:57:31.614Z",
    "updated_date": "2023-03-10T11:57:49.019Z",
    "segment": 24,
    "assignee": null,
    "assignee_updated_date": null,
    "status": "annotation",
    "stage": "annotation",
    "state": "in progress",
    "type": "annotation",
    "parent_job": null
  }
},
{
  "model": "engine.job",
  "pk": 25,
  "fields": {
    "created_date": "2023-03-27T19:08:07.649Z",
    "updated_date": "2023-03-27T19:08:27.216Z",
    "segment": 25,
    "assignee": null,
    "assignee_updated_date": null,
    "status": "annotation",
    "stage": "annotation",
    "state": "in progress",
    "type": "annotation",
    "parent_job": null
  }
},
{
  "model": "engine.job",
  "pk": 26,
  "fields": {
    "created_date": "2023-03-27T19:08:07.649Z",
    "updated_date": "2023-03-27T19:08:40.166Z",
    "segment": 26,
    "assignee": null,
    "assignee_updated_date": null,
    "status": "annotation",
    "stage": "annotation",
    "state": "in progress",
    "type": "annotation",
    "parent_job": null
  }
},
{
  "model": "engine.job",
  "pk": 27,
  "fields": {
    "created_date": "2023-05-26T16:11:23.880Z",
    "updated_date": "2023-11-24T15:23:30.269Z",
    "segment": 27,
    "assignee": null,
    "assignee_updated_date": null,
    "status": "validation",
    "stage": "annotation",
    "state": "new",
    "type": "annotation",
    "parent_job": null
  }
},
{
  "model": "engine.job",
  "pk": 28,
  "fields": {
    "created_date": "2023-05-26T16:11:23.946Z",
    "updated_date": "2023-11-24T15:18:55.216Z",
    "segment": 28,
    "assignee": null,
    "assignee_updated_date": null,
    "status": "validation",
    "stage": "acceptance",
    "state": "completed",
    "type": "ground_truth",
    "parent_job": null
  }
},
{
  "model": "engine.job",
  "pk": 29,
  "fields": {
    "created_date": "2024-03-21T20:50:05.805Z",
    "updated_date": "2024-03-21T20:50:39.585Z",
    "segment": 29,
    "assignee": null,
    "assignee_updated_date": null,
    "status": "completed",
    "stage": "acceptance",
    "state": "completed",
    "type": "annotation",
    "parent_job": null
  }
},
{
  "model": "engine.job",
  "pk": 30,
  "fields": {
    "created_date": "2024-03-21T20:50:05.811Z",
    "updated_date": "2024-03-21T20:50:33.610Z",
    "segment": 30,
    "assignee": null,
    "assignee_updated_date": null,
    "status": "completed",
    "stage": "acceptance",
    "state": "completed",
    "type": "annotation",
    "parent_job": null
  }
},
{
  "model": "engine.job",
  "pk": 31,
  "fields": {
    "created_date": "2024-03-21T20:50:05.815Z",
    "updated_date": "2024-03-21T20:50:27.594Z",
    "segment": 31,
    "assignee": null,
    "assignee_updated_date": null,
    "status": "completed",
    "stage": "acceptance",
    "state": "completed",
    "type": "annotation",
    "parent_job": null
  }
},
{
  "model": "engine.job",
  "pk": 32,
  "fields": {
    "created_date": "2024-03-21T20:50:05.838Z",
    "updated_date": "2024-03-21T20:50:20.020Z",
    "segment": 32,
    "assignee": null,
    "assignee_updated_date": null,
    "status": "completed",
    "stage": "acceptance",
    "state": "completed",
    "type": "ground_truth",
    "parent_job": null
  }
},
{
  "model": "engine.job",
  "pk": 33,
  "fields": {
    "created_date": "2024-07-15T15:33:10.549Z",
    "updated_date": "2024-07-15T15:33:10.549Z",
    "segment": 33,
    "assignee": null,
    "assignee_updated_date": null,
    "status": "annotation",
    "stage": "annotation",
    "state": "new",
    "type": "annotation",
    "parent_job": null
  }
},
{
  "model": "engine.job",
  "pk": 34,
  "fields": {
    "created_date": "2024-07-15T15:34:53.594Z",
    "updated_date": "2024-07-15T15:34:53.594Z",
    "segment": 34,
    "assignee": null,
    "assignee_updated_date": null,
    "status": "annotation",
    "stage": "annotation",
    "state": "new",
    "type": "annotation",
    "parent_job": null
  }
},
{
  "model": "engine.job",
  "pk": 35,
  "fields": {
    "created_date": "2024-09-23T10:51:32.932Z",
    "updated_date": "2024-09-23T10:51:32.932Z",
    "segment": 35,
    "assignee": null,
    "assignee_updated_date": null,
    "status": "annotation",
    "stage": "annotation",
    "state": "new",
    "type": "annotation",
    "parent_job": null
  }
},
{
  "model": "engine.job",
  "pk": 36,
  "fields": {
    "created_date": "2024-09-23T10:52:04.507Z",
    "updated_date": "2024-09-23T10:52:04.507Z",
    "segment": 36,
    "assignee": null,
    "assignee_updated_date": null,
    "status": "annotation",
    "stage": "annotation",
    "state": "new",
    "type": "annotation",
    "parent_job": null
  }
},
{
  "model": "engine.job",
  "pk": 37,
  "fields": {
    "created_date": "2024-09-23T21:42:23.045Z",
    "updated_date": "2024-09-23T21:42:23.045Z",
    "segment": 37,
    "assignee": null,
    "assignee_updated_date": null,
    "status": "annotation",
    "stage": "annotation",
    "state": "new",
    "type": "annotation",
    "parent_job": null
  }
},
{
  "model": "engine.job",
  "pk": 38,
  "fields": {
    "created_date": "2024-10-01T12:36:21.476Z",
    "updated_date": "2024-10-01T12:36:21.606Z",
    "segment": 38,
    "assignee": null,
    "assignee_updated_date": null,
    "status": "annotation",
    "stage": "annotation",
    "state": "new",
    "type": "annotation",
    "parent_job": null
  }
},
{
  "model": "engine.job",
  "pk": 39,
  "fields": {
    "created_date": "2024-10-01T12:36:21.484Z",
    "updated_date": "2024-10-01T12:36:21.628Z",
    "segment": 39,
    "assignee": null,
    "assignee_updated_date": null,
    "status": "annotation",
    "stage": "annotation",
    "state": "new",
    "type": "annotation",
    "parent_job": null
  }
},
{
  "model": "engine.job",
  "pk": 40,
  "fields": {
    "created_date": "2024-10-01T12:36:21.491Z",
    "updated_date": "2024-10-01T12:36:21.651Z",
    "segment": 40,
    "assignee": null,
    "assignee_updated_date": null,
    "status": "annotation",
    "stage": "annotation",
    "state": "new",
    "type": "annotation",
    "parent_job": null
  }
},
{
  "model": "engine.job",
  "pk": 41,
  "fields": {
    "created_date": "2024-10-01T12:36:21.511Z",
    "updated_date": "2024-10-01T12:38:26.967Z",
    "segment": 41,
    "assignee": null,
    "assignee_updated_date": null,
    "status": "annotation",
    "stage": "annotation",
    "state": "in progress",
    "type": "ground_truth",
    "parent_job": null
  }
},
{
  "model": "engine.job",
  "pk": 42,
  "fields": {
    "created_date": "2025-01-14T17:19:04.062Z",
    "updated_date": "2025-01-14T17:25:16.549Z",
    "segment": 42,
    "assignee": null,
    "assignee_updated_date": null,
    "status": "annotation",
    "stage": "annotation",
    "state": "in progress",
    "type": "annotation",
    "parent_job": null
  }
},
{
  "model": "engine.job",
  "pk": 43,
  "fields": {
    "created_date": "2025-01-14T17:19:04.077Z",
    "updated_date": "2025-01-14T17:26:01.233Z",
    "segment": 42,
    "assignee": null,
    "assignee_updated_date": null,
    "status": "annotation",
    "stage": "annotation",
    "state": "in progress",
    "type": "consensus_replica",
    "parent_job": 42
  }
},
{
  "model": "engine.job",
  "pk": 44,
  "fields": {
    "created_date": "2025-01-14T17:19:04.082Z",
    "updated_date": "2025-01-14T17:19:51.388Z",
    "segment": 42,
    "assignee": null,
    "assignee_updated_date": null,
    "status": "annotation",
    "stage": "annotation",
    "state": "new",
    "type": "consensus_replica",
    "parent_job": 42
  }
},
{
  "model": "engine.job",
  "pk": 45,
  "fields": {
    "created_date": "2025-01-14T17:19:04.086Z",
    "updated_date": "2025-01-14T17:19:51.388Z",
    "segment": 42,
    "assignee": null,
    "assignee_updated_date": null,
    "status": "annotation",
    "stage": "annotation",
    "state": "new",
    "type": "consensus_replica",
    "parent_job": 42
  }
},
{
  "model": "engine.job",
  "pk": 46,
  "fields": {
    "created_date": "2025-01-14T17:19:04.091Z",
    "updated_date": "2025-01-14T17:24:20.174Z",
    "segment": 43,
    "assignee": null,
    "assignee_updated_date": null,
    "status": "annotation",
    "stage": "annotation",
    "state": "in progress",
    "type": "annotation",
    "parent_job": null
  }
},
{
  "model": "engine.job",
  "pk": 47,
  "fields": {
    "created_date": "2025-01-14T17:19:04.095Z",
    "updated_date": "2025-01-14T17:23:55.551Z",
    "segment": 43,
    "assignee": null,
    "assignee_updated_date": null,
    "status": "annotation",
    "stage": "annotation",
    "state": "in progress",
    "type": "consensus_replica",
    "parent_job": 46
  }
},
{
  "model": "engine.job",
  "pk": 48,
  "fields": {
    "created_date": "2025-01-14T17:19:04.099Z",
    "updated_date": "2025-01-14T17:19:51.388Z",
    "segment": 43,
    "assignee": null,
    "assignee_updated_date": null,
    "status": "annotation",
    "stage": "annotation",
    "state": "new",
    "type": "consensus_replica",
    "parent_job": 46
  }
},
{
  "model": "engine.job",
  "pk": 49,
  "fields": {
    "created_date": "2025-01-14T17:19:04.103Z",
    "updated_date": "2025-01-14T17:24:51.333Z",
    "segment": 43,
    "assignee": null,
    "assignee_updated_date": null,
    "status": "annotation",
    "stage": "annotation",
    "state": "in progress",
    "type": "consensus_replica",
    "parent_job": 46
  }
},
{
  "model": "engine.job",
  "pk": 50,
  "fields": {
    "created_date": "2025-01-14T17:19:04.163Z",
    "updated_date": "2025-01-14T17:21:56.768Z",
    "segment": 44,
    "assignee": null,
    "assignee_updated_date": null,
    "status": "annotation",
    "stage": "annotation",
    "state": "in progress",
    "type": "ground_truth",
    "parent_job": null
  }
},
{
  "model": "engine.label",
  "pk": 3,
  "fields": {
    "task": 2,
    "project": null,
    "name": "car",
    "color": "#2080c0",
    "type": "any",
    "parent": null
  }
},
{
  "model": "engine.label",
  "pk": 4,
  "fields": {
    "task": 2,
    "project": null,
    "name": "person",
    "color": "#c06060",
    "type": "any",
    "parent": null
  }
},
{
  "model": "engine.label",
  "pk": 5,
  "fields": {
    "task": null,
    "project": 1,
    "name": "car",
    "color": "#2080c0",
    "type": "any",
    "parent": null
  }
},
{
  "model": "engine.label",
  "pk": 6,
  "fields": {
    "task": null,
    "project": 1,
    "name": "person",
    "color": "#c06060",
    "type": "any",
    "parent": null
  }
},
{
  "model": "engine.label",
  "pk": 7,
  "fields": {
    "task": null,
    "project": 2,
    "name": "cat",
    "color": "#6080c0",
    "type": "any",
    "parent": null
  }
},
{
  "model": "engine.label",
  "pk": 8,
  "fields": {
    "task": null,
    "project": 2,
    "name": "dog",
    "color": "#406040",
    "type": "any",
    "parent": null
  }
},
{
  "model": "engine.label",
  "pk": 9,
  "fields": {
    "task": 5,
    "project": null,
    "name": "car",
    "color": "#2080c0",
    "type": "any",
    "parent": null
  }
},
{
  "model": "engine.label",
  "pk": 10,
  "fields": {
    "task": 6,
    "project": null,
    "name": "car",
    "color": "#2080c0",
    "type": "any",
    "parent": null
  }
},
{
  "model": "engine.label",
  "pk": 11,
  "fields": {
    "task": 7,
    "project": null,
    "name": "cat",
    "color": "#6080c0",
    "type": "any",
    "parent": null
  }
},
{
  "model": "engine.label",
  "pk": 12,
  "fields": {
    "task": 7,
    "project": null,
    "name": "dog",
    "color": "#406040",
    "type": "any",
    "parent": null
  }
},
{
  "model": "engine.label",
  "pk": 13,
  "fields": {
    "task": 8,
    "project": null,
    "name": "cat",
    "color": "#6080c0",
    "type": "any",
    "parent": null
  }
},
{
  "model": "engine.label",
  "pk": 14,
  "fields": {
    "task": 8,
    "project": null,
    "name": "dog",
    "color": "#406040",
    "type": "any",
    "parent": null
  }
},
{
  "model": "engine.label",
  "pk": 15,
  "fields": {
    "task": 12,
    "project": null,
    "name": "Car",
    "color": "#2080c0",
    "type": "any",
    "parent": null
  }
},
{
  "model": "engine.label",
  "pk": 16,
  "fields": {
    "task": null,
    "project": 4,
    "name": "cat",
    "color": "#6080c0",
    "type": "any",
    "parent": null
  }
},
{
  "model": "engine.label",
  "pk": 17,
  "fields": {
    "task": null,
    "project": 4,
    "name": "dog",
    "color": "#406040",
    "type": "any",
    "parent": null
  }
},
{
  "model": "engine.label",
  "pk": 18,
  "fields": {
    "task": null,
    "project": 5,
    "name": "s1",
    "color": "#5c5eba",
    "type": "skeleton",
    "parent": null
  }
},
{
  "model": "engine.label",
  "pk": 19,
  "fields": {
    "task": null,
    "project": 5,
    "name": "1",
    "color": "#d12345",
    "type": "points",
    "parent": 18
  }
},
{
  "model": "engine.label",
  "pk": 20,
  "fields": {
    "task": null,
    "project": 5,
    "name": "2",
    "color": "#350dea",
    "type": "points",
    "parent": 18
  }
},
{
  "model": "engine.label",
  "pk": 21,
  "fields": {
    "task": null,
    "project": 5,
    "name": "3",
    "color": "#479ffe",
    "type": "points",
    "parent": 18
  }
},
{
  "model": "engine.label",
  "pk": 22,
  "fields": {
    "task": null,
    "project": 5,
    "name": "s2",
    "color": "#0c81b5",
    "type": "skeleton",
    "parent": null
  }
},
{
  "model": "engine.label",
  "pk": 23,
  "fields": {
    "task": null,
    "project": 5,
    "name": "1",
    "color": "#d53957",
    "type": "points",
    "parent": 22
  }
},
{
  "model": "engine.label",
  "pk": 24,
  "fields": {
    "task": null,
    "project": 5,
    "name": "2",
    "color": "#4925ec",
    "type": "points",
    "parent": 22
  }
},
{
  "model": "engine.label",
  "pk": 25,
  "fields": {
    "task": null,
    "project": 5,
    "name": "3",
    "color": "#59a8fe",
    "type": "points",
    "parent": 22
  }
},
{
  "model": "engine.label",
  "pk": 26,
  "fields": {
    "task": null,
    "project": 5,
    "name": "4",
    "color": "#4a649f",
    "type": "points",
    "parent": 22
  }
},
{
  "model": "engine.label",
  "pk": 27,
  "fields": {
    "task": null,
    "project": 6,
    "name": "label_0",
    "color": "#bde94a",
    "type": "any",
    "parent": null
  }
},
{
  "model": "engine.label",
  "pk": 28,
  "fields": {
    "task": null,
    "project": 7,
    "name": "label_0",
    "color": "#bde94a",
    "type": "any",
    "parent": null
  }
},
{
  "model": "engine.label",
  "pk": 29,
  "fields": {
    "task": null,
    "project": 8,
    "name": "car",
    "color": "#2080c0",
    "type": "any",
    "parent": null
  }
},
{
  "model": "engine.label",
  "pk": 30,
  "fields": {
    "task": null,
    "project": 8,
    "name": "person",
    "color": "#c06060",
    "type": "any",
    "parent": null
  }
},
{
  "model": "engine.label",
  "pk": 34,
  "fields": {
    "task": null,
    "project": 10,
    "name": "cat",
    "color": "#6080c0",
    "type": "rectangle",
    "parent": null
  }
},
{
  "model": "engine.label",
  "pk": 35,
  "fields": {
    "task": null,
    "project": 10,
    "name": "dog",
    "color": "#406040",
    "type": "polyline",
    "parent": null
  }
},
{
  "model": "engine.label",
  "pk": 38,
  "fields": {
    "task": 17,
    "project": null,
    "name": "cat",
    "color": "#6080c0",
    "type": "any",
    "parent": null
  }
},
{
  "model": "engine.label",
  "pk": 39,
  "fields": {
    "task": 17,
    "project": null,
    "name": "dog",
    "color": "#406040",
    "type": "any",
    "parent": null
  }
},
{
  "model": "engine.label",
  "pk": 40,
  "fields": {
    "task": 17,
    "project": null,
    "name": "skele1",
    "color": "#4602af",
    "type": "skeleton",
    "parent": null
  }
},
{
  "model": "engine.label",
  "pk": 41,
  "fields": {
    "task": 17,
    "project": null,
    "name": "1",
    "color": "#d12345",
    "type": "points",
    "parent": 40
  }
},
{
  "model": "engine.label",
  "pk": 42,
  "fields": {
    "task": 17,
    "project": null,
    "name": "2",
    "color": "#350dea",
    "type": "points",
    "parent": 40
  }
},
{
  "model": "engine.label",
  "pk": 43,
  "fields": {
    "task": 17,
    "project": null,
    "name": "3",
    "color": "#479ffe",
    "type": "points",
    "parent": 40
  }
},
{
  "model": "engine.label",
  "pk": 44,
  "fields": {
    "task": 17,
    "project": null,
    "name": "4",
    "color": "#4a649f",
    "type": "points",
    "parent": 40
  }
},
{
  "model": "engine.label",
  "pk": 45,
  "fields": {
    "task": 17,
    "project": null,
    "name": "5",
    "color": "#478144",
    "type": "points",
    "parent": 40
  }
},
{
  "model": "engine.label",
  "pk": 46,
  "fields": {
    "task": null,
    "project": 11,
    "name": "skeleton 1",
    "color": "#6fbee4",
    "type": "skeleton",
    "parent": null
  }
},
{
  "model": "engine.label",
  "pk": 47,
  "fields": {
    "task": null,
    "project": 11,
    "name": "label 1",
    "color": "#af2382",
    "type": "points",
    "parent": 46
  }
},
{
  "model": "engine.label",
  "pk": 48,
  "fields": {
    "task": null,
    "project": 11,
    "name": "label with multiple spaces in the name",
    "color": "#6b57d7",
    "type": "points",
    "parent": 46
  }
},
{
  "model": "engine.label",
  "pk": 49,
  "fields": {
    "task": null,
    "project": 11,
    "name": "label 3",
    "color": "#082245",
    "type": "points",
    "parent": 46
  }
},
{
  "model": "engine.label",
  "pk": 50,
  "fields": {
    "task": null,
    "project": 11,
    "name": "4",
    "color": "#4a649f",
    "type": "points",
    "parent": 46
  }
},
{
  "model": "engine.label",
  "pk": 51,
  "fields": {
    "task": 19,
    "project": null,
    "name": "cat",
    "color": "#6080c0",
    "type": "any",
    "parent": null
  }
},
{
  "model": "engine.label",
  "pk": 52,
  "fields": {
    "task": 19,
    "project": null,
    "name": "car",
    "color": "#2080c0",
    "type": "any",
    "parent": null
  }
},
{
  "model": "engine.label",
  "pk": 53,
  "fields": {
    "task": null,
    "project": 12,
    "name": "cat",
    "color": "#6080c0",
    "type": "any",
    "parent": null
  }
},
{
  "model": "engine.label",
  "pk": 54,
  "fields": {
    "task": null,
    "project": 12,
    "name": "car",
    "color": "#2080c0",
    "type": "any",
    "parent": null
  }
},
{
  "model": "engine.label",
  "pk": 55,
  "fields": {
    "task": null,
    "project": 13,
    "name": "cat",
    "color": "#6080c0",
    "type": "any",
    "parent": null
  }
},
{
  "model": "engine.label",
  "pk": 56,
  "fields": {
    "task": null,
    "project": 13,
    "name": "car",
    "color": "#2080c0",
    "type": "any",
    "parent": null
  }
},
{
  "model": "engine.label",
  "pk": 57,
  "fields": {
    "task": 21,
    "project": null,
    "name": "cat",
    "color": "#6080c0",
    "type": "any",
    "parent": null
  }
},
{
  "model": "engine.label",
  "pk": 58,
  "fields": {
    "task": 21,
    "project": null,
    "name": "skeleton1",
    "color": "#2b3145",
    "type": "skeleton",
    "parent": null
  }
},
{
  "model": "engine.label",
  "pk": 59,
  "fields": {
    "task": 21,
    "project": null,
    "name": "1",
    "color": "#d12345",
    "type": "points",
    "parent": 58
  }
},
{
  "model": "engine.label",
  "pk": 60,
  "fields": {
    "task": 21,
    "project": null,
    "name": "2",
    "color": "#350dea",
    "type": "points",
    "parent": 58
  }
},
{
  "model": "engine.label",
  "pk": 61,
  "fields": {
    "task": 21,
    "project": null,
    "name": "3",
    "color": "#479ffe",
    "type": "points",
    "parent": 58
  }
},
{
  "model": "engine.label",
  "pk": 62,
  "fields": {
    "task": 21,
    "project": null,
    "name": "4",
    "color": "#4a649f",
    "type": "points",
    "parent": 58
  }
},
{
  "model": "engine.label",
  "pk": 63,
  "fields": {
    "task": 8,
    "project": null,
    "name": "skeleton",
    "color": "#91becf",
    "type": "skeleton",
    "parent": null
  }
},
{
  "model": "engine.label",
  "pk": 64,
  "fields": {
    "task": 8,
    "project": null,
    "name": "1",
    "color": "#d12345",
    "type": "points",
    "parent": 63
  }
},
{
  "model": "engine.label",
  "pk": 65,
  "fields": {
    "task": 8,
    "project": null,
    "name": "2",
    "color": "#350dea",
    "type": "points",
    "parent": 63
  }
},
{
  "model": "engine.label",
  "pk": 66,
  "fields": {
    "task": 22,
    "project": null,
    "name": "dog",
    "color": "#406040",
    "type": "any",
    "parent": null
  }
},
{
  "model": "engine.label",
  "pk": 67,
  "fields": {
    "task": 22,
    "project": null,
    "name": "cat",
    "color": "#6080c0",
    "type": "any",
    "parent": null
  }
},
{
  "model": "engine.label",
  "pk": 68,
  "fields": {
    "task": 22,
    "project": null,
    "name": "skele",
    "color": "#765c62",
    "type": "skeleton",
    "parent": null
  }
},
{
  "model": "engine.label",
  "pk": 69,
  "fields": {
    "task": 22,
    "project": null,
    "name": "1",
    "color": "#d12345",
    "type": "points",
    "parent": 68
  }
},
{
  "model": "engine.label",
  "pk": 70,
  "fields": {
    "task": 22,
    "project": null,
    "name": "2",
    "color": "#350dea",
    "type": "points",
    "parent": 68
  }
},
{
  "model": "engine.label",
  "pk": 71,
  "fields": {
    "task": 22,
    "project": null,
    "name": "3",
    "color": "#479ffe",
    "type": "points",
    "parent": 68
  }
},
{
  "model": "engine.label",
  "pk": 72,
  "fields": {
    "task": 22,
    "project": null,
    "name": "4",
    "color": "#4a649f",
    "type": "points",
    "parent": 68
  }
},
{
  "model": "engine.label",
  "pk": 73,
  "fields": {
    "task": 23,
    "project": null,
    "name": "cat",
    "color": "#6080c0",
    "type": "any",
    "parent": null
  }
},
{
  "model": "engine.label",
  "pk": 74,
  "fields": {
    "task": 23,
    "project": null,
    "name": "dog",
    "color": "#406040",
    "type": "any",
    "parent": null
  }
},
{
  "model": "engine.label",
  "pk": 75,
  "fields": {
    "task": 26,
    "project": null,
    "name": "cat",
    "color": "#6080c0",
    "type": "any",
    "parent": null
  }
},
{
  "model": "engine.label",
  "pk": 76,
  "fields": {
    "task": 27,
    "project": null,
    "name": "cat",
    "color": "#6080c0",
    "type": "any",
    "parent": null
  }
},
{
  "model": "engine.label",
  "pk": 77,
  "fields": {
    "task": 29,
    "project": null,
    "name": "label",
    "color": "#6080c0",
    "type": "any",
    "parent": null
  }
},
{
  "model": "engine.label",
  "pk": 78,
  "fields": {
    "task": 30,
    "project": null,
    "name": "cat",
    "color": "#6080c0",
    "type": "any",
    "parent": null
  }
},
{
  "model": "engine.label",
  "pk": 79,
  "fields": {
    "task": 30,
    "project": null,
    "name": "dog",
    "color": "#406040",
    "type": "any",
    "parent": null
  }
},
{
  "model": "engine.skeleton",
  "pk": 1,
  "fields": {
    "root": 18,
    "svg": "<line x1=\"36.37385177612305\" y1=\"50.334449768066406\" x2=\"70.15311431884766\" y2=\"21.237457275390625\" stroke=\"black\" data-type=\"edge\" data-node-from=\"2\" stroke-width=\"0.5\" data-node-to=\"3\"></line><line x1=\"29.517663955688477\" y1=\"15.050167083740234\" x2=\"36.37385177612305\" y2=\"50.334449768066406\" stroke=\"black\" data-type=\"edge\" data-node-from=\"1\" stroke-width=\"0.5\" data-node-to=\"2\"></line><circle r=\"1.5\" stroke=\"black\" fill=\"#b3b3b3\" cx=\"29.517663955688477\" cy=\"15.050167083740234\" stroke-width=\"0.1\" data-type=\"element node\" data-element-id=\"1\" data-node-id=\"1\" data-label-id=\"19\"></circle><circle r=\"1.5\" stroke=\"black\" fill=\"#b3b3b3\" cx=\"36.37385177612305\" cy=\"50.334449768066406\" stroke-width=\"0.1\" data-type=\"element node\" data-element-id=\"2\" data-node-id=\"2\" data-label-id=\"20\"></circle><circle r=\"1.5\" stroke=\"black\" fill=\"#b3b3b3\" cx=\"70.15311431884766\" cy=\"21.237457275390625\" stroke-width=\"0.1\" data-type=\"element node\" data-element-id=\"3\" data-node-id=\"3\" data-label-id=\"21\"></circle>"
  }
},
{
  "model": "engine.skeleton",
  "pk": 2,
  "fields": {
    "root": 22,
    "svg": "<line x1=\"65.6380615234375\" y1=\"18.394649505615234\" x2=\"22.327028274536133\" y2=\"54.8494987487793\" stroke=\"black\" data-type=\"edge\" data-node-from=\"3\" stroke-width=\"0.5\" data-node-to=\"2\"></line><line x1=\"77.34375\" y1=\"55.18394470214844\" x2=\"65.6380615234375\" y2=\"18.394649505615234\" stroke=\"black\" data-type=\"edge\" data-node-from=\"4\" stroke-width=\"0.5\" data-node-to=\"3\"></line><line x1=\"4.434051036834717\" y1=\"27.257524490356445\" x2=\"77.34375\" y2=\"55.18394470214844\" stroke=\"black\" data-type=\"edge\" data-node-from=\"1\" stroke-width=\"0.5\" data-node-to=\"4\"></line><circle r=\"1.5\" stroke=\"black\" fill=\"#b3b3b3\" cx=\"4.434051036834717\" cy=\"27.257524490356445\" stroke-width=\"0.1\" data-type=\"element node\" data-element-id=\"1\" data-node-id=\"1\" data-label-id=\"23\"></circle><circle r=\"1.5\" stroke=\"black\" fill=\"#b3b3b3\" cx=\"22.327028274536133\" cy=\"54.8494987487793\" stroke-width=\"0.1\" data-type=\"element node\" data-element-id=\"2\" data-node-id=\"2\" data-label-id=\"24\"></circle><circle r=\"1.5\" stroke=\"black\" fill=\"#b3b3b3\" cx=\"65.6380615234375\" cy=\"18.394649505615234\" stroke-width=\"0.1\" data-type=\"element node\" data-element-id=\"3\" data-node-id=\"3\" data-label-id=\"25\"></circle><circle r=\"1.5\" stroke=\"black\" fill=\"#b3b3b3\" cx=\"77.34375\" cy=\"55.18394470214844\" stroke-width=\"0.1\" data-type=\"element node\" data-element-id=\"4\" data-node-id=\"4\" data-label-id=\"26\"></circle>"
  }
},
{
  "model": "engine.skeleton",
  "pk": 3,
  "fields": {
    "root": 40,
    "svg": "<line x1=\"33.80753707885742\" y1=\"62.16216278076172\" x2=\"57.11834716796875\" y2=\"47.635135650634766\" stroke=\"black\" data-type=\"edge\" data-node-from=\"4\" stroke-width=\"0.5\" data-node-to=\"3\"></line><line x1=\"23.334564208984375\" y1=\"48.47972869873047\" x2=\"33.80753707885742\" y2=\"62.16216278076172\" stroke=\"black\" data-type=\"edge\" data-node-from=\"5\" stroke-width=\"0.5\" data-node-to=\"4\"></line><line x1=\"24.34807777404785\" y1=\"25.675676345825195\" x2=\"51.54402542114258\" y2=\"27.533782958984375\" stroke=\"black\" data-type=\"edge\" data-node-from=\"1\" stroke-width=\"0.5\" data-node-to=\"2\"></line><circle r=\"1.5\" stroke=\"black\" fill=\"#b3b3b3\" cx=\"24.34807777404785\" cy=\"25.675676345825195\" stroke-width=\"0.1\" data-type=\"element node\" data-element-id=\"1\" data-node-id=\"1\" data-label-id=\"41\"></circle><circle r=\"1.5\" stroke=\"black\" fill=\"#b3b3b3\" cx=\"51.54402542114258\" cy=\"27.533782958984375\" stroke-width=\"0.1\" data-type=\"element node\" data-element-id=\"2\" data-node-id=\"2\" data-label-id=\"42\"></circle><circle r=\"1.5\" stroke=\"black\" fill=\"#b3b3b3\" cx=\"57.11834716796875\" cy=\"47.635135650634766\" stroke-width=\"0.1\" data-type=\"element node\" data-element-id=\"3\" data-node-id=\"3\" data-label-id=\"43\"></circle><circle r=\"1.5\" stroke=\"black\" fill=\"#b3b3b3\" cx=\"33.80753707885742\" cy=\"62.16216278076172\" stroke-width=\"0.1\" data-type=\"element node\" data-element-id=\"4\" data-node-id=\"4\" data-label-id=\"44\"></circle><circle r=\"1.5\" stroke=\"black\" fill=\"#b3b3b3\" cx=\"23.334564208984375\" cy=\"48.47972869873047\" stroke-width=\"0.1\" data-type=\"element node\" data-element-id=\"5\" data-node-id=\"5\" data-label-id=\"45\"></circle>"
  }
},
{
  "model": "engine.skeleton",
  "pk": 4,
  "fields": {
    "root": 46,
    "svg": "<line x1=\"55.60200500488281\" y1=\"21.477842330932617\" x2=\"28.344482421875\" y2=\"55.089881896972656\" stroke=\"black\" data-type=\"edge\" data-node-from=\"3\" stroke-width=\"0.5\" data-node-to=\"2\"></line><line x1=\"73.16053771972656\" y1=\"46.059783935546875\" x2=\"55.60200500488281\" y2=\"21.477842330932617\" stroke=\"black\" data-type=\"edge\" data-node-from=\"4\" stroke-width=\"0.5\" data-node-to=\"3\"></line><line x1=\"16.806020736694336\" y1=\"24.822324752807617\" x2=\"73.16053771972656\" y2=\"46.059783935546875\" stroke=\"black\" data-type=\"edge\" data-node-from=\"1\" stroke-width=\"0.5\" data-node-to=\"4\"></line><circle r=\"1.5\" stroke=\"black\" fill=\"#b3b3b3\" cx=\"16.806020736694336\" cy=\"24.822324752807617\" stroke-width=\"0.1\" data-type=\"element node\" data-element-id=\"1\" data-node-id=\"1\" data-label-id=\"47\"></circle><circle r=\"1.5\" stroke=\"black\" fill=\"#b3b3b3\" cx=\"28.344482421875\" cy=\"55.089881896972656\" stroke-width=\"0.1\" data-type=\"element node\" data-element-id=\"2\" data-node-id=\"2\" data-label-id=\"48\"></circle><circle r=\"1.5\" stroke=\"black\" fill=\"#b3b3b3\" cx=\"55.60200500488281\" cy=\"21.477842330932617\" stroke-width=\"0.1\" data-type=\"element node\" data-element-id=\"3\" data-node-id=\"3\" data-label-id=\"49\"></circle><circle r=\"1.5\" stroke=\"black\" fill=\"#b3b3b3\" cx=\"73.16053771972656\" cy=\"46.059783935546875\" stroke-width=\"0.1\" data-type=\"element node\" data-element-id=\"4\" data-node-id=\"4\" data-label-id=\"50\"></circle>"
  }
},
{
  "model": "engine.skeleton",
  "pk": 5,
  "fields": {
    "root": 58,
    "svg": "<line x1=\"49.88445281982422\" y1=\"18.897058486938477\" x2=\"35.59873962402344\" y2=\"61.081932067871094\" stroke=\"black\" data-type=\"edge\" data-node-from=\"3\" stroke-width=\"0.5\" data-node-to=\"2\"></line><line x1=\"70.72479248046875\" y1=\"68.30882263183594\" x2=\"49.88445281982422\" y2=\"18.897058486938477\" stroke=\"black\" data-type=\"edge\" data-node-from=\"4\" stroke-width=\"0.5\" data-node-to=\"3\"></line><line x1=\"25.0105037689209\" y1=\"31.165966033935547\" x2=\"70.72479248046875\" y2=\"68.30882263183594\" stroke=\"black\" data-type=\"edge\" data-node-from=\"1\" stroke-width=\"0.5\" data-node-to=\"4\"></line><circle r=\"1.5\" stroke=\"black\" fill=\"#b3b3b3\" cx=\"25.0105037689209\" cy=\"31.165966033935547\" stroke-width=\"0.1\" data-type=\"element node\" data-element-id=\"1\" data-node-id=\"1\" data-label-id=\"59\"></circle><circle r=\"1.5\" stroke=\"black\" fill=\"#b3b3b3\" cx=\"35.59873962402344\" cy=\"61.081932067871094\" stroke-width=\"0.1\" data-type=\"element node\" data-element-id=\"2\" data-node-id=\"2\" data-label-id=\"60\"></circle><circle r=\"1.5\" stroke=\"black\" fill=\"#b3b3b3\" cx=\"49.88445281982422\" cy=\"18.897058486938477\" stroke-width=\"0.1\" data-type=\"element node\" data-element-id=\"3\" data-node-id=\"3\" data-label-id=\"61\"></circle><circle r=\"1.5\" stroke=\"black\" fill=\"#b3b3b3\" cx=\"70.72479248046875\" cy=\"68.30882263183594\" stroke-width=\"0.1\" data-type=\"element node\" data-element-id=\"4\" data-node-id=\"4\" data-label-id=\"62\"></circle>"
  }
},
{
  "model": "engine.skeleton",
  "pk": 6,
  "fields": {
    "root": 63,
    "svg": "<line x1=\"26.91233253479004\" y1=\"27.74985694885254\" x2=\"67.28083801269531\" y2=\"62.590728759765625\" stroke=\"black\" data-type=\"edge\" data-node-from=\"1\" stroke-width=\"0.5\" data-node-to=\"2\"></line><circle r=\"1.5\" stroke=\"black\" fill=\"#b3b3b3\" cx=\"26.91233253479004\" cy=\"27.74985694885254\" stroke-width=\"0.1\" data-type=\"element node\" data-element-id=\"1\" data-node-id=\"1\" data-label-id=\"64\"></circle><circle r=\"1.5\" stroke=\"black\" fill=\"#b3b3b3\" cx=\"67.28083801269531\" cy=\"62.590728759765625\" stroke-width=\"0.1\" data-type=\"element node\" data-element-id=\"2\" data-node-id=\"2\" data-label-id=\"65\"></circle>"
  }
},
{
  "model": "engine.skeleton",
  "pk": 7,
  "fields": {
    "root": 68,
    "svg": "<line x1=\"45.96969985961914\" y1=\"28.54729652404785\" x2=\"31.7805118560791\" y2=\"16.04729652404785\" data-type=\"edge\" data-node-from=\"2\" data-node-to=\"1\"></line>\n<line x1=\"32.11834716796875\" y1=\"28.716217041015625\" x2=\"31.7805118560791\" y2=\"16.04729652404785\" data-type=\"edge\" data-node-from=\"3\" data-node-to=\"1\"></line>\n<line x1=\"32.11834716796875\" y1=\"28.716217041015625\" x2=\"45.96969985961914\" y2=\"28.54729652404785\" data-type=\"edge\" data-node-from=\"3\" data-node-to=\"2\"></line>\n<circle r=\"0.75\" cx=\"31.7805118560791\" cy=\"16.04729652404785\" data-type=\"element node\" data-element-id=\"1\" data-node-id=\"1\" data-label-id=\"69\"></circle>\n<circle r=\"0.75\" cx=\"45.96969985961914\" cy=\"28.54729652404785\" data-type=\"element node\" data-element-id=\"2\" data-node-id=\"2\" data-label-id=\"70\"></circle>\n<circle r=\"0.75\" cx=\"32.11834716796875\" cy=\"28.716217041015625\" data-type=\"element node\" data-element-id=\"3\" data-node-id=\"3\" data-label-id=\"71\"></circle>\n<circle r=\"0.75\" cx=\"32.62510681152344\" cy=\"40.202701568603516\" data-type=\"element node\" data-element-id=\"4\" data-node-id=\"4\" data-label-id=\"72\"></circle>"
  }
},
{
  "model": "engine.attributespec",
  "pk": 1,
  "fields": {
    "label": 5,
    "name": "model",
    "mutable": false,
    "input_type": "select",
    "default_value": "mazda",
    "values": "mazda\nvolvo\nbmw"
  }
},
{
  "model": "engine.attributespec",
  "pk": 2,
  "fields": {
    "label": 22,
    "name": "color",
    "mutable": false,
    "input_type": "select",
    "default_value": "white",
    "values": "white\nblack"
  }
},
{
  "model": "engine.attributespec",
  "pk": 3,
  "fields": {
    "label": 25,
    "name": "attr",
    "mutable": false,
    "input_type": "select",
    "default_value": "val1",
    "values": "val1\nval2"
  }
},
{
  "model": "engine.attributespec",
  "pk": 5,
  "fields": {
    "label": 35,
    "name": "a1",
    "mutable": true,
    "input_type": "checkbox",
    "default_value": "false",
    "values": "false"
  }
},
{
  "model": "engine.attributespec",
  "pk": 6,
  "fields": {
    "label": 40,
    "name": "attr",
    "mutable": true,
    "input_type": "checkbox",
    "default_value": "false",
    "values": "false"
  }
},
{
  "model": "engine.attributespec",
  "pk": 7,
  "fields": {
    "label": 51,
    "name": "attr",
    "mutable": false,
    "input_type": "text",
    "default_value": "default",
    "values": "default"
  }
},
{
  "model": "engine.attributespec",
  "pk": 8,
  "fields": {
    "label": 52,
    "name": "color",
    "mutable": false,
    "input_type": "radio",
    "default_value": "white",
    "values": "white\nblack\nred"
  }
},
{
  "model": "engine.attributespec",
  "pk": 9,
  "fields": {
    "label": 53,
    "name": "attr",
    "mutable": false,
    "input_type": "text",
    "default_value": "default",
    "values": "default"
  }
},
{
  "model": "engine.attributespec",
  "pk": 10,
  "fields": {
    "label": 54,
    "name": "color",
    "mutable": false,
    "input_type": "radio",
    "default_value": "white",
    "values": "white\nblack\nred"
  }
},
{
  "model": "engine.attributespec",
  "pk": 11,
  "fields": {
    "label": 55,
    "name": "attr",
    "mutable": false,
    "input_type": "text",
    "default_value": "default",
    "values": "default"
  }
},
{
  "model": "engine.attributespec",
  "pk": 12,
  "fields": {
    "label": 56,
    "name": "color",
    "mutable": false,
    "input_type": "radio",
    "default_value": "white",
    "values": "white\nblack\nred"
  }
},
{
  "model": "engine.attributespec",
  "pk": 13,
  "fields": {
    "label": 67,
    "name": "x",
    "mutable": false,
    "input_type": "text",
    "default_value": "yy",
    "values": "yy"
  }
},
{
  "model": "engine.attributespec",
  "pk": 14,
  "fields": {
    "label": 67,
    "name": "y",
    "mutable": false,
    "input_type": "radio",
    "default_value": "1",
    "values": "1\n2"
  }
},
{
  "model": "engine.attributespec",
  "pk": 15,
  "fields": {
    "label": 77,
    "name": "id",
    "mutable": false,
    "input_type": "text",
    "default_value": "",
    "values": ""
  }
},
{
  "model": "engine.attributespec",
  "pk": 16,
  "fields": {
    "label": 78,
    "name": "src",
    "mutable": false,
    "input_type": "text",
    "default_value": "",
    "values": ""
  }
},
{
  "model": "engine.attributespec",
  "pk": 17,
  "fields": {
    "label": 79,
    "name": "src",
    "mutable": false,
    "input_type": "text",
    "default_value": "",
    "values": ""
  }
},
{
  "model": "engine.labeledimage",
  "pk": 1,
  "fields": {
    "job": 17,
    "label": 17,
    "frame": 2,
    "group": 0,
    "source": "manual"
  }
},
{
  "model": "engine.labeledimage",
  "pk": 2,
  "fields": {
    "job": 17,
    "label": 16,
    "frame": 3,
    "group": 0,
    "source": "manual"
  }
},
{
  "model": "engine.labeledimage",
  "pk": 5,
  "fields": {
    "job": 21,
    "label": 39,
    "frame": 2,
    "group": 0,
    "source": "manual"
  }
},
{
  "model": "engine.labeledimage",
  "pk": 6,
  "fields": {
    "job": 21,
    "label": 38,
    "frame": 3,
    "group": 0,
    "source": "manual"
  }
},
{
  "model": "engine.labeledimage",
  "pk": 7,
  "fields": {
    "job": 28,
    "label": 67,
    "frame": 0,
    "group": 0,
    "source": "manual"
  }
},
{
  "model": "engine.labeledimage",
  "pk": 8,
  "fields": {
    "job": 28,
    "label": 67,
    "frame": 1,
    "group": 0,
    "source": "manual"
  }
},
{
  "model": "engine.labeledimageattributeval",
  "pk": 1,
  "fields": {
    "spec": 13,
    "value": "yy",
    "image": 7
  }
},
{
  "model": "engine.labeledimageattributeval",
  "pk": 2,
  "fields": {
    "spec": 14,
    "value": "1",
    "image": 7
  }
},
{
  "model": "engine.labeledimageattributeval",
  "pk": 3,
  "fields": {
    "spec": 13,
    "value": "yy",
    "image": 8
  }
},
{
  "model": "engine.labeledimageattributeval",
  "pk": 4,
  "fields": {
    "spec": 14,
    "value": "1",
    "image": 8
  }
},
{
  "model": "engine.labeledshape",
  "pk": 1,
  "fields": {
    "job": 2,
    "label": 3,
    "frame": 0,
    "group": 0,
    "source": "manual",
    "type": "rectangle",
    "occluded": false,
    "outside": false,
    "z_order": 0,
    "points": "223.39453125, 226.0751953125, 513.7663269042969, 377.9619903564453",
    "rotation": 0.0,
    "parent": null
  }
},
{
  "model": "engine.labeledshape",
  "pk": 2,
  "fields": {
    "job": 2,
    "label": 3,
    "frame": 1,
    "group": 0,
    "source": "manual",
    "type": "polygon",
    "occluded": false,
    "outside": false,
    "z_order": 0,
    "points": "63.0791015625, 139.75390625, 132.19337349397574, 112.3867469879533, 189.71144578313397, 159.23614457831354, 191.1030120481937, 246.9048192771097, 86.73554216867524, 335.5012048192784, 32.00060240964012, 250.15180722891637",
    "rotation": 0.0,
    "parent": null
  }
},
{
  "model": "engine.labeledshape",
  "pk": 3,
  "fields": {
    "job": 2,
    "label": 4,
    "frame": 1,
    "group": 0,
    "source": "manual",
    "type": "polygon",
    "occluded": false,
    "outside": false,
    "z_order": 0,
    "points": "83.0244140625, 216.75390625, 112.24759036144678, 162.48313253012202, 167.44638554216908, 183.35662650602535, 149.35602409638705, 252.0072289156633, 84.41626506024113, 292.8265060240974, 72.81987951807241, 258.9650602409638",
    "rotation": 0.0,
    "parent": null
  }
},
{
  "model": "engine.labeledshape",
  "pk": 4,
  "fields": {
    "job": 2,
    "label": 3,
    "frame": 2,
    "group": 0,
    "source": "manual",
    "type": "polyline",
    "occluded": false,
    "outside": false,
    "z_order": 0,
    "points": "24.443359375, 107.2275390625, 84.91109877913368, 61.125083240844106, 169.4316315205324, 75.1561598224198, 226.5581576026634, 113.90865704772477, 240.5892341842391, 205.77880133185317, 210.52264150943483, 270.9230854605994",
    "rotation": 0.0,
    "parent": null
  }
},
{
  "model": "engine.labeledshape",
  "pk": 5,
  "fields": {
    "job": 2,
    "label": 3,
    "frame": 22,
    "group": 0,
    "source": "manual",
    "type": "points",
    "occluded": false,
    "outside": false,
    "z_order": 0,
    "points": "148.94921875, 285.6865234375, 313.515094339622, 400.32830188679145, 217.36415094339463, 585.2339622641503, 64.81698113207494, 499.25283018867776",
    "rotation": 0.0,
    "parent": null
  }
},
{
  "model": "engine.labeledshape",
  "pk": 27,
  "fields": {
    "job": 9,
    "label": 11,
    "frame": 0,
    "group": 0,
    "source": "manual",
    "type": "polygon",
    "occluded": false,
    "outside": false,
    "z_order": 0,
    "points": "448.3779296875, 356.4892578125, 438.2558352402775, 761.3861556064112, 744.1780320366161, 319.37356979405195, 446.1288329519466, 163.03832951945333",
    "rotation": 0.0,
    "parent": null
  }
},
{
  "model": "engine.labeledshape",
  "pk": 29,
  "fields": {
    "job": 7,
    "label": 9,
    "frame": 0,
    "group": 0,
    "source": "manual",
    "type": "polygon",
    "occluded": false,
    "outside": false,
    "z_order": 0,
    "points": "364.0361328125, 528.87890625, 609.5286041189956, 586.544622425632, 835.2494279176244, 360.0000000000018, 543.6247139588122, 175.4691075514893, 326.9656750572103, 192.76887871853796, 244.58581235698148, 319.63386727689067",
    "rotation": 0.0,
    "parent": null
  }
},
{
  "model": "engine.labeledshape",
  "pk": 30,
  "fields": {
    "job": 10,
    "label": 13,
    "frame": 0,
    "group": 0,
    "source": "manual",
    "type": "polygon",
    "occluded": false,
    "outside": false,
    "z_order": 0,
    "points": "440.0439453125, 84.0791015625, 71.83311938382576, 249.81514762516053, 380.4441591784325, 526.585365853658, 677.6251604621302, 260.42875481386363, 629.4557124518615, 127.35044929396645",
    "rotation": 0.0,
    "parent": null
  }
},
{
  "model": "engine.labeledshape",
  "pk": 31,
  "fields": {
    "job": 11,
    "label": 6,
    "frame": 0,
    "group": 0,
    "source": "manual",
    "type": "rectangle",
    "occluded": false,
    "outside": false,
    "z_order": 0,
    "points": "65.6189987163034, 100.96585365853753, 142.12734274711147, 362.6243902439037",
    "rotation": 0.0,
    "parent": null
  }
},
{
  "model": "engine.labeledshape",
  "pk": 33,
  "fields": {
    "job": 16,
    "label": 7,
    "frame": 0,
    "group": 0,
    "source": "manual",
    "type": "polyline",
    "occluded": false,
    "outside": false,
    "z_order": 0,
    "points": "100.14453125, 246.03515625, 408.8692551505537, 327.5483359746413, 588.5839936608554, 289.0380348652925, 623.8851030110927, 183.77654516640177, 329.2812995245622, 71.45483359746322",
    "rotation": 0.0,
    "parent": null
  }
},
{
  "model": "engine.labeledshape",
  "pk": 34,
  "fields": {
    "job": 17,
    "label": 16,
    "frame": 0,
    "group": 0,
    "source": "manual",
    "type": "rectangle",
    "occluded": false,
    "outside": false,
    "z_order": 0,
    "points": "106.361328125, 85.150390625, 240.083984375, 241.263671875",
    "rotation": 45.9,
    "parent": null
  }
},
{
  "model": "engine.labeledshape",
  "pk": 35,
  "fields": {
    "job": 17,
    "label": 16,
    "frame": 1,
    "group": 0,
    "source": "manual",
    "type": "rectangle",
    "occluded": false,
    "outside": false,
    "z_order": 0,
    "points": "414.29522752496996, 124.8035516093205, 522.2641509433943, 286.75693673695605",
    "rotation": 0.0,
    "parent": null
  }
},
{
  "model": "engine.labeledshape",
  "pk": 36,
  "fields": {
    "job": 18,
    "label": 22,
    "frame": 0,
    "group": 0,
    "source": "manual",
    "type": "skeleton",
    "occluded": false,
    "outside": false,
    "z_order": 0,
    "points": "[]",
    "rotation": 0.0,
    "parent": null
  }
},
{
  "model": "engine.labeledshape",
  "pk": 37,
  "fields": {
    "job": 18,
    "label": 23,
    "frame": 0,
    "group": 0,
    "source": "manual",
    "type": "points",
    "occluded": false,
    "outside": false,
    "z_order": 0,
    "points": "135.8260869565238, 118.10276296228554",
    "rotation": 0.0,
    "parent": 36
  }
},
{
  "model": "engine.labeledshape",
  "pk": 38,
  "fields": {
    "job": 18,
    "label": 24,
    "frame": 0,
    "group": 0,
    "source": "manual",
    "type": "points",
    "occluded": false,
    "outside": false,
    "z_order": 0,
    "points": "172.10450871201368, 274.6245183225243",
    "rotation": 0.0,
    "parent": 36
  }
},
{
  "model": "engine.labeledshape",
  "pk": 39,
  "fields": {
    "job": 18,
    "label": 25,
    "frame": 0,
    "group": 0,
    "source": "manual",
    "type": "points",
    "occluded": false,
    "outside": false,
    "z_order": 0,
    "points": "259.91862203681984, 67.8260869565238",
    "rotation": 0.0,
    "parent": 36
  }
},
{
  "model": "engine.labeledshape",
  "pk": 40,
  "fields": {
    "job": 18,
    "label": 26,
    "frame": 0,
    "group": 0,
    "source": "manual",
    "type": "points",
    "occluded": false,
    "outside": false,
    "z_order": 0,
    "points": "283.65217391304554, 276.52173913043686",
    "rotation": 0.0,
    "parent": 36
  }
},
{
  "model": "engine.labeledshape",
  "pk": 41,
  "fields": {
    "job": 14,
    "label": 6,
    "frame": 15,
    "group": 0,
    "source": "manual",
    "type": "rectangle",
    "occluded": false,
    "outside": false,
    "z_order": 0,
    "points": "53.062929061787145, 301.6390160183091, 197.94851258581548, 763.3266590389048",
    "rotation": 0.0,
    "parent": null
  }
},
{
  "model": "engine.labeledshape",
  "pk": 42,
  "fields": {
    "job": 14,
    "label": 5,
    "frame": 16,
    "group": 0,
    "source": "manual",
    "type": "rectangle",
    "occluded": false,
    "outside": false,
    "z_order": 0,
    "points": "172.0810546875, 105.990234375, 285.97262095255974, 138.40000000000146",
    "rotation": 0.0,
    "parent": null
  }
},
{
  "model": "engine.labeledshape",
  "pk": 43,
  "fields": {
    "job": 19,
    "label": 30,
    "frame": 0,
    "group": 0,
    "source": "manual",
    "type": "rectangle",
    "occluded": false,
    "outside": false,
    "z_order": 0,
    "points": "120.81927710843593, 213.52074966532928, 258.7576974564945, 643.614457831327",
    "rotation": 0.0,
    "parent": null
  }
},
{
  "model": "engine.labeledshape",
  "pk": 44,
  "fields": {
    "job": 19,
    "label": 29,
    "frame": 0,
    "group": 0,
    "source": "manual",
    "type": "rectangle",
    "occluded": false,
    "outside": false,
    "z_order": 0,
    "points": "479.97322623828586, 408.0053547523421, 942.6238286479238, 513.3868808567604",
    "rotation": 0.0,
    "parent": null
  }
},
{
  "model": "engine.labeledshape",
  "pk": 47,
  "fields": {
    "job": 21,
    "label": 38,
    "frame": 0,
    "group": 0,
    "source": "manual",
    "type": "rectangle",
    "occluded": false,
    "outside": false,
    "z_order": 0,
    "points": "106.361328125, 85.150390625, 240.083984375, 241.263671875",
    "rotation": 45.9,
    "parent": null
  }
},
{
  "model": "engine.labeledshape",
  "pk": 48,
  "fields": {
    "job": 21,
    "label": 38,
    "frame": 1,
    "group": 0,
    "source": "manual",
    "type": "rectangle",
    "occluded": false,
    "outside": false,
    "z_order": 0,
    "points": "414.29522752496996, 124.8035516093205, 522.2641509433943, 286.75693673695605",
    "rotation": 0.0,
    "parent": null
  }
},
{
  "model": "engine.labeledshape",
  "pk": 49,
  "fields": {
    "job": 22,
    "label": 46,
    "frame": 0,
    "group": 0,
    "source": "manual",
    "type": "skeleton",
    "occluded": false,
    "outside": false,
    "z_order": 0,
    "points": "[]",
    "rotation": 0.0,
    "parent": null
  }
},
{
  "model": "engine.labeledshape",
  "pk": 50,
  "fields": {
    "job": 22,
    "label": 47,
    "frame": 0,
    "group": 0,
    "source": "manual",
    "type": "points",
    "occluded": false,
    "outside": false,
    "z_order": 0,
    "points": "136.46993006993034, 138.72697241590762",
    "rotation": 0.0,
    "parent": 49
  }
},
{
  "model": "engine.labeledshape",
  "pk": 51,
  "fields": {
    "job": 22,
    "label": 48,
    "frame": 0,
    "group": 0,
    "source": "manual",
    "type": "points",
    "occluded": false,
    "outside": false,
    "z_order": 0,
    "points": "192.9001336620433, 421.9659673659692",
    "rotation": 0.0,
    "parent": 49
  }
},
{
  "model": "engine.labeledshape",
  "pk": 52,
  "fields": {
    "job": 22,
    "label": 49,
    "frame": 0,
    "group": 0,
    "source": "manual",
    "type": "points",
    "occluded": false,
    "outside": false,
    "z_order": 0,
    "points": "326.2062528608664, 107.42983682983868",
    "rotation": 0.0,
    "parent": 49
  }
},
{
  "model": "engine.labeledshape",
  "pk": 53,
  "fields": {
    "job": 22,
    "label": 50,
    "frame": 0,
    "group": 0,
    "source": "manual",
    "type": "points",
    "occluded": false,
    "outside": false,
    "z_order": 0,
    "points": "412.07832167832197, 337.46374412038085",
    "rotation": 0.0,
    "parent": 49
  }
},
{
  "model": "engine.labeledshape",
  "pk": 54,
  "fields": {
    "job": 23,
    "label": 51,
    "frame": 0,
    "group": 0,
    "source": "manual",
    "type": "rectangle",
    "occluded": false,
    "outside": false,
    "z_order": 0,
    "points": "244.32906271072352, 57.53054619015711, 340.34389750505943, 191.28914362778414",
    "rotation": 0.0,
    "parent": null
  }
},
{
  "model": "engine.labeledshape",
  "pk": 55,
  "fields": {
    "job": 23,
    "label": 52,
    "frame": 0,
    "group": 0,
    "source": "manual",
    "type": "rectangle",
    "occluded": false,
    "outside": false,
    "z_order": 0,
    "points": "424.4396493594086, 86.6660822656795, 664.8078219824692, 251.54672960215976",
    "rotation": 0.0,
    "parent": null
  }
},
{
  "model": "engine.labeledshape",
  "pk": 56,
  "fields": {
    "job": 24,
    "label": 53,
    "frame": 0,
    "group": 0,
    "source": "manual",
    "type": "rectangle",
    "occluded": false,
    "outside": false,
    "z_order": 0,
    "points": "35.913636363637124, 80.58636363636288, 94.8227272727272, 170.58636363636288",
    "rotation": 0.0,
    "parent": null
  }
},
{
  "model": "engine.labeledshape",
  "pk": 57,
  "fields": {
    "job": 24,
    "label": 54,
    "frame": 0,
    "group": 0,
    "source": "manual",
    "type": "rectangle",
    "occluded": false,
    "outside": false,
    "z_order": 0,
    "points": "190.95909090909117, 100.22272727272684, 297.7318181818191, 209.8590909090908",
    "rotation": 0.0,
    "parent": null
  }
},
{
  "model": "engine.labeledshape",
  "pk": 58,
  "fields": {
    "job": 26,
    "label": 57,
    "frame": 6,
    "group": 0,
    "source": "manual",
    "type": "rectangle",
    "occluded": false,
    "outside": false,
    "z_order": 0,
    "points": "42.63157931421483, 51.228199155397306, 106.13274329786509, 138.0929989443539",
    "rotation": 0.0,
    "parent": null
  }
},
{
  "model": "engine.labeledshape",
  "pk": 59,
  "fields": {
    "job": 26,
    "label": 58,
    "frame": 6,
    "group": 0,
    "source": "manual",
    "type": "skeleton",
    "occluded": false,
    "outside": false,
    "z_order": 0,
    "points": "[]",
    "rotation": 0.0,
    "parent": null
  }
},
{
  "model": "engine.labeledshape",
  "pk": 60,
  "fields": {
    "job": 26,
    "label": 59,
    "frame": 6,
    "group": 0,
    "source": "manual",
    "type": "points",
    "occluded": false,
    "outside": false,
    "z_order": 0,
    "points": "103.73647295885894, 51.085564225393554",
    "rotation": 0.0,
    "parent": 59
  }
},
{
  "model": "engine.labeledshape",
  "pk": 61,
  "fields": {
    "job": 26,
    "label": 60,
    "frame": 6,
    "group": 0,
    "source": "manual",
    "type": "points",
    "occluded": false,
    "outside": false,
    "z_order": 0,
    "points": "125.86783527366472, 101.86367376801435",
    "rotation": 0.0,
    "parent": 59
  }
},
{
  "model": "engine.labeledshape",
  "pk": 62,
  "fields": {
    "job": 26,
    "label": 61,
    "frame": 6,
    "group": 0,
    "source": "manual",
    "type": "points",
    "occluded": false,
    "outside": false,
    "z_order": 0,
    "points": "155.7276059652392, 30.260833689097126",
    "rotation": 0.0,
    "parent": 59
  }
},
{
  "model": "engine.labeledshape",
  "pk": 63,
  "fields": {
    "job": 26,
    "label": 62,
    "frame": 6,
    "group": 0,
    "source": "manual",
    "type": "points",
    "occluded": false,
    "outside": false,
    "z_order": 0,
    "points": "199.28775272671066, 114.13029555429613",
    "rotation": 0.0,
    "parent": 59
  }
},
{
  "model": "engine.labeledshape",
  "pk": 64,
  "fields": {
    "job": 27,
    "label": 67,
    "frame": 0,
    "group": 3,
    "source": "manual",
    "type": "polyline",
    "occluded": false,
    "outside": false,
    "z_order": 0,
    "points": "439.001953125, 238.072265625, 442.27361979103625, 279.29221193910234",
    "rotation": 0.0,
    "parent": null
  }
},
{
  "model": "engine.labeledshape",
  "pk": 65,
  "fields": {
    "job": 27,
    "label": 67,
    "frame": 0,
    "group": 1,
    "source": "manual",
    "type": "rectangle",
    "occluded": false,
    "outside": false,
    "z_order": 0,
    "points": "109.6181640625, 93.6806640625, 150.7451171875, 154.708984375",
    "rotation": 118.39999999999998,
    "parent": null
  }
},
{
  "model": "engine.labeledshape",
  "pk": 66,
  "fields": {
    "job": 27,
    "label": 67,
    "frame": 0,
    "group": 3,
    "source": "manual",
    "type": "polyline",
    "occluded": false,
    "outside": false,
    "z_order": 0,
    "points": "414.140625, 256.392578125, 467.1372624053729, 255.08366924483562",
    "rotation": 0.0,
    "parent": null
  }
},
{
  "model": "engine.labeledshape",
  "pk": 67,
  "fields": {
    "job": 27,
    "label": 67,
    "frame": 0,
    "group": 4,
    "source": "manual",
    "type": "polyline",
    "occluded": false,
    "outside": false,
    "z_order": 0,
    "points": "210.00390625, 274.0576171875, 240.10078833736043, 258.3547764811883, 267.10000000000036, 266.40000000000146, 278.7035955631618, 261.62685883520135, 281.32071996591367, 253.77548562694574",
    "rotation": 0.0,
    "parent": null
  }
},
{
  "model": "engine.labeledshape",
  "pk": 68,
  "fields": {
    "job": 27,
    "label": 67,
    "frame": 0,
    "group": 5,
    "source": "manual",
    "type": "polygon",
    "occluded": false,
    "outside": false,
    "z_order": 0,
    "points": "227.015625, 87.587890625, 225.052845018663, 153.01643273565423, 283.90000000000146, 158.20000000000073, 251.90000000000146, 121.0",
    "rotation": 0.0,
    "parent": null
  }
},
{
  "model": "engine.labeledshape",
  "pk": 69,
  "fields": {
    "job": 27,
    "label": 67,
    "frame": 0,
    "group": 2,
    "source": "manual",
    "type": "mask",
    "occluded": false,
    "outside": false,
    "z_order": 0,
    "points": "37.0, 25.0, 49.0, 32.0, 23.0, 59.0, 19.0, 61.0, 17.0, 63.0, 15.0, 65.0, 14.0, 66.0, 12.0, 68.0, 11.0, 69.0, 10.0, 70.0, 9.0, 70.0, 9.0, 70.0, 9.0, 70.0, 9.0, 71.0, 8.0, 71.0, 8.0, 72.0, 7.0, 72.0, 7.0, 72.0, 7.0, 72.0, 7.0, 72.0, 7.0, 73.0, 6.0, 73.0, 5.0, 74.0, 5.0, 74.0, 5.0, 74.0, 5.0, 74.0, 5.0, 74.0, 5.0, 74.0, 5.0, 74.0, 5.0, 74.0, 5.0, 74.0, 5.0, 74.0, 5.0, 74.0, 5.0, 74.0, 4.0, 75.0, 4.0, 75.0, 4.0, 75.0, 3.0, 76.0, 3.0, 76.0, 3.0, 77.0, 2.0, 77.0, 2.0, 77.0, 2.0, 77.0, 2.0, 77.0, 2.0, 77.0, 1.0, 1184.0, 1.0, 77.0, 3.0, 76.0, 4.0, 75.0, 4.0, 75.0, 4.0, 74.0, 5.0, 73.0, 7.0, 71.0, 9.0, 67.0, 13.0, 65.0, 15.0, 9.0, 1.0, 53.0, 29.0, 16.0, 4.0, 29.0, 31.0, 11.0, 16.0, 20.0, 12.0, 458.0, 87.0, 536.0, 158.0",
    "rotation": 0.0,
    "parent": null
  }
},
{
  "model": "engine.labeledshape",
  "pk": 70,
  "fields": {
    "job": 27,
    "label": 66,
    "frame": 0,
    "group": 0,
    "source": "manual",
    "type": "rectangle",
    "occluded": false,
    "outside": false,
    "z_order": 1,
    "points": "459.5, 81.90000000000146, 545.8000000000011, 155.80020141601562",
    "rotation": 0.0,
    "parent": null
  }
},
{
  "model": "engine.labeledshape",
  "pk": 71,
  "fields": {
    "job": 27,
    "label": 67,
    "frame": 0,
    "group": 6,
    "source": "manual",
    "type": "polyline",
    "occluded": false,
    "outside": false,
    "z_order": 0,
    "points": "414.48681640625, 261.001953125, 467.4834538116229, 259.6930442448356",
    "rotation": 0.0,
    "parent": null
  }
},
{
  "model": "engine.labeledshape",
  "pk": 72,
  "fields": {
    "job": 27,
    "label": 67,
    "frame": 0,
    "group": 0,
    "source": "manual",
    "type": "polygon",
    "occluded": false,
    "outside": false,
    "z_order": 3,
    "points": "502.5, 319.90000000000146, 635.3000000000011, 319.90000000000146, 651.0, 374.7000000000007, 499.90000000000146, 375.5",
    "rotation": 0.0,
    "parent": null
  }
},
{
  "model": "engine.labeledshape",
  "pk": 73,
  "fields": {
    "job": 27,
    "label": 66,
    "frame": 0,
    "group": 0,
    "source": "manual",
    "type": "polygon",
    "occluded": false,
    "outside": false,
    "z_order": 4,
    "points": "532.6000000000004, 300.2000000000007, 533.2000000000007, 391.8000000000011, 678.4693480835958, 393.13736007351145, 639.866763142998, 300.8837248764885",
    "rotation": 0.0,
    "parent": null
  }
},
{
  "model": "engine.labeledshape",
  "pk": 74,
  "fields": {
    "job": 27,
    "label": 66,
    "frame": 0,
    "group": 0,
    "source": "manual",
    "type": "polygon",
    "occluded": false,
    "outside": false,
    "z_order": 3,
    "points": "618.228515625, 215.12753906250146, 688.3285156250004, 284.5275390625011, 690.2463290244214, 278.63711201903425, 626.1000000000004, 206.70000000000073",
    "rotation": 0.0,
    "parent": null
  }
},
{
  "model": "engine.labeledshape",
  "pk": 75,
  "fields": {
    "job": 27,
    "label": 67,
    "frame": 0,
    "group": 0,
    "source": "manual",
    "type": "polygon",
    "occluded": false,
    "outside": false,
    "z_order": 1,
    "points": "673.2000000000007, 222.40000000000146, 693.5177345278626, 240.03542476937582, 647.8000000000011, 287.2000000000007, 620.8925323514832, 266.8609498975875",
    "rotation": 0.0,
    "parent": null
  }
},
{
  "model": "engine.labeledshape",
  "pk": 76,
  "fields": {
    "job": 27,
    "label": 67,
    "frame": 0,
    "group": 0,
    "source": "manual",
    "type": "rectangle",
    "occluded": false,
    "outside": false,
    "z_order": 4,
    "points": "310.763369496879, 196.19874876639187, 339.55173792715505, 228.9128038007966",
    "rotation": 0.0,
    "parent": null
  }
},
{
  "model": "engine.labeledshape",
  "pk": 77,
  "fields": {
    "job": 27,
    "label": 67,
    "frame": 0,
    "group": 15,
    "source": "manual",
    "type": "rectangle",
    "occluded": false,
    "outside": false,
    "z_order": 1,
    "points": "213.966796875, 46.7294921875, 239.5, 72.30000000000109",
    "rotation": 0.0,
    "parent": null
  }
},
{
  "model": "engine.labeledshape",
  "pk": 78,
  "fields": {
    "job": 27,
    "label": 67,
    "frame": 0,
    "group": 16,
    "source": "manual",
    "type": "rectangle",
    "occluded": false,
    "outside": false,
    "z_order": 1,
    "points": "147.900390625, 45.4208984375, 171.40000000000146, 70.30000000000109",
    "rotation": 0.0,
    "parent": null
  }
},
{
  "model": "engine.labeledshape",
  "pk": 79,
  "fields": {
    "job": 27,
    "label": 67,
    "frame": 0,
    "group": 16,
    "source": "manual",
    "type": "rectangle",
    "occluded": false,
    "outside": false,
    "z_order": 1,
    "points": "179.9443359375, 46.0751953125, 206.0, 72.80000000000109",
    "rotation": 0.0,
    "parent": null
  }
},
{
  "model": "engine.labeledshape",
  "pk": 80,
  "fields": {
    "job": 27,
    "label": 67,
    "frame": 0,
    "group": 16,
    "source": "manual",
    "type": "rectangle",
    "occluded": false,
    "outside": false,
    "z_order": 1,
    "points": "113.80000000000109, 45.400000000001455, 137.3818359375, 69.0",
    "rotation": 0.0,
    "parent": null
  }
},
{
  "model": "engine.labeledshape",
  "pk": 81,
  "fields": {
    "job": 27,
    "label": 67,
    "frame": 0,
    "group": 12,
    "source": "manual",
    "type": "rectangle",
    "occluded": false,
    "outside": false,
    "z_order": 1,
    "points": "147.8466796875, 17.6083984375, 170.1457031250011, 39.871289443968635",
    "rotation": 0.0,
    "parent": null
  }
},
{
  "model": "engine.labeledshape",
  "pk": 82,
  "fields": {
    "job": 27,
    "label": 67,
    "frame": 0,
    "group": 7,
    "source": "manual",
    "type": "rectangle",
    "occluded": false,
    "outside": false,
    "z_order": 1,
    "points": "113.80000000000109, 17.600000000000364, 138.65410232543945, 40.47109413146973",
    "rotation": 0.0,
    "parent": null
  }
},
{
  "model": "engine.labeledshape",
  "pk": 83,
  "fields": {
    "job": 27,
    "label": 67,
    "frame": 0,
    "group": 7,
    "source": "manual",
    "type": "rectangle",
    "occluded": false,
    "outside": false,
    "z_order": 1,
    "points": "179.908203125, 18.216796875, 203.40000000000146, 41.80000000000109",
    "rotation": 0.0,
    "parent": null
  }
},
{
  "model": "engine.labeledshape",
  "pk": 84,
  "fields": {
    "job": 27,
    "label": 67,
    "frame": 0,
    "group": 11,
    "source": "manual",
    "type": "rectangle",
    "occluded": false,
    "outside": false,
    "z_order": 1,
    "points": "603.9000000000015, 13.654296875, 632.6692943572998, 42.400000000001455",
    "rotation": 0.0,
    "parent": null
  }
},
{
  "model": "engine.labeledshape",
  "pk": 85,
  "fields": {
    "job": 27,
    "label": 67,
    "frame": 0,
    "group": 11,
    "source": "manual",
    "type": "rectangle",
    "occluded": false,
    "outside": false,
    "z_order": 1,
    "points": "641.2000000000007, 13.0, 670.6457023620605, 42.5",
    "rotation": 0.0,
    "parent": null
  }
},
{
  "model": "engine.labeledshape",
  "pk": 86,
  "fields": {
    "job": 27,
    "label": 67,
    "frame": 0,
    "group": 11,
    "source": "manual",
    "type": "rectangle",
    "occluded": false,
    "outside": false,
    "z_order": 1,
    "points": "681.0859375, 13.0, 711.3000000000011, 43.20000000000073",
    "rotation": 0.0,
    "parent": null
  }
},
{
  "model": "engine.labeledshape",
  "pk": 87,
  "fields": {
    "job": 27,
    "label": 67,
    "frame": 0,
    "group": 12,
    "source": "manual",
    "type": "rectangle",
    "occluded": false,
    "outside": false,
    "z_order": 1,
    "points": "212.6220703125, 18.9169921875, 236.8000000000011, 42.5",
    "rotation": 0.0,
    "parent": null
  }
},
{
  "model": "engine.labeledshape",
  "pk": 88,
  "fields": {
    "job": 27,
    "label": 67,
    "frame": 0,
    "group": 0,
    "source": "manual",
    "type": "points",
    "occluded": false,
    "outside": false,
    "z_order": 4,
    "points": "361.0, 302.10000000000036, 368.90000000000146, 316.0, 348.10000000000036, 318.60000000000036",
    "rotation": 0.0,
    "parent": null
  }
},
{
  "model": "engine.labeledshape",
  "pk": 89,
  "fields": {
    "job": 27,
    "label": 66,
    "frame": 0,
    "group": 0,
    "source": "manual",
    "type": "points",
    "occluded": false,
    "outside": false,
    "z_order": 4,
    "points": "225.70703125, 314.6240234375",
    "rotation": 0.0,
    "parent": null
  }
},
{
  "model": "engine.labeledshape",
  "pk": 90,
  "fields": {
    "job": 27,
    "label": 67,
    "frame": 0,
    "group": 17,
    "source": "manual",
    "type": "points",
    "occluded": false,
    "outside": false,
    "z_order": 4,
    "points": "60.828125, 302.1923828125",
    "rotation": 0.0,
    "parent": null
  }
},
{
  "model": "engine.labeledshape",
  "pk": 91,
  "fields": {
    "job": 27,
    "label": 67,
    "frame": 0,
    "group": 17,
    "source": "manual",
    "type": "rectangle",
    "occluded": false,
    "outside": false,
    "z_order": 4,
    "points": "34.65674500649766, 268.16966984208375, 75.22217324915982, 324.43784450126077",
    "rotation": 0.0,
    "parent": null
  }
},
{
  "model": "engine.labeledshape",
  "pk": 92,
  "fields": {
    "job": 27,
    "label": 66,
    "frame": 0,
    "group": 17,
    "source": "manual",
    "type": "points",
    "occluded": false,
    "outside": false,
    "z_order": 4,
    "points": "50.359375, 283.8720703125",
    "rotation": 0.0,
    "parent": null
  }
},
{
  "model": "engine.labeledshape",
  "pk": 93,
  "fields": {
    "job": 27,
    "label": 67,
    "frame": 0,
    "group": 0,
    "source": "manual",
    "type": "points",
    "occluded": false,
    "outside": false,
    "z_order": 4,
    "points": "138.0, 339.5, 155.0, 338.8000000000011",
    "rotation": 0.0,
    "parent": null
  }
},
{
  "model": "engine.labeledshape",
  "pk": 94,
  "fields": {
    "job": 27,
    "label": 67,
    "frame": 0,
    "group": 0,
    "source": "manual",
    "type": "polyline",
    "occluded": false,
    "outside": false,
    "z_order": 4,
    "points": "43.162109375, 178.533203125, 59.51942683264497, 190.96449996088631, 71.29648664503111, 177.22459684643582, 100.08485507530895, 167.41038033611403",
    "rotation": 0.0,
    "parent": null
  }
},
{
  "model": "engine.labeledshape",
  "pk": 95,
  "fields": {
    "job": 27,
    "label": 67,
    "frame": 0,
    "group": 0,
    "source": "manual",
    "type": "polygon",
    "occluded": false,
    "outside": false,
    "z_order": 4,
    "points": "101.3935546875, 200.7783203125, 135.41603451246556, 214.5186195856586, 117.75044479388816, 248.54123682144018, 85.03638975948161, 235.4556148076772, 73.25932994709547, 204.0501219746493",
    "rotation": 0.0,
    "parent": null
  }
},
{
  "model": "engine.labeledshape",
  "pk": 96,
  "fields": {
    "job": 27,
    "label": 67,
    "frame": 0,
    "group": 0,
    "source": "manual",
    "type": "ellipse",
    "occluded": false,
    "outside": false,
    "z_order": 4,
    "points": "216.5673828125, 208.00537109375, 252.552734375, 191.6484375",
    "rotation": 0.0,
    "parent": null
  }
},
{
  "model": "engine.labeledshape",
  "pk": 97,
  "fields": {
    "job": 28,
    "label": 66,
    "frame": 0,
    "group": 0,
    "source": "manual",
    "type": "polygon",
    "occluded": false,
    "outside": false,
    "z_order": 0,
    "points": "455.359375, 88.2421875, 463.2108659572077, 158.9047260271691, 545.6502846439089, 155.6333205237297, 536.4903492342764, 84.97096164941286",
    "rotation": 0.0,
    "parent": null
  }
},
{
  "model": "engine.labeledshape",
  "pk": 98,
  "fields": {
    "job": 28,
    "label": 67,
    "frame": 0,
    "group": 0,
    "source": "manual",
    "type": "polygon",
    "occluded": false,
    "outside": false,
    "z_order": 0,
    "points": "227.015625, 88.2421875, 223.74398310536162, 155.6333205237297, 297.0234663824285, 156.94188272510473, 299.6405907851804, 84.97096164941286, 261.0380058445826, 128.80779539551622",
    "rotation": 0.0,
    "parent": null
  }
},
{
  "model": "engine.labeledshape",
  "pk": 99,
  "fields": {
    "job": 28,
    "label": 67,
    "frame": 0,
    "group": 0,
    "source": "manual",
    "type": "polyline",
    "occluded": false,
    "outside": false,
    "z_order": 0,
    "points": "284.591796875, 248.541015625, 264.9636924487113, 261.62685883520135, 242.71813502531586, 251.15836122419205, 219.16401540054358, 270.7867942448356",
    "rotation": 0.0,
    "parent": null
  }
},
{
  "model": "engine.labeledshape",
  "pk": 100,
  "fields": {
    "job": 28,
    "label": 67,
    "frame": 0,
    "group": 0,
    "source": "manual",
    "type": "polyline",
    "occluded": false,
    "outside": false,
    "z_order": 0,
    "points": "419.3740234375, 260.318359375, 436.38534082899605, 259.0097344324495, 448.8166817420697, 258.35545333176196, 463.86514705789705, 258.35545333176196",
    "rotation": 0.0,
    "parent": null
  }
},
{
  "model": "engine.labeledshape",
  "pk": 101,
  "fields": {
    "job": 28,
    "label": 67,
    "frame": 0,
    "group": 0,
    "source": "manual",
    "type": "rectangle",
    "occluded": false,
    "outside": false,
    "z_order": 0,
    "points": "107.28194718287705, 91.51377265629344, 152.42734313035726, 154.32475832235104",
    "rotation": 0.0,
    "parent": null
  }
},
{
  "model": "engine.labeledshape",
  "pk": 102,
  "fields": {
    "job": 28,
    "label": 67,
    "frame": 0,
    "group": 0,
    "source": "manual",
    "type": "points",
    "occluded": false,
    "outside": false,
    "z_order": 0,
    "points": "362.451171875, 298.9208984375, 345.4402678333481, 317.24075239369085, 368.9943874581204, 315.93219019231583",
    "rotation": 0.0,
    "parent": null
  }
},
{
  "model": "engine.labeledshape",
  "pk": 103,
  "fields": {
    "job": 28,
    "label": 67,
    "frame": 0,
    "group": 1,
    "source": "manual",
    "type": "rectangle",
    "occluded": false,
    "outside": false,
    "z_order": 0,
    "points": "113.8251953125, 18.234375, 136.0714843750011, 40.5",
    "rotation": 0.0,
    "parent": null
  }
},
{
  "model": "engine.labeledshape",
  "pk": 104,
  "fields": {
    "job": 28,
    "label": 67,
    "frame": 0,
    "group": 1,
    "source": "manual",
    "type": "rectangle",
    "occluded": false,
    "outside": false,
    "z_order": 0,
    "points": "147.84765625, 18.888671875, 170.06289062500036, 42.408593750000364",
    "rotation": 0.0,
    "parent": null
  }
},
{
  "model": "engine.labeledshape",
  "pk": 105,
  "fields": {
    "job": 28,
    "label": 67,
    "frame": 0,
    "group": 2,
    "source": "manual",
    "type": "rectangle",
    "occluded": false,
    "outside": false,
    "z_order": 0,
    "points": "180.5615234375, 19.54296875, 202.1408203125011, 41.771484375",
    "rotation": 0.0,
    "parent": null
  }
},
{
  "model": "engine.labeledshape",
  "pk": 106,
  "fields": {
    "job": 28,
    "label": 67,
    "frame": 0,
    "group": 2,
    "source": "manual",
    "type": "rectangle",
    "occluded": false,
    "outside": false,
    "z_order": 0,
    "points": "213.2763671875, 18.234375, 236.82363281250036, 44.371484375000364",
    "rotation": 0.0,
    "parent": null
  }
},
{
  "model": "engine.labeledshape",
  "pk": 107,
  "fields": {
    "job": 28,
    "label": 67,
    "frame": 0,
    "group": 3,
    "source": "manual",
    "type": "rectangle",
    "occluded": false,
    "outside": false,
    "z_order": 0,
    "points": "567.9000000000015, 14.30859375, 595.3747291564941, 43.80000000000109",
    "rotation": 0.0,
    "parent": null
  }
},
{
  "model": "engine.labeledshape",
  "pk": 108,
  "fields": {
    "job": 28,
    "label": 67,
    "frame": 0,
    "group": 3,
    "source": "manual",
    "type": "rectangle",
    "occluded": false,
    "outside": false,
    "z_order": 0,
    "points": "603.9000000000015, 13.654296875, 632.0144577026367, 43.100000000000364",
    "rotation": 0.0,
    "parent": null
  }
},
{
  "model": "engine.labeledshape",
  "pk": 109,
  "fields": {
    "job": 28,
    "label": 67,
    "frame": 0,
    "group": 3,
    "source": "manual",
    "type": "rectangle",
    "occluded": false,
    "outside": false,
    "z_order": 0,
    "points": "643.8000000000011, 12.345703125, 671.9000015258789, 43.80000000000109",
    "rotation": 0.0,
    "parent": null
  }
},
{
  "model": "engine.labeledshape",
  "pk": 110,
  "fields": {
    "job": 28,
    "label": 67,
    "frame": 0,
    "group": 3,
    "source": "manual",
    "type": "rectangle",
    "occluded": false,
    "outside": false,
    "z_order": 0,
    "points": "681.0859375, 14.30859375, 711.8000000000011, 43.80000000000109",
    "rotation": 0.0,
    "parent": null
  }
},
{
  "model": "engine.labeledshape",
  "pk": 111,
  "fields": {
    "job": 28,
    "label": 67,
    "frame": 0,
    "group": 0,
    "source": "manual",
    "type": "rectangle",
    "occluded": false,
    "outside": false,
    "z_order": 0,
    "points": "112.5166015625, 47.0224609375, 138.03356448933664, 69.92229946158295",
    "rotation": 0.0,
    "parent": null
  }
},
{
  "model": "engine.labeledshape",
  "pk": 112,
  "fields": {
    "job": 28,
    "label": 67,
    "frame": 0,
    "group": 4,
    "source": "manual",
    "type": "rectangle",
    "occluded": false,
    "outside": false,
    "z_order": 0,
    "points": "147.84737542554103, 47.02265780950256, 172.05577615100083, 72.5396207363392",
    "rotation": 0.0,
    "parent": null
  }
},
{
  "model": "engine.labeledshape",
  "pk": 113,
  "fields": {
    "job": 28,
    "label": 67,
    "frame": 0,
    "group": 4,
    "source": "manual",
    "type": "rectangle",
    "occluded": false,
    "outside": false,
    "z_order": 0,
    "points": "181.21571156063328, 47.67693891019189, 205.42411228609308, 73.84818293771605",
    "rotation": 0.0,
    "parent": null
  }
},
{
  "model": "engine.labeledshape",
  "pk": 114,
  "fields": {
    "job": 28,
    "label": 67,
    "frame": 0,
    "group": 4,
    "source": "manual",
    "type": "rectangle",
    "occluded": false,
    "outside": false,
    "z_order": 0,
    "points": "213.2754854943505, 47.67693891019189, 238.13816732049781, 73.84818293771605",
    "rotation": 0.0,
    "parent": null
  }
},
{
  "model": "engine.labeledshape",
  "pk": 115,
  "fields": {
    "job": 28,
    "label": 67,
    "frame": 0,
    "group": 0,
    "source": "manual",
    "type": "polygon",
    "occluded": false,
    "outside": false,
    "z_order": 0,
    "points": "527.0, 319.60000000000036, 530.3000000000011, 372.60000000000036, 500.83202924677244, 375.2100579146554, 502.7948725488368, 319.5961643561677",
    "rotation": 0.0,
    "parent": null
  }
},
{
  "model": "engine.labeledshape",
  "pk": 116,
  "fields": {
    "job": 28,
    "label": 67,
    "frame": 0,
    "group": 5,
    "source": "manual",
    "type": "polygon",
    "occluded": false,
    "outside": false,
    "z_order": 0,
    "points": "672.5810546875, 219.0986328125, 692.2092511980463, 239.3813014118059, 671.2722559760259, 257.70117223107445, 655.5695095595111, 239.3813014118059",
    "rotation": 0.0,
    "parent": null
  }
},
{
  "model": "engine.labeledshape",
  "pk": 117,
  "fields": {
    "job": 28,
    "label": 67,
    "frame": 0,
    "group": 5,
    "source": "manual",
    "type": "mask",
    "occluded": false,
    "outside": false,
    "z_order": 0,
    "points": "21.0, 5.0, 32.0, 10.0, 30.0, 12.0, 27.0, 15.0, 25.0, 17.0, 23.0, 19.0, 21.0, 21.0, 19.0, 23.0, 17.0, 25.0, 14.0, 28.0, 12.0, 30.0, 10.0, 31.0, 9.0, 33.0, 8.0, 34.0, 6.0, 36.0, 5.0, 36.0, 5.0, 36.0, 4.0, 38.0, 2.0, 39.0, 2.0, 326.0, 2.0, 38.0, 3.0, 38.0, 3.0, 37.0, 5.0, 35.0, 6.0, 34.0, 8.0, 31.0, 10.0, 29.0, 13.0, 26.0, 16.0, 23.0, 19.0, 21.0, 21.0, 18.0, 24.0, 15.0, 27.0, 13.0, 29.0, 9.0, 22.0, 627.0, 244.0, 667.0, 284.0",
    "rotation": 0.0,
    "parent": null
  }
},
{
  "model": "engine.labeledshape",
  "pk": 118,
  "fields": {
    "job": 28,
    "label": 67,
    "frame": 0,
    "group": 7,
    "source": "manual",
    "type": "rectangle",
    "occluded": false,
    "outside": false,
    "z_order": 0,
    "points": "37.2744140625, 267.5166015625, 83.07409111066772, 328.36474392649325",
    "rotation": 0.0,
    "parent": null
  }
},
{
  "model": "engine.labeledshape",
  "pk": 119,
  "fields": {
    "job": 28,
    "label": 67,
    "frame": 0,
    "group": 7,
    "source": "manual",
    "type": "points",
    "occluded": false,
    "outside": false,
    "z_order": 0,
    "points": "46.43359375, 290.4150390625",
    "rotation": 0.0,
    "parent": null
  }
},
{
  "model": "engine.labeledshape",
  "pk": 120,
  "fields": {
    "job": 28,
    "label": 67,
    "frame": 0,
    "group": 7,
    "source": "manual",
    "type": "points",
    "occluded": false,
    "outside": false,
    "z_order": 0,
    "points": "64.75390625, 302.1923828125",
    "rotation": 0.0,
    "parent": null
  }
},
{
  "model": "engine.labeledshape",
  "pk": 121,
  "fields": {
    "job": 28,
    "label": 67,
    "frame": 0,
    "group": 7,
    "source": "manual",
    "type": "points",
    "occluded": false,
    "outside": false,
    "z_order": 0,
    "points": "47.7421875, 309.3896484375",
    "rotation": 0.0,
    "parent": null
  }
},
{
  "model": "engine.labeledshape",
  "pk": 122,
  "fields": {
    "job": 28,
    "label": 66,
    "frame": 0,
    "group": 0,
    "source": "manual",
    "type": "points",
    "occluded": false,
    "outside": false,
    "z_order": 0,
    "points": "140.70000000000073, 338.8000000000011",
    "rotation": 0.0,
    "parent": null
  }
},
{
  "model": "engine.labeledshape",
  "pk": 123,
  "fields": {
    "job": 28,
    "label": 67,
    "frame": 0,
    "group": 0,
    "source": "manual",
    "type": "points",
    "occluded": false,
    "outside": false,
    "z_order": 0,
    "points": "225.0, 315.2000000000007",
    "rotation": 0.0,
    "parent": null
  }
},
{
  "model": "engine.labeledshape",
  "pk": 124,
  "fields": {
    "job": 28,
    "label": 67,
    "frame": 1,
    "group": 0,
    "source": "manual",
    "type": "polygon",
    "occluded": false,
    "outside": false,
    "z_order": 0,
    "points": "213.076171875, 27.58203125, 242.67217060073926, 54.958764913635605, 220.4750788758156, 73.4563413510732, 182.00011988594815, 63.097698546107495, 165.72225262100437, 25.36264261373799",
    "rotation": 0.0,
    "parent": null
  }
},
{
  "model": "engine.labeledshape",
  "pk": 125,
  "fields": {
    "job": 28,
    "label": 67,
    "frame": 1,
    "group": 0,
    "source": "manual",
    "type": "ellipse",
    "occluded": false,
    "outside": false,
    "z_order": 0,
    "points": "359.22314453125, 57.5439453125, 381.7900390625, 37.9365234375",
    "rotation": 0.0,
    "parent": null
  }
},
{
  "model": "engine.labeledshape",
  "pk": 126,
  "fields": {
    "job": 28,
    "label": 67,
    "frame": 1,
    "group": 0,
    "source": "manual",
    "type": "cuboid",
    "occluded": false,
    "outside": false,
    "z_order": 0,
    "points": "503.8579498973395, 51.35924962614954, 503.8579498973395, 95.65343307599687, 574.1487403595966, 51.25924962614954, 574.1487403595966, 95.65343307599687, 581.1778194058222, 46.91983128116481, 581.1778194058222, 91.11401473101215, 510.88702894356516, 46.91983128116481, 510.88702894356516, 91.11401473101215",
    "rotation": 0.0,
    "parent": null
  }
},
{
  "model": "engine.labeledshape",
  "pk": 127,
  "fields": {
    "job": 28,
    "label": 67,
    "frame": 1,
    "group": 0,
    "source": "manual",
    "type": "mask",
    "occluded": false,
    "outside": false,
    "z_order": 0,
    "points": "45.0, 8.0, 64.0, 5.0, 7.0, 11.0, 61.0, 7.0, 5.0, 14.0, 58.0, 9.0, 3.0, 16.0, 56.0, 11.0, 2.0, 18.0, 54.0, 11.0, 2.0, 20.0, 52.0, 35.0, 50.0, 36.0, 49.0, 38.0, 47.0, 39.0, 45.0, 42.0, 43.0, 43.0, 42.0, 45.0, 40.0, 46.0, 39.0, 47.0, 16.0, 7.0, 15.0, 48.0, 14.0, 9.0, 14.0, 48.0, 13.0, 12.0, 12.0, 13.0, 11.0, 25.0, 11.0, 14.0, 10.0, 13.0, 14.0, 24.0, 10.0, 15.0, 9.0, 13.0, 16.0, 23.0, 8.0, 17.0, 7.0, 14.0, 16.0, 23.0, 8.0, 18.0, 5.0, 15.0, 17.0, 23.0, 6.0, 19.0, 5.0, 15.0, 18.0, 23.0, 4.0, 21.0, 3.0, 16.0, 19.0, 23.0, 3.0, 22.0, 2.0, 16.0, 19.0, 23.0, 3.0, 40.0, 19.0, 24.0, 2.0, 40.0, 20.0, 23.0, 2.0, 41.0, 19.0, 23.0, 2.0, 41.0, 19.0, 11.0, 1.0, 12.0, 1.0, 11.0, 1.0, 29.0, 19.0, 11.0, 1.0, 12.0, 1.0, 11.0, 1.0, 29.0, 19.0, 11.0, 2.0, 23.0, 2.0, 29.0, 18.0, 11.0, 2.0, 23.0, 3.0, 28.0, 18.0, 11.0, 2.0, 24.0, 3.0, 28.0, 17.0, 11.0, 3.0, 24.0, 3.0, 27.0, 16.0, 12.0, 3.0, 25.0, 2.0, 28.0, 15.0, 12.0, 2.0, 12.0, 1.0, 43.0, 14.0, 12.0, 3.0, 12.0, 2.0, 43.0, 13.0, 12.0, 3.0, 12.0, 2.0, 44.0, 11.0, 13.0, 3.0, 12.0, 3.0, 43.0, 11.0, 13.0, 3.0, 11.0, 4.0, 43.0, 10.0, 13.0, 4.0, 11.0, 5.0, 44.0, 8.0, 12.0, 5.0, 11.0, 6.0, 44.0, 7.0, 12.0, 5.0, 11.0, 7.0, 45.0, 4.0, 12.0, 5.0, 12.0, 9.0, 14.0, 3.0, 27.0, 3.0, 12.0, 5.0, 12.0, 11.0, 9.0, 7.0, 41.0, 5.0, 12.0, 12.0, 7.0, 9.0, 40.0, 5.0, 12.0, 28.0, 39.0, 5.0, 12.0, 30.0, 38.0, 5.0, 11.0, 32.0, 37.0, 5.0, 11.0, 33.0, 35.0, 5.0, 12.0, 34.0, 33.0, 6.0, 12.0, 35.0, 32.0, 6.0, 11.0, 37.0, 31.0, 6.0, 11.0, 39.0, 29.0, 5.0, 12.0, 40.0, 28.0, 5.0, 12.0, 42.0, 26.0, 4.0, 13.0, 44.0, 40.0, 46.0, 39.0, 47.0, 38.0, 49.0, 35.0, 57.0, 27.0, 60.0, 24.0, 62.0, 22.0, 65.0, 19.0, 68.0, 15.0, 71.0, 13.0, 77.0, 7.0, 14.0, 23.0, 57.0, 107.0, 124.0",
    "rotation": 0.0,
    "parent": null
  }
},
{
  "model": "engine.labeledshape",
  "pk": 128,
  "fields": {
    "job": 28,
    "label": 67,
    "frame": 1,
    "group": 0,
    "source": "manual",
    "type": "points",
    "occluded": false,
    "outside": false,
    "z_order": 0,
    "points": "276.7080078125, 105.2724609375, 301.1245121430384, 121.5500400884066, 273.74809901563276, 137.08800429585244, 252.29091034820522, 122.28994314590454",
    "rotation": 0.0,
    "parent": null
  }
},
{
  "model": "engine.labeledshape",
  "pk": 129,
  "fields": {
    "job": 28,
    "label": 67,
    "frame": 1,
    "group": 0,
    "source": "manual",
    "type": "polyline",
    "occluded": false,
    "outside": false,
    "z_order": 0,
    "points": "393.6123046875, 109.7119140625, 417.28929217013683, 139.30771346834626, 432.08735332008655, 123.02984620340249, 461.68347561998416, 140.0476165258424",
    "rotation": 0.0,
    "parent": null
  }
},
{
  "model": "engine.labeledshape",
  "pk": 130,
  "fields": {
    "job": 28,
    "label": 67,
    "frame": 1,
    "group": 0,
    "source": "manual",
    "type": "rectangle",
    "occluded": false,
    "outside": false,
    "z_order": 0,
    "points": "420.9888074576247, 33.50157624620988, 450.58492975752233, 62.357795488609554",
    "rotation": 0.0,
    "parent": null
  }
},
{
  "model": "engine.labeledshape",
  "pk": 131,
  "fields": {
    "job": 28,
    "label": 68,
    "frame": 0,
    "group": 0,
    "source": "manual",
    "type": "skeleton",
    "occluded": false,
    "outside": false,
    "z_order": 0,
    "points": "[]",
    "rotation": 0.0,
    "parent": null
  }
},
{
  "model": "engine.labeledshape",
  "pk": 132,
  "fields": {
    "job": 28,
    "label": 68,
    "frame": 0,
    "group": 0,
    "source": "manual",
    "type": "skeleton",
    "occluded": false,
    "outside": false,
    "z_order": 0,
    "points": "[]",
    "rotation": 0.0,
    "parent": null
  }
},
{
  "model": "engine.labeledshape",
  "pk": 133,
  "fields": {
    "job": 28,
    "label": 69,
    "frame": 0,
    "group": 0,
    "source": "manual",
    "type": "points",
    "occluded": true,
    "outside": false,
    "z_order": 0,
    "points": "694.826171875, 75.810546875",
    "rotation": 0.0,
    "parent": 131
  }
},
{
  "model": "engine.labeledshape",
  "pk": 134,
  "fields": {
    "job": 28,
    "label": 70,
    "frame": 0,
    "group": 0,
    "source": "manual",
    "type": "points",
    "occluded": true,
    "outside": false,
    "z_order": 0,
    "points": "741.2801300238552, 102.21971169729295",
    "rotation": 0.0,
    "parent": 131
  }
},
{
  "model": "engine.labeledshape",
  "pk": 135,
  "fields": {
    "job": 28,
    "label": 71,
    "frame": 0,
    "group": 0,
    "source": "manual",
    "type": "points",
    "occluded": false,
    "outside": true,
    "z_order": 0,
    "points": "695.9322103203158, 102.5765956792493",
    "rotation": 0.0,
    "parent": 131
  }
},
{
  "model": "engine.labeledshape",
  "pk": 136,
  "fields": {
    "job": 28,
    "label": 72,
    "frame": 0,
    "group": 0,
    "source": "manual",
    "type": "points",
    "occluded": true,
    "outside": false,
    "z_order": 0,
    "points": "697.5912898439183, 126.84447272867328",
    "rotation": 0.0,
    "parent": 131
  }
},
{
  "model": "engine.labeledshape",
  "pk": 137,
  "fields": {
    "job": 28,
    "label": 69,
    "frame": 0,
    "group": 0,
    "source": "manual",
    "type": "points",
    "occluded": false,
    "outside": false,
    "z_order": 0,
    "points": "582.2900390625, 68.61328125",
    "rotation": 0.0,
    "parent": 132
  }
},
{
  "model": "engine.labeledshape",
  "pk": 138,
  "fields": {
    "job": 28,
    "label": 70,
    "frame": 0,
    "group": 0,
    "source": "manual",
    "type": "points",
    "occluded": false,
    "outside": false,
    "z_order": 0,
    "points": "614.3498129962172, 98.06965739794214",
    "rotation": 0.0,
    "parent": 132
  }
},
{
  "model": "engine.labeledshape",
  "pk": 139,
  "fields": {
    "job": 28,
    "label": 71,
    "frame": 0,
    "group": 0,
    "source": "manual",
    "type": "points",
    "occluded": false,
    "outside": false,
    "z_order": 0,
    "points": "583.0533613698299, 98.46772030089414",
    "rotation": 0.0,
    "parent": 132
  }
},
{
  "model": "engine.labeledshape",
  "pk": 140,
  "fields": {
    "job": 28,
    "label": 72,
    "frame": 0,
    "group": 0,
    "source": "manual",
    "type": "points",
    "occluded": false,
    "outside": true,
    "z_order": 0,
    "points": "584.1983599142877, 125.53573700986453",
    "rotation": 0.0,
    "parent": 132
  }
},
{
  "model": "engine.labeledshape",
  "pk": 141,
  "fields": {
    "job": 27,
    "label": 68,
    "frame": 0,
    "group": 0,
    "source": "manual",
    "type": "skeleton",
    "occluded": false,
    "outside": false,
    "z_order": 4,
    "points": "[]",
    "rotation": 0.0,
    "parent": null
  }
},
{
  "model": "engine.labeledshape",
  "pk": 142,
  "fields": {
    "job": 27,
    "label": 68,
    "frame": 0,
    "group": 0,
    "source": "manual",
    "type": "skeleton",
    "occluded": false,
    "outside": false,
    "z_order": 4,
    "points": "[]",
    "rotation": 0.0,
    "parent": null
  }
},
{
  "model": "engine.labeledshape",
  "pk": 143,
  "fields": {
    "job": 27,
    "label": 69,
    "frame": 0,
    "group": 0,
    "source": "manual",
    "type": "points",
    "occluded": false,
    "outside": false,
    "z_order": 4,
    "points": "616.3137942416288, 65.9970703125",
    "rotation": 0.0,
    "parent": 141
  }
},
{
  "model": "engine.labeledshape",
  "pk": 144,
  "fields": {
    "job": 27,
    "label": 70,
    "frame": 0,
    "group": 0,
    "source": "manual",
    "type": "points",
    "occluded": false,
    "outside": false,
    "z_order": 4,
    "points": "616.9673812833025, 96.87642507954297",
    "rotation": 0.0,
    "parent": 141
  }
},
{
  "model": "engine.labeledshape",
  "pk": 145,
  "fields": {
    "job": 27,
    "label": 71,
    "frame": 0,
    "group": 0,
    "source": "manual",
    "type": "points",
    "occluded": false,
    "outside": false,
    "z_order": 4,
    "points": "585.0322265625, 97.32024233915763",
    "rotation": 0.0,
    "parent": 141
  }
},
{
  "model": "engine.labeledshape",
  "pk": 146,
  "fields": {
    "job": 27,
    "label": 72,
    "frame": 0,
    "group": 0,
    "source": "manual",
    "type": "points",
    "occluded": false,
    "outside": true,
    "z_order": 4,
    "points": "615.6438723666288, 128.1533203125",
    "rotation": 0.0,
    "parent": 141
  }
},
{
  "model": "engine.labeledshape",
  "pk": 147,
  "fields": {
    "job": 27,
    "label": 69,
    "frame": 0,
    "group": 0,
    "source": "manual",
    "type": "points",
    "occluded": false,
    "outside": true,
    "z_order": 4,
    "points": "698.337805670104, 67.95976734549367",
    "rotation": 0.0,
    "parent": 142
  }
},
{
  "model": "engine.labeledshape",
  "pk": 148,
  "fields": {
    "job": 27,
    "label": 70,
    "frame": 0,
    "group": 0,
    "source": "manual",
    "type": "points",
    "occluded": false,
    "outside": false,
    "z_order": 4,
    "points": "738.9471427604549, 102.15625",
    "rotation": 0.0,
    "parent": 142
  }
},
{
  "model": "engine.labeledshape",
  "pk": 149,
  "fields": {
    "job": 27,
    "label": 71,
    "frame": 0,
    "group": 0,
    "source": "manual",
    "type": "points",
    "occluded": true,
    "outside": false,
    "z_order": 4,
    "points": "699.3046875, 102.618369002279",
    "rotation": 0.0,
    "parent": 142
  }
},
{
  "model": "engine.labeledshape",
  "pk": 150,
  "fields": {
    "job": 27,
    "label": 72,
    "frame": 0,
    "group": 0,
    "source": "manual",
    "type": "points",
    "occluded": false,
    "outside": true,
    "z_order": 4,
    "points": "700.7550293506938, 134.04215851499248",
    "rotation": 0.0,
    "parent": 142
  }
},
{
  "model": "engine.labeledshape",
  "pk": 151,
  "fields": {
    "job": 29,
    "label": 73,
    "frame": 0,
    "group": 0,
    "source": "manual",
    "type": "rectangle",
    "occluded": false,
    "outside": false,
    "z_order": 0,
    "points": "44.898003339767456, 63.52153968811035, 426.46817803382874, 271.5955777168274",
    "rotation": 0.0,
    "parent": null
  }
},
{
  "model": "engine.labeledshape",
  "pk": 152,
  "fields": {
    "job": 29,
    "label": 73,
    "frame": 1,
    "group": 0,
    "source": "manual",
    "type": "rectangle",
    "occluded": false,
    "outside": false,
    "z_order": 0,
    "points": "43.79357561469078, 28.97564932703972, 136.88880816102028, 164.59188774228096",
    "rotation": 0.0,
    "parent": null
  }
},
{
  "model": "engine.labeledshape",
  "pk": 153,
  "fields": {
    "job": 29,
    "label": 73,
    "frame": 2,
    "group": 0,
    "source": "manual",
    "type": "rectangle",
    "occluded": false,
    "outside": false,
    "z_order": 0,
    "points": "108.50460643768383, 165.35334844589306, 795.2833482742317, 679.8631751060493",
    "rotation": 0.0,
    "parent": null
  }
},
{
  "model": "engine.labeledshape",
  "pk": 154,
  "fields": {
    "job": 29,
    "label": 73,
    "frame": 3,
    "group": 0,
    "source": "manual",
    "type": "rectangle",
    "occluded": false,
    "outside": false,
    "z_order": 0,
    "points": "40.11789474487341, 128.13260302543677, 104.97083768844641, 182.6914280414585",
    "rotation": 0.0,
    "parent": null
  }
},
{
  "model": "engine.labeledshape",
  "pk": 155,
  "fields": {
    "job": 29,
    "label": 73,
    "frame": 4,
    "group": 0,
    "source": "manual",
    "type": "rectangle",
    "occluded": false,
    "outside": false,
    "z_order": 0,
    "points": "19.106867015361786, 71.99510070085489, 200.8463572859764, 196.5581221222874",
    "rotation": 0.0,
    "parent": null
  }
},
{
  "model": "engine.labeledshape",
  "pk": 156,
  "fields": {
    "job": 30,
    "label": 73,
    "frame": 5,
    "group": 0,
    "source": "manual",
    "type": "rectangle",
    "occluded": false,
    "outside": false,
    "z_order": 0,
    "points": "55.147965204716456, 27.993821200729144, 354.91261003613545, 129.34078386128022",
    "rotation": 0.0,
    "parent": null
  }
},
{
  "model": "engine.labeledshape",
  "pk": 157,
  "fields": {
    "job": 30,
    "label": 73,
    "frame": 6,
    "group": 0,
    "source": "manual",
    "type": "rectangle",
    "occluded": false,
    "outside": false,
    "z_order": 0,
    "points": "55.67655109167208, 27.202181529999507, 314.5855129838001, 333.9054008126259",
    "rotation": 0.0,
    "parent": null
  }
},
{
  "model": "engine.labeledshape",
  "pk": 158,
  "fields": {
    "job": 30,
    "label": 73,
    "frame": 7,
    "group": 0,
    "source": "manual",
    "type": "rectangle",
    "occluded": false,
    "outside": false,
    "z_order": 0,
    "points": "30.75535711050179, 51.1681019723419, 245.49246947169377, 374.42159963250197",
    "rotation": 0.0,
    "parent": null
  }
},
{
  "model": "engine.labeledshape",
  "pk": 159,
  "fields": {
    "job": 30,
    "label": 73,
    "frame": 8,
    "group": 0,
    "source": "manual",
    "type": "rectangle",
    "occluded": false,
    "outside": false,
    "z_order": 0,
    "points": "78.72917294502258, 28.6186763048172, 456.07723474502563, 214.25403320789337",
    "rotation": 0.0,
    "parent": null
  }
},
{
  "model": "engine.labeledshape",
  "pk": 160,
  "fields": {
    "job": 30,
    "label": 73,
    "frame": 9,
    "group": 0,
    "source": "manual",
    "type": "rectangle",
    "occluded": false,
    "outside": false,
    "z_order": 0,
    "points": "40.30229317843805, 20.90870136916601, 277.9420801371325, 141.0943407505747",
    "rotation": 0.0,
    "parent": null
  }
},
{
  "model": "engine.labeledshape",
  "pk": 161,
  "fields": {
    "job": 31,
    "label": 73,
    "frame": 10,
    "group": 0,
    "source": "manual",
    "type": "rectangle",
    "occluded": false,
    "outside": false,
    "z_order": 0,
    "points": "37.5426108896736, 44.316280591488976, 109.0776273667816, 115.21824382543673",
    "rotation": 0.0,
    "parent": null
  }
},
{
  "model": "engine.labeledshape",
  "pk": 162,
  "fields": {
    "job": 32,
    "label": 73,
    "frame": 4,
    "group": 0,
    "source": "Ground truth",
    "type": "rectangle",
    "occluded": false,
    "outside": false,
    "z_order": 0,
    "points": "24.722413063049316, 37.791320228576296, 270.78543078899384, 610.5770170927044",
    "rotation": 0.0,
    "parent": null
  }
},
{
  "model": "engine.labeledshape",
  "pk": 163,
  "fields": {
    "job": 32,
    "label": 73,
    "frame": 5,
    "group": 0,
    "source": "Ground truth",
    "type": "rectangle",
    "occluded": false,
    "outside": false,
    "z_order": 0,
    "points": "87.86122530400826, 22.648517262936366, 277.2987968593843, 128.69934738874508",
    "rotation": 0.0,
    "parent": null
  }
},
{
  "model": "engine.labeledshape",
  "pk": 164,
  "fields": {
    "job": 32,
    "label": 73,
    "frame": 6,
    "group": 0,
    "source": "Ground truth",
    "type": "rectangle",
    "occluded": false,
    "outside": false,
    "z_order": 0,
    "points": "8.219268488885064, 76.40050053596497, 46.97136907577624, 76.9621251821518",
    "rotation": 0.0,
    "parent": null
  }
},
{
  "model": "engine.labeledshape",
  "pk": 165,
  "fields": {
    "job": 32,
    "label": 73,
    "frame": 7,
    "group": 0,
    "source": "Ground truth",
    "type": "rectangle",
    "occluded": false,
    "outside": false,
    "z_order": 0,
    "points": "40.372303777934576, 55.821463263035184, 232.15283377170636, 366.6659974813465",
    "rotation": 0.0,
    "parent": null
  }
},
{
  "model": "engine.labeledshape",
  "pk": 166,
  "fields": {
    "job": 32,
    "label": 73,
    "frame": 8,
    "group": 0,
    "source": "Ground truth",
    "type": "rectangle",
    "occluded": false,
    "outside": false,
    "z_order": 0,
    "points": "114.91701781749725, 49.88939428329468, 426.5192240476608, 201.82309412956238",
    "rotation": 0.0,
    "parent": null
  }
},
{
  "model": "engine.labeledshape",
  "pk": 167,
  "fields": {
    "job": 32,
    "label": 73,
    "frame": 9,
    "group": 0,
    "source": "Ground truth",
    "type": "rectangle",
    "occluded": false,
    "outside": false,
    "z_order": 0,
    "points": "69.46096818744991, 42.89721039235519, 143.9282634973515, 85.61091347932779",
    "rotation": 0.0,
    "parent": null
  }
},
{
  "model": "engine.labeledshape",
  "pk": 168,
  "fields": {
    "job": 32,
    "label": 73,
    "frame": 10,
    "group": 0,
    "source": "Ground truth",
    "type": "rectangle",
    "occluded": false,
    "outside": false,
    "z_order": 0,
    "points": "35.64345116019285, 190.86810638308634, 41.340930348635084, 213.02496989369502",
    "rotation": 0.0,
    "parent": null
  }
},
{
  "model": "engine.labeledshape",
  "pk": 169,
  "fields": {
    "job": 38,
    "label": 77,
    "frame": 0,
    "group": 0,
    "source": "manual",
    "type": "rectangle",
    "occluded": false,
    "outside": false,
    "z_order": 0,
    "points": "19.650000000003274,13.100000000002183,31.850000000004002,18.900000000001455",
    "rotation": 0.0,
    "parent": null
  }
},
{
  "model": "engine.labeledshape",
  "pk": 170,
  "fields": {
    "job": 38,
    "label": 77,
    "frame": 1,
    "group": 0,
    "source": "manual",
    "type": "rectangle",
    "occluded": false,
    "outside": false,
    "z_order": 0,
    "points": "18.650000000003274,10.500000000001819,28.650000000003274,15.200000000002547",
    "rotation": 0.0,
    "parent": null
  }
},
{
  "model": "engine.labeledshape",
  "pk": 171,
  "fields": {
    "job": 38,
    "label": 77,
    "frame": 1,
    "group": 0,
    "source": "manual",
    "type": "rectangle",
    "occluded": false,
    "outside": false,
    "z_order": 0,
    "points": "18.850000000002183,19.50000000000182,27.05000000000291,24.900000000001455",
    "rotation": 0.0,
    "parent": null
  }
},
{
  "model": "engine.labeledshape",
  "pk": 172,
  "fields": {
    "job": 38,
    "label": 77,
    "frame": 5,
    "group": 0,
    "source": "manual",
    "type": "rectangle",
    "occluded": false,
    "outside": false,
    "z_order": 0,
    "points": "26.25000000000182,16.50000000000182,40.95000000000255,23.900000000001455",
    "rotation": 0.0,
    "parent": null
  }
},
{
  "model": "engine.labeledshape",
  "pk": 173,
  "fields": {
    "job": 39,
    "label": 77,
    "frame": 8,
    "group": 0,
    "source": "manual",
    "type": "rectangle",
    "occluded": false,
    "outside": false,
    "z_order": 0,
    "points": "14.650000000003274,10.000000000001819,25.750000000003638,17.30000000000109",
    "rotation": 0.0,
    "parent": null
  }
},
{
  "model": "engine.labeledshape",
  "pk": 174,
  "fields": {
    "job": 39,
    "label": 77,
    "frame": 8,
    "group": 0,
    "source": "manual",
    "type": "rectangle",
    "occluded": false,
    "outside": false,
    "z_order": 0,
    "points": "30.350000000002183,18.700000000002547,43.05000000000291,26.400000000003274",
    "rotation": 0.0,
    "parent": null
  }
},
{
  "model": "engine.labeledshape",
  "pk": 175,
  "fields": {
    "job": 39,
    "label": 77,
    "frame": 9,
    "group": 0,
    "source": "manual",
    "type": "rectangle",
    "occluded": false,
    "outside": false,
    "z_order": 0,
    "points": "9.200000000002547,34.35000000000218,21.900000000003274,38.55000000000291",
    "rotation": 0.0,
    "parent": null
  }
},
{
  "model": "engine.labeledshape",
  "pk": 176,
  "fields": {
    "job": 39,
    "label": 77,
    "frame": 9,
    "group": 0,
    "source": "manual",
    "type": "points",
    "occluded": false,
    "outside": false,
    "z_order": 0,
    "points": "40.900390625,29.0498046875,48.80000000000291,30.350000000002183,45.10000000000218,39.25000000000182,45.70000000000255,24.450000000002547",
    "rotation": 0.0,
    "parent": null
  }
},
{
  "model": "engine.labeledshape",
  "pk": 177,
  "fields": {
    "job": 39,
    "label": 77,
    "frame": 12,
    "group": 0,
    "source": "manual",
    "type": "points",
    "occluded": false,
    "outside": false,
    "z_order": 0,
    "points": "16.791015625,32.8505859375,27.858705213058784,37.01258996859542,21.633141273523506,39.77950727505595",
    "rotation": 0.0,
    "parent": null
  }
},
{
  "model": "engine.labeledshape",
  "pk": 178,
  "fields": {
    "job": 40,
    "label": 77,
    "frame": 16,
    "group": 0,
    "source": "manual",
    "type": "polygon",
    "occluded": false,
    "outside": false,
    "z_order": 0,
    "points": "29.0498046875,14.2998046875,30.350000000002183,22.00000000000182,20.650000000003274,21.600000000002183,20.650000000003274,11.30000000000291",
    "rotation": 0.0,
    "parent": null
  }
},
{
  "model": "engine.labeledshape",
  "pk": 179,
  "fields": {
    "job": 40,
    "label": 77,
    "frame": 17,
    "group": 0,
    "source": "manual",
    "type": "polygon",
    "occluded": false,
    "outside": false,
    "z_order": 0,
    "points": "51.2001953125,10.900390625,56.60000000000218,15.700000000002547,48.400000000003274,20.400000000003274",
    "rotation": 0.0,
    "parent": null
  }
},
{
  "model": "engine.labeledshape",
  "pk": 180,
  "fields": {
    "job": 40,
    "label": 77,
    "frame": 20,
    "group": 0,
    "source": "manual",
    "type": "polygon",
    "occluded": false,
    "outside": false,
    "z_order": 0,
    "points": "37.2998046875,7.7001953125,42.400000000003274,11.900000000003274,35.80000000000291,17.200000000002547,28.400000000003274,8.80000000000291,37.400000000003274,12.100000000002183",
    "rotation": 0.0,
    "parent": null
  }
},
{
  "model": "engine.labeledshape",
  "pk": 181,
  "fields": {
    "job": 40,
    "label": 77,
    "frame": 20,
    "group": 0,
    "source": "manual",
    "type": "rectangle",
    "occluded": false,
    "outside": false,
    "z_order": 0,
    "points": "17.600000000002183,14.900000000003274,27.200000000002547,21.600000000004002",
    "rotation": 0.0,
    "parent": null
  }
},
{
  "model": "engine.labeledshape",
  "pk": 182,
  "fields": {
    "job": 40,
    "label": 77,
    "frame": 21,
    "group": 0,
    "source": "manual",
    "type": "rectangle",
    "occluded": false,
    "outside": false,
    "z_order": 0,
    "points": "43.15465253950242,24.59525439814206,55.395253809205315,35.071444674014856",
    "rotation": 0.0,
    "parent": null
  }
},
{
  "model": "engine.labeledshape",
  "pk": 183,
  "fields": {
    "job": 40,
    "label": 77,
    "frame": 22,
    "group": 0,
    "source": "manual",
    "type": "rectangle",
    "occluded": false,
    "outside": false,
    "z_order": 0,
    "points": "38.50000000000182,9.600000000002183,51.80000000000109,17.100000000002183",
    "rotation": 0.0,
    "parent": null
  }
},
{
  "model": "engine.labeledshape",
  "pk": 184,
  "fields": {
    "job": 40,
    "label": 77,
    "frame": 22,
    "group": 0,
    "source": "manual",
    "type": "rectangle",
    "occluded": false,
    "outside": false,
    "z_order": 0,
    "points": "52.10000000000218,17.30000000000291,59.400000000001455,21.500000000003638",
    "rotation": 0.0,
    "parent": null
  }
},
{
  "model": "engine.labeledshape",
  "pk": 185,
  "fields": {
    "job": 41,
    "label": 77,
    "frame": 23,
    "group": 0,
    "source": "Ground truth",
    "type": "rectangle",
    "occluded": false,
    "outside": false,
    "z_order": 0,
    "points": "17.650000000003274,11.30000000000291,30.55000000000291,21.700000000002547",
    "rotation": 0.0,
    "parent": null
  }
},
{
  "model": "engine.labeledshape",
  "pk": 186,
  "fields": {
    "job": 41,
    "label": 77,
    "frame": 24,
    "group": 0,
    "source": "Ground truth",
    "type": "rectangle",
    "occluded": false,
    "outside": false,
    "z_order": 0,
    "points": "18.850000000002183,12.000000000001819,25.850000000002183,19.50000000000182",
    "rotation": 0.0,
    "parent": null
  }
},
{
  "model": "engine.labeledshape",
  "pk": 187,
  "fields": {
    "job": 41,
    "label": 77,
    "frame": 24,
    "group": 0,
    "source": "Ground truth",
    "type": "rectangle",
    "occluded": false,
    "outside": false,
    "z_order": 0,
    "points": "26.150000000003274,25.00000000000182,34.150000000003274,34.50000000000182",
    "rotation": 0.0,
    "parent": null
  }
},
{
  "model": "engine.labeledshape",
  "pk": 188,
  "fields": {
    "job": 41,
    "label": 77,
    "frame": 25,
    "group": 0,
    "source": "Ground truth",
    "type": "rectangle",
    "occluded": false,
    "outside": false,
    "z_order": 0,
    "points": "24.600000000002183,11.500000000001819,37.10000000000218,18.700000000002547",
    "rotation": 0.0,
    "parent": null
  }
},
{
  "model": "engine.labeledshape",
  "pk": 189,
  "fields": {
    "job": 41,
    "label": 77,
    "frame": 27,
    "group": 0,
    "source": "Ground truth",
    "type": "rectangle",
    "occluded": false,
    "outside": false,
    "z_order": 0,
    "points": "17.863216443472993,36.43614886308387,41.266725327279346,42.765472201610464",
    "rotation": 0.0,
    "parent": null
  }
},
{
  "model": "engine.labeledshape",
  "pk": 190,
  "fields": {
    "job": 41,
    "label": 77,
    "frame": 27,
    "group": 0,
    "source": "Ground truth",
    "type": "polygon",
    "occluded": false,
    "outside": false,
    "z_order": 0,
    "points": "34.349609375,52.806640625,27.086274131672326,63.1830161588623,40.229131337355284,67.44868033965395,48.87574792004307,59.03264019917333,45.53238950807099,53.3835173651496",
    "rotation": 0.0,
    "parent": null
  }
},
{
  "model": "engine.labeledshape",
  "pk": 191,
  "fields": {
    "job": 50,
    "label": 78,
    "frame": 8,
    "group": 0,
    "source": "Ground truth",
    "type": "rectangle",
    "occluded": false,
    "outside": false,
    "z_order": 0,
    "points": "160.71132684643453,59.61108186333331,254.8470583598446,111.65360009838878",
    "rotation": 0.0,
    "parent": null
  }
},
{
  "model": "engine.labeledshape",
  "pk": 192,
  "fields": {
    "job": 50,
    "label": 78,
    "frame": 8,
    "group": 0,
    "source": "Ground truth",
    "type": "rectangle",
    "occluded": false,
    "outside": false,
    "z_order": 0,
    "points": "434.6998787309949,78.74436062622226,502.0490199763608,127.72555425921564",
    "rotation": 0.0,
    "parent": null
  }
},
{
  "model": "engine.labeledshape",
  "pk": 193,
  "fields": {
    "job": 50,
    "label": 78,
    "frame": 9,
    "group": 0,
    "source": "Ground truth",
    "type": "rectangle",
    "occluded": false,
    "outside": false,
    "z_order": 0,
    "points": "245.67336843180783,162.98163621791718,334.90269485918907,215.98915686784676",
    "rotation": 0.0,
    "parent": null
  }
},
{
  "model": "engine.labeledshape",
  "pk": 194,
  "fields": {
    "job": 46,
    "label": 78,
    "frame": 6,
    "group": 0,
    "source": "manual",
    "type": "rectangle",
    "occluded": false,
    "outside": false,
    "z_order": 0,
    "points": "472.58377068151276,63.05507204065361,535.3409250237855,110.50560337261595",
    "rotation": 0.0,
    "parent": null
  }
},
{
  "model": "engine.labeledshape",
  "pk": 195,
  "fields": {
    "job": 47,
    "label": 78,
    "frame": 5,
    "group": 0,
    "source": "manual",
    "type": "rectangle",
    "occluded": false,
    "outside": false,
    "z_order": 0,
    "points": "183.389531668141,181.09253910664302,247.88201512555497,226.14893165908325",
    "rotation": 0.0,
    "parent": null
  }
},
{
  "model": "engine.labeledshape",
  "pk": 196,
  "fields": {
    "job": 47,
    "label": 78,
    "frame": 5,
    "group": 0,
    "source": "manual",
    "type": "rectangle",
    "occluded": false,
    "outside": false,
    "z_order": 0,
    "points": "344.1790109729245,311.8444233764694,391.8857795578606,376.3369068338834",
    "rotation": 0.0,
    "parent": null
  }
},
{
  "model": "engine.labeledshape",
  "pk": 197,
  "fields": {
    "job": 49,
    "label": 78,
    "frame": 5,
    "group": 0,
    "source": "manual",
    "type": "rectangle",
    "occluded": false,
    "outside": false,
    "z_order": 0,
    "points": "169.25419282815892,210.24667546410456,239.0474283505664,239.4008118215661",
    "rotation": 0.0,
    "parent": null
  }
},
{
  "model": "engine.labeledshape",
  "pk": 198,
  "fields": {
    "job": 49,
    "label": 78,
    "frame": 5,
    "group": 0,
    "source": "manual",
    "type": "rectangle",
    "occluded": false,
    "outside": false,
    "z_order": 0,
    "points": "336.22788287543517,361.3181093164021,398.9534489778507,424.9271340963169",
    "rotation": 0.0,
    "parent": null
  }
},
{
  "model": "engine.labeledshape",
  "pk": 199,
  "fields": {
    "job": 42,
    "label": 78,
    "frame": 0,
    "group": 0,
    "source": "manual",
    "type": "rectangle",
    "occluded": false,
    "outside": false,
    "z_order": 0,
    "points": "260.20437641345416,64.96839991694105,339.7988160670684,103.23495744271713",
    "rotation": 0.0,
    "parent": null
  }
},
{
  "model": "engine.labeledshape",
  "pk": 200,
  "fields": {
    "job": 43,
    "label": 78,
    "frame": 0,
    "group": 0,
    "source": "manual",
    "type": "rectangle",
    "occluded": false,
    "outside": false,
    "z_order": 0,
    "points": "236.47911074747208,63.43773761591001,335.20682916397527,123.1335673561207",
    "rotation": 0.0,
    "parent": null
  }
},
{
  "model": "engine.labeledshapeattributeval",
  "pk": 1,
  "fields": {
    "spec": 2,
    "value": "white",
    "shape": 36
  }
},
{
  "model": "engine.labeledshapeattributeval",
  "pk": 2,
  "fields": {
    "spec": 3,
    "value": "val1",
    "shape": 39
  }
},
{
  "model": "engine.labeledshapeattributeval",
  "pk": 3,
  "fields": {
    "spec": 1,
    "value": "mazda",
    "shape": 42
  }
},
{
  "model": "engine.labeledshapeattributeval",
  "pk": 4,
  "fields": {
    "spec": 7,
    "value": "non-default",
    "shape": 54
  }
},
{
  "model": "engine.labeledshapeattributeval",
  "pk": 5,
  "fields": {
    "spec": 8,
    "value": "black",
    "shape": 55
  }
},
{
  "model": "engine.labeledshapeattributeval",
  "pk": 6,
  "fields": {
    "spec": 9,
    "value": "non-default",
    "shape": 56
  }
},
{
  "model": "engine.labeledshapeattributeval",
  "pk": 7,
  "fields": {
    "spec": 10,
    "value": "black",
    "shape": 57
  }
},
{
  "model": "engine.labeledshapeattributeval",
  "pk": 8,
  "fields": {
    "spec": 13,
    "value": "yy",
    "shape": 64
  }
},
{
  "model": "engine.labeledshapeattributeval",
  "pk": 9,
  "fields": {
    "spec": 14,
    "value": "1",
    "shape": 64
  }
},
{
  "model": "engine.labeledshapeattributeval",
  "pk": 10,
  "fields": {
    "spec": 13,
    "value": "yz",
    "shape": 65
  }
},
{
  "model": "engine.labeledshapeattributeval",
  "pk": 11,
  "fields": {
    "spec": 14,
    "value": "2",
    "shape": 65
  }
},
{
  "model": "engine.labeledshapeattributeval",
  "pk": 12,
  "fields": {
    "spec": 13,
    "value": "yy",
    "shape": 66
  }
},
{
  "model": "engine.labeledshapeattributeval",
  "pk": 13,
  "fields": {
    "spec": 14,
    "value": "1",
    "shape": 66
  }
},
{
  "model": "engine.labeledshapeattributeval",
  "pk": 14,
  "fields": {
    "spec": 13,
    "value": "yy",
    "shape": 67
  }
},
{
  "model": "engine.labeledshapeattributeval",
  "pk": 15,
  "fields": {
    "spec": 14,
    "value": "1",
    "shape": 67
  }
},
{
  "model": "engine.labeledshapeattributeval",
  "pk": 16,
  "fields": {
    "spec": 13,
    "value": "yy",
    "shape": 68
  }
},
{
  "model": "engine.labeledshapeattributeval",
  "pk": 17,
  "fields": {
    "spec": 14,
    "value": "1",
    "shape": 68
  }
},
{
  "model": "engine.labeledshapeattributeval",
  "pk": 18,
  "fields": {
    "spec": 13,
    "value": "yy",
    "shape": 69
  }
},
{
  "model": "engine.labeledshapeattributeval",
  "pk": 19,
  "fields": {
    "spec": 14,
    "value": "1",
    "shape": 69
  }
},
{
  "model": "engine.labeledshapeattributeval",
  "pk": 20,
  "fields": {
    "spec": 13,
    "value": "yy",
    "shape": 71
  }
},
{
  "model": "engine.labeledshapeattributeval",
  "pk": 21,
  "fields": {
    "spec": 14,
    "value": "1",
    "shape": 71
  }
},
{
  "model": "engine.labeledshapeattributeval",
  "pk": 22,
  "fields": {
    "spec": 13,
    "value": "yy",
    "shape": 72
  }
},
{
  "model": "engine.labeledshapeattributeval",
  "pk": 23,
  "fields": {
    "spec": 14,
    "value": "1",
    "shape": 72
  }
},
{
  "model": "engine.labeledshapeattributeval",
  "pk": 24,
  "fields": {
    "spec": 13,
    "value": "yy",
    "shape": 75
  }
},
{
  "model": "engine.labeledshapeattributeval",
  "pk": 25,
  "fields": {
    "spec": 14,
    "value": "1",
    "shape": 75
  }
},
{
  "model": "engine.labeledshapeattributeval",
  "pk": 26,
  "fields": {
    "spec": 13,
    "value": "yy",
    "shape": 76
  }
},
{
  "model": "engine.labeledshapeattributeval",
  "pk": 27,
  "fields": {
    "spec": 14,
    "value": "1",
    "shape": 76
  }
},
{
  "model": "engine.labeledshapeattributeval",
  "pk": 28,
  "fields": {
    "spec": 13,
    "value": "yy",
    "shape": 77
  }
},
{
  "model": "engine.labeledshapeattributeval",
  "pk": 29,
  "fields": {
    "spec": 14,
    "value": "1",
    "shape": 77
  }
},
{
  "model": "engine.labeledshapeattributeval",
  "pk": 30,
  "fields": {
    "spec": 13,
    "value": "yy",
    "shape": 78
  }
},
{
  "model": "engine.labeledshapeattributeval",
  "pk": 31,
  "fields": {
    "spec": 14,
    "value": "1",
    "shape": 78
  }
},
{
  "model": "engine.labeledshapeattributeval",
  "pk": 32,
  "fields": {
    "spec": 13,
    "value": "yy",
    "shape": 79
  }
},
{
  "model": "engine.labeledshapeattributeval",
  "pk": 33,
  "fields": {
    "spec": 14,
    "value": "1",
    "shape": 79
  }
},
{
  "model": "engine.labeledshapeattributeval",
  "pk": 34,
  "fields": {
    "spec": 13,
    "value": "yy",
    "shape": 80
  }
},
{
  "model": "engine.labeledshapeattributeval",
  "pk": 35,
  "fields": {
    "spec": 14,
    "value": "1",
    "shape": 80
  }
},
{
  "model": "engine.labeledshapeattributeval",
  "pk": 36,
  "fields": {
    "spec": 13,
    "value": "yy",
    "shape": 81
  }
},
{
  "model": "engine.labeledshapeattributeval",
  "pk": 37,
  "fields": {
    "spec": 14,
    "value": "1",
    "shape": 81
  }
},
{
  "model": "engine.labeledshapeattributeval",
  "pk": 38,
  "fields": {
    "spec": 13,
    "value": "yy",
    "shape": 82
  }
},
{
  "model": "engine.labeledshapeattributeval",
  "pk": 39,
  "fields": {
    "spec": 14,
    "value": "1",
    "shape": 82
  }
},
{
  "model": "engine.labeledshapeattributeval",
  "pk": 40,
  "fields": {
    "spec": 13,
    "value": "yy",
    "shape": 83
  }
},
{
  "model": "engine.labeledshapeattributeval",
  "pk": 41,
  "fields": {
    "spec": 14,
    "value": "1",
    "shape": 83
  }
},
{
  "model": "engine.labeledshapeattributeval",
  "pk": 42,
  "fields": {
    "spec": 13,
    "value": "yy",
    "shape": 84
  }
},
{
  "model": "engine.labeledshapeattributeval",
  "pk": 43,
  "fields": {
    "spec": 14,
    "value": "1",
    "shape": 84
  }
},
{
  "model": "engine.labeledshapeattributeval",
  "pk": 44,
  "fields": {
    "spec": 13,
    "value": "yy",
    "shape": 85
  }
},
{
  "model": "engine.labeledshapeattributeval",
  "pk": 45,
  "fields": {
    "spec": 14,
    "value": "1",
    "shape": 85
  }
},
{
  "model": "engine.labeledshapeattributeval",
  "pk": 46,
  "fields": {
    "spec": 13,
    "value": "yy",
    "shape": 86
  }
},
{
  "model": "engine.labeledshapeattributeval",
  "pk": 47,
  "fields": {
    "spec": 14,
    "value": "1",
    "shape": 86
  }
},
{
  "model": "engine.labeledshapeattributeval",
  "pk": 48,
  "fields": {
    "spec": 13,
    "value": "yy",
    "shape": 87
  }
},
{
  "model": "engine.labeledshapeattributeval",
  "pk": 49,
  "fields": {
    "spec": 14,
    "value": "1",
    "shape": 87
  }
},
{
  "model": "engine.labeledshapeattributeval",
  "pk": 50,
  "fields": {
    "spec": 13,
    "value": "yy",
    "shape": 88
  }
},
{
  "model": "engine.labeledshapeattributeval",
  "pk": 51,
  "fields": {
    "spec": 14,
    "value": "1",
    "shape": 88
  }
},
{
  "model": "engine.labeledshapeattributeval",
  "pk": 52,
  "fields": {
    "spec": 13,
    "value": "yy",
    "shape": 90
  }
},
{
  "model": "engine.labeledshapeattributeval",
  "pk": 53,
  "fields": {
    "spec": 14,
    "value": "1",
    "shape": 90
  }
},
{
  "model": "engine.labeledshapeattributeval",
  "pk": 54,
  "fields": {
    "spec": 13,
    "value": "yy",
    "shape": 91
  }
},
{
  "model": "engine.labeledshapeattributeval",
  "pk": 55,
  "fields": {
    "spec": 14,
    "value": "1",
    "shape": 91
  }
},
{
  "model": "engine.labeledshapeattributeval",
  "pk": 56,
  "fields": {
    "spec": 13,
    "value": "yy",
    "shape": 93
  }
},
{
  "model": "engine.labeledshapeattributeval",
  "pk": 57,
  "fields": {
    "spec": 14,
    "value": "1",
    "shape": 93
  }
},
{
  "model": "engine.labeledshapeattributeval",
  "pk": 58,
  "fields": {
    "spec": 13,
    "value": "yy",
    "shape": 94
  }
},
{
  "model": "engine.labeledshapeattributeval",
  "pk": 59,
  "fields": {
    "spec": 14,
    "value": "1",
    "shape": 94
  }
},
{
  "model": "engine.labeledshapeattributeval",
  "pk": 60,
  "fields": {
    "spec": 13,
    "value": "yy",
    "shape": 95
  }
},
{
  "model": "engine.labeledshapeattributeval",
  "pk": 61,
  "fields": {
    "spec": 14,
    "value": "1",
    "shape": 95
  }
},
{
  "model": "engine.labeledshapeattributeval",
  "pk": 62,
  "fields": {
    "spec": 13,
    "value": "yy",
    "shape": 96
  }
},
{
  "model": "engine.labeledshapeattributeval",
  "pk": 63,
  "fields": {
    "spec": 14,
    "value": "1",
    "shape": 96
  }
},
{
  "model": "engine.labeledshapeattributeval",
  "pk": 64,
  "fields": {
    "spec": 13,
    "value": "yy",
    "shape": 98
  }
},
{
  "model": "engine.labeledshapeattributeval",
  "pk": 65,
  "fields": {
    "spec": 14,
    "value": "1",
    "shape": 98
  }
},
{
  "model": "engine.labeledshapeattributeval",
  "pk": 66,
  "fields": {
    "spec": 13,
    "value": "yy",
    "shape": 99
  }
},
{
  "model": "engine.labeledshapeattributeval",
  "pk": 67,
  "fields": {
    "spec": 14,
    "value": "1",
    "shape": 99
  }
},
{
  "model": "engine.labeledshapeattributeval",
  "pk": 68,
  "fields": {
    "spec": 13,
    "value": "yy",
    "shape": 100
  }
},
{
  "model": "engine.labeledshapeattributeval",
  "pk": 69,
  "fields": {
    "spec": 14,
    "value": "1",
    "shape": 100
  }
},
{
  "model": "engine.labeledshapeattributeval",
  "pk": 70,
  "fields": {
    "spec": 13,
    "value": "yy",
    "shape": 101
  }
},
{
  "model": "engine.labeledshapeattributeval",
  "pk": 71,
  "fields": {
    "spec": 14,
    "value": "1",
    "shape": 101
  }
},
{
  "model": "engine.labeledshapeattributeval",
  "pk": 72,
  "fields": {
    "spec": 13,
    "value": "yy",
    "shape": 102
  }
},
{
  "model": "engine.labeledshapeattributeval",
  "pk": 73,
  "fields": {
    "spec": 14,
    "value": "1",
    "shape": 102
  }
},
{
  "model": "engine.labeledshapeattributeval",
  "pk": 74,
  "fields": {
    "spec": 13,
    "value": "yy",
    "shape": 103
  }
},
{
  "model": "engine.labeledshapeattributeval",
  "pk": 75,
  "fields": {
    "spec": 14,
    "value": "1",
    "shape": 103
  }
},
{
  "model": "engine.labeledshapeattributeval",
  "pk": 76,
  "fields": {
    "spec": 13,
    "value": "yy",
    "shape": 104
  }
},
{
  "model": "engine.labeledshapeattributeval",
  "pk": 77,
  "fields": {
    "spec": 14,
    "value": "1",
    "shape": 104
  }
},
{
  "model": "engine.labeledshapeattributeval",
  "pk": 78,
  "fields": {
    "spec": 13,
    "value": "yy",
    "shape": 105
  }
},
{
  "model": "engine.labeledshapeattributeval",
  "pk": 79,
  "fields": {
    "spec": 14,
    "value": "1",
    "shape": 105
  }
},
{
  "model": "engine.labeledshapeattributeval",
  "pk": 80,
  "fields": {
    "spec": 13,
    "value": "yy",
    "shape": 106
  }
},
{
  "model": "engine.labeledshapeattributeval",
  "pk": 81,
  "fields": {
    "spec": 14,
    "value": "1",
    "shape": 106
  }
},
{
  "model": "engine.labeledshapeattributeval",
  "pk": 82,
  "fields": {
    "spec": 13,
    "value": "yy",
    "shape": 107
  }
},
{
  "model": "engine.labeledshapeattributeval",
  "pk": 83,
  "fields": {
    "spec": 14,
    "value": "1",
    "shape": 107
  }
},
{
  "model": "engine.labeledshapeattributeval",
  "pk": 84,
  "fields": {
    "spec": 13,
    "value": "yy",
    "shape": 108
  }
},
{
  "model": "engine.labeledshapeattributeval",
  "pk": 85,
  "fields": {
    "spec": 14,
    "value": "1",
    "shape": 108
  }
},
{
  "model": "engine.labeledshapeattributeval",
  "pk": 86,
  "fields": {
    "spec": 13,
    "value": "yy",
    "shape": 109
  }
},
{
  "model": "engine.labeledshapeattributeval",
  "pk": 87,
  "fields": {
    "spec": 14,
    "value": "1",
    "shape": 109
  }
},
{
  "model": "engine.labeledshapeattributeval",
  "pk": 88,
  "fields": {
    "spec": 13,
    "value": "yy",
    "shape": 110
  }
},
{
  "model": "engine.labeledshapeattributeval",
  "pk": 89,
  "fields": {
    "spec": 14,
    "value": "1",
    "shape": 110
  }
},
{
  "model": "engine.labeledshapeattributeval",
  "pk": 90,
  "fields": {
    "spec": 13,
    "value": "yy",
    "shape": 111
  }
},
{
  "model": "engine.labeledshapeattributeval",
  "pk": 91,
  "fields": {
    "spec": 14,
    "value": "1",
    "shape": 111
  }
},
{
  "model": "engine.labeledshapeattributeval",
  "pk": 92,
  "fields": {
    "spec": 13,
    "value": "yy",
    "shape": 112
  }
},
{
  "model": "engine.labeledshapeattributeval",
  "pk": 93,
  "fields": {
    "spec": 14,
    "value": "1",
    "shape": 112
  }
},
{
  "model": "engine.labeledshapeattributeval",
  "pk": 94,
  "fields": {
    "spec": 13,
    "value": "yy",
    "shape": 113
  }
},
{
  "model": "engine.labeledshapeattributeval",
  "pk": 95,
  "fields": {
    "spec": 14,
    "value": "1",
    "shape": 113
  }
},
{
  "model": "engine.labeledshapeattributeval",
  "pk": 96,
  "fields": {
    "spec": 13,
    "value": "yy",
    "shape": 114
  }
},
{
  "model": "engine.labeledshapeattributeval",
  "pk": 97,
  "fields": {
    "spec": 14,
    "value": "1",
    "shape": 114
  }
},
{
  "model": "engine.labeledshapeattributeval",
  "pk": 98,
  "fields": {
    "spec": 13,
    "value": "yy",
    "shape": 115
  }
},
{
  "model": "engine.labeledshapeattributeval",
  "pk": 99,
  "fields": {
    "spec": 14,
    "value": "1",
    "shape": 115
  }
},
{
  "model": "engine.labeledshapeattributeval",
  "pk": 100,
  "fields": {
    "spec": 13,
    "value": "yy",
    "shape": 116
  }
},
{
  "model": "engine.labeledshapeattributeval",
  "pk": 101,
  "fields": {
    "spec": 14,
    "value": "1",
    "shape": 116
  }
},
{
  "model": "engine.labeledshapeattributeval",
  "pk": 102,
  "fields": {
    "spec": 13,
    "value": "yy",
    "shape": 117
  }
},
{
  "model": "engine.labeledshapeattributeval",
  "pk": 103,
  "fields": {
    "spec": 14,
    "value": "1",
    "shape": 117
  }
},
{
  "model": "engine.labeledshapeattributeval",
  "pk": 104,
  "fields": {
    "spec": 13,
    "value": "yy",
    "shape": 118
  }
},
{
  "model": "engine.labeledshapeattributeval",
  "pk": 105,
  "fields": {
    "spec": 14,
    "value": "1",
    "shape": 118
  }
},
{
  "model": "engine.labeledshapeattributeval",
  "pk": 106,
  "fields": {
    "spec": 13,
    "value": "yy",
    "shape": 119
  }
},
{
  "model": "engine.labeledshapeattributeval",
  "pk": 107,
  "fields": {
    "spec": 14,
    "value": "1",
    "shape": 119
  }
},
{
  "model": "engine.labeledshapeattributeval",
  "pk": 108,
  "fields": {
    "spec": 13,
    "value": "yy",
    "shape": 120
  }
},
{
  "model": "engine.labeledshapeattributeval",
  "pk": 109,
  "fields": {
    "spec": 14,
    "value": "1",
    "shape": 120
  }
},
{
  "model": "engine.labeledshapeattributeval",
  "pk": 110,
  "fields": {
    "spec": 13,
    "value": "yy",
    "shape": 121
  }
},
{
  "model": "engine.labeledshapeattributeval",
  "pk": 111,
  "fields": {
    "spec": 14,
    "value": "1",
    "shape": 121
  }
},
{
  "model": "engine.labeledshapeattributeval",
  "pk": 112,
  "fields": {
    "spec": 13,
    "value": "yy",
    "shape": 123
  }
},
{
  "model": "engine.labeledshapeattributeval",
  "pk": 113,
  "fields": {
    "spec": 14,
    "value": "1",
    "shape": 123
  }
},
{
  "model": "engine.labeledshapeattributeval",
  "pk": 114,
  "fields": {
    "spec": 13,
    "value": "yy",
    "shape": 124
  }
},
{
  "model": "engine.labeledshapeattributeval",
  "pk": 115,
  "fields": {
    "spec": 14,
    "value": "1",
    "shape": 124
  }
},
{
  "model": "engine.labeledshapeattributeval",
  "pk": 116,
  "fields": {
    "spec": 13,
    "value": "yy",
    "shape": 125
  }
},
{
  "model": "engine.labeledshapeattributeval",
  "pk": 117,
  "fields": {
    "spec": 14,
    "value": "1",
    "shape": 125
  }
},
{
  "model": "engine.labeledshapeattributeval",
  "pk": 118,
  "fields": {
    "spec": 13,
    "value": "yy",
    "shape": 126
  }
},
{
  "model": "engine.labeledshapeattributeval",
  "pk": 119,
  "fields": {
    "spec": 14,
    "value": "1",
    "shape": 126
  }
},
{
  "model": "engine.labeledshapeattributeval",
  "pk": 120,
  "fields": {
    "spec": 13,
    "value": "yy",
    "shape": 127
  }
},
{
  "model": "engine.labeledshapeattributeval",
  "pk": 121,
  "fields": {
    "spec": 14,
    "value": "1",
    "shape": 127
  }
},
{
  "model": "engine.labeledshapeattributeval",
  "pk": 122,
  "fields": {
    "spec": 13,
    "value": "yy",
    "shape": 128
  }
},
{
  "model": "engine.labeledshapeattributeval",
  "pk": 123,
  "fields": {
    "spec": 14,
    "value": "1",
    "shape": 128
  }
},
{
  "model": "engine.labeledshapeattributeval",
  "pk": 124,
  "fields": {
    "spec": 13,
    "value": "yy",
    "shape": 129
  }
},
{
  "model": "engine.labeledshapeattributeval",
  "pk": 125,
  "fields": {
    "spec": 14,
    "value": "1",
    "shape": 129
  }
},
{
  "model": "engine.labeledshapeattributeval",
  "pk": 126,
  "fields": {
    "spec": 13,
    "value": "yy",
    "shape": 130
  }
},
{
  "model": "engine.labeledshapeattributeval",
  "pk": 127,
  "fields": {
    "spec": 14,
    "value": "1",
    "shape": 130
  }
},
{
  "model": "engine.labeledshapeattributeval",
  "pk": 128,
  "fields": {
    "spec": 15,
    "value": "j1 frame1 n1",
    "shape": 169
  }
},
{
  "model": "engine.labeledshapeattributeval",
  "pk": 129,
  "fields": {
    "spec": 15,
    "value": "j1 frame2 n1",
    "shape": 170
  }
},
{
  "model": "engine.labeledshapeattributeval",
  "pk": 130,
  "fields": {
    "spec": 15,
    "value": "j1 frame2 n2",
    "shape": 171
  }
},
{
  "model": "engine.labeledshapeattributeval",
  "pk": 131,
  "fields": {
    "spec": 15,
    "value": "j1 frame6 n1",
    "shape": 172
  }
},
{
  "model": "engine.labeledshapeattributeval",
  "pk": 132,
  "fields": {
    "spec": 15,
    "value": "j2 frame1 n1",
    "shape": 173
  }
},
{
  "model": "engine.labeledshapeattributeval",
  "pk": 133,
  "fields": {
    "spec": 15,
    "value": "j2 frame1 n2",
    "shape": 174
  }
},
{
  "model": "engine.labeledshapeattributeval",
  "pk": 134,
  "fields": {
    "spec": 15,
    "value": "j2 frame2 n1",
    "shape": 175
  }
},
{
  "model": "engine.labeledshapeattributeval",
  "pk": 135,
  "fields": {
    "spec": 15,
    "value": "j2 frame2 n2",
    "shape": 176
  }
},
{
  "model": "engine.labeledshapeattributeval",
  "pk": 136,
  "fields": {
    "spec": 15,
    "value": "j2 frame5 n1",
    "shape": 177
  }
},
{
  "model": "engine.labeledshapeattributeval",
  "pk": 137,
  "fields": {
    "spec": 15,
    "value": "j3 frame1 n1",
    "shape": 178
  }
},
{
  "model": "engine.labeledshapeattributeval",
  "pk": 138,
  "fields": {
    "spec": 15,
    "value": "j3 frame2 n1",
    "shape": 179
  }
},
{
  "model": "engine.labeledshapeattributeval",
  "pk": 139,
  "fields": {
    "spec": 15,
    "value": "j3 frame5 n1",
    "shape": 180
  }
},
{
  "model": "engine.labeledshapeattributeval",
  "pk": 140,
  "fields": {
    "spec": 15,
    "value": "j3 frame5 n2",
    "shape": 181
  }
},
{
  "model": "engine.labeledshapeattributeval",
  "pk": 141,
  "fields": {
    "spec": 15,
    "value": "j3 frame6 n1",
    "shape": 182
  }
},
{
  "model": "engine.labeledshapeattributeval",
  "pk": 142,
  "fields": {
    "spec": 15,
    "value": "j3 frame7 n1",
    "shape": 183
  }
},
{
  "model": "engine.labeledshapeattributeval",
  "pk": 143,
  "fields": {
    "spec": 15,
    "value": "j3 frame7 n2",
    "shape": 184
  }
},
{
  "model": "engine.labeledshapeattributeval",
  "pk": 144,
  "fields": {
    "spec": 15,
    "value": "gt frame1 n1",
    "shape": 185
  }
},
{
  "model": "engine.labeledshapeattributeval",
  "pk": 145,
  "fields": {
    "spec": 15,
    "value": "gt frame2 n2",
    "shape": 186
  }
},
{
  "model": "engine.labeledshapeattributeval",
  "pk": 147,
  "fields": {
    "spec": 15,
    "value": "gt frame3 n1",
    "shape": 188
  }
},
{
  "model": "engine.labeledshapeattributeval",
  "pk": 148,
  "fields": {
    "spec": 15,
    "value": "gt frame5 n1",
    "shape": 189
  }
},
{
  "model": "engine.labeledshapeattributeval",
  "pk": 149,
  "fields": {
    "spec": 15,
    "value": "gt frame5 n2",
    "shape": 190
  }
},
{
  "model": "engine.labeledshapeattributeval",
  "pk": 150,
  "fields": {
    "spec": 15,
    "value": "gt frame2 n1",
    "shape": 187
  }
},
{
  "model": "engine.labeledshapeattributeval",
  "pk": 151,
  "fields": {
    "spec": 16,
    "value": "gt job frame 1 (32) ann 1",
    "shape": 191
  }
},
{
  "model": "engine.labeledshapeattributeval",
  "pk": 152,
  "fields": {
    "spec": 16,
    "value": "gt job frame 1 (32) ann 2",
    "shape": 192
  }
},
{
  "model": "engine.labeledshapeattributeval",
  "pk": 153,
  "fields": {
    "spec": 16,
    "value": "gt job frame 2 (35) ann 1",
    "shape": 193
  }
},
{
  "model": "engine.labeledshapeattributeval",
  "pk": 155,
  "fields": {
    "spec": 16,
    "value": "j2 r1 frame 1 (35) ann 1",
    "shape": 195
  }
},
{
  "model": "engine.labeledshapeattributeval",
  "pk": 156,
  "fields": {
    "spec": 16,
    "value": "j2 r1 frame 1 (35) ann 2",
    "shape": 196
  }
},
{
  "model": "engine.labeledshapeattributeval",
  "pk": 157,
  "fields": {
    "spec": 16,
    "value": "j2 frame 2 (32) ann 1",
    "shape": 194
  }
},
{
  "model": "engine.labeledshapeattributeval",
  "pk": 158,
  "fields": {
    "spec": 16,
    "value": "j2 r3 frame 1 (35) ann 1",
    "shape": 197
  }
},
{
  "model": "engine.labeledshapeattributeval",
  "pk": 159,
  "fields": {
    "spec": 16,
    "value": "j2 r3 frame 1 (35) ann 2",
    "shape": 198
  }
},
{
  "model": "engine.labeledshapeattributeval",
  "pk": 160,
  "fields": {
    "spec": 16,
    "value": "j1 frame 1 (32) ann 1",
    "shape": 199
  }
},
{
  "model": "engine.labeledshapeattributeval",
  "pk": 161,
  "fields": {
    "spec": 16,
    "value": "j1 r1 frame 1 (32) ann 1",
    "shape": 200
  }
},
{
  "model": "engine.labeledtrack",
  "pk": 1,
  "fields": {
    "job": 18,
    "label": 22,
    "frame": 0,
    "group": 0,
    "source": "manual",
    "parent": null
  }
},
{
  "model": "engine.labeledtrack",
  "pk": 2,
  "fields": {
    "job": 18,
    "label": 23,
    "frame": 0,
    "group": 0,
    "source": "manual",
    "parent": 1
  }
},
{
  "model": "engine.labeledtrack",
  "pk": 3,
  "fields": {
    "job": 18,
    "label": 24,
    "frame": 0,
    "group": 0,
    "source": "manual",
    "parent": 1
  }
},
{
  "model": "engine.labeledtrack",
  "pk": 4,
  "fields": {
    "job": 18,
    "label": 25,
    "frame": 0,
    "group": 0,
    "source": "manual",
    "parent": 1
  }
},
{
  "model": "engine.labeledtrack",
  "pk": 5,
  "fields": {
    "job": 18,
    "label": 26,
    "frame": 0,
    "group": 0,
    "source": "manual",
    "parent": 1
  }
},
{
  "model": "engine.labeledtrack",
  "pk": 6,
  "fields": {
    "job": 25,
    "label": 58,
    "frame": 0,
    "group": 0,
    "source": "manual",
    "parent": null
  }
},
{
  "model": "engine.labeledtrack",
  "pk": 7,
  "fields": {
    "job": 25,
    "label": 59,
    "frame": 0,
    "group": 0,
    "source": "manual",
    "parent": 6
  }
},
{
  "model": "engine.labeledtrack",
  "pk": 8,
  "fields": {
    "job": 25,
    "label": 60,
    "frame": 0,
    "group": 0,
    "source": "manual",
    "parent": 6
  }
},
{
  "model": "engine.labeledtrack",
  "pk": 9,
  "fields": {
    "job": 25,
    "label": 61,
    "frame": 0,
    "group": 0,
    "source": "manual",
    "parent": 6
  }
},
{
  "model": "engine.labeledtrack",
  "pk": 10,
  "fields": {
    "job": 25,
    "label": 62,
    "frame": 0,
    "group": 0,
    "source": "manual",
    "parent": 6
  }
},
{
  "model": "engine.labeledtrack",
  "pk": 11,
  "fields": {
    "job": 26,
    "label": 58,
    "frame": 6,
    "group": 0,
    "source": "manual",
    "parent": null
  }
},
{
  "model": "engine.labeledtrack",
  "pk": 12,
  "fields": {
    "job": 26,
    "label": 59,
    "frame": 6,
    "group": 0,
    "source": "manual",
    "parent": 11
  }
},
{
  "model": "engine.labeledtrack",
  "pk": 13,
  "fields": {
    "job": 26,
    "label": 60,
    "frame": 6,
    "group": 0,
    "source": "manual",
    "parent": 11
  }
},
{
  "model": "engine.labeledtrack",
  "pk": 14,
  "fields": {
    "job": 26,
    "label": 61,
    "frame": 6,
    "group": 0,
    "source": "manual",
    "parent": 11
  }
},
{
  "model": "engine.labeledtrack",
  "pk": 15,
  "fields": {
    "job": 26,
    "label": 62,
    "frame": 6,
    "group": 0,
    "source": "manual",
    "parent": 11
  }
},
{
  "model": "engine.labeledtrackattributeval",
  "pk": 3,
  "fields": {
    "spec": 2,
    "value": "white",
    "track": 1
  }
},
{
  "model": "engine.labeledtrackattributeval",
  "pk": 4,
  "fields": {
    "spec": 3,
    "value": "val1",
    "track": 4
  }
},
{
  "model": "engine.trackedshape",
  "pk": 1,
  "fields": {
    "type": "skeleton",
    "occluded": false,
    "outside": false,
    "z_order": 0,
    "points": "[]",
    "rotation": 0.0,
    "track": 1,
    "frame": 0
  }
},
{
  "model": "engine.trackedshape",
  "pk": 2,
  "fields": {
    "type": "points",
    "occluded": false,
    "outside": false,
    "z_order": 0,
    "points": "381.9130434782637, 355.0592829431864",
    "rotation": 0.0,
    "track": 2,
    "frame": 0
  }
},
{
  "model": "engine.trackedshape",
  "pk": 3,
  "fields": {
    "type": "points",
    "occluded": false,
    "outside": false,
    "z_order": 0,
    "points": "461.9389738212561, 583.320176176868",
    "rotation": 0.0,
    "track": 3,
    "frame": 0
  }
},
{
  "model": "engine.trackedshape",
  "pk": 4,
  "fields": {
    "type": "points",
    "occluded": false,
    "outside": false,
    "z_order": 0,
    "points": "655.6465767436227, 281.7391304347839",
    "rotation": 0.0,
    "track": 4,
    "frame": 0
  }
},
{
  "model": "engine.trackedshape",
  "pk": 5,
  "fields": {
    "type": "points",
    "occluded": false,
    "outside": false,
    "z_order": 0,
    "points": "708.000000000003, 586.0869565217404",
    "rotation": 0.0,
    "track": 5,
    "frame": 0
  }
},
{
  "model": "engine.trackedshape",
  "pk": 6,
  "fields": {
    "type": "points",
    "occluded": false,
    "outside": false,
    "z_order": 0,
    "points": "137.0966796875, 156.11214469590232",
    "rotation": 0.0,
    "track": 2,
    "frame": 3
  }
},
{
  "model": "engine.trackedshape",
  "pk": 7,
  "fields": {
    "type": "points",
    "occluded": false,
    "outside": false,
    "z_order": 0,
    "points": "217.12261003049207, 384.3730379295848",
    "rotation": 0.0,
    "track": 3,
    "frame": 3
  }
},
{
  "model": "engine.trackedshape",
  "pk": 8,
  "fields": {
    "type": "points",
    "occluded": false,
    "outside": false,
    "z_order": 0,
    "points": "410.83021295285835, 82.7919921875",
    "rotation": 0.0,
    "track": 4,
    "frame": 3
  }
},
{
  "model": "engine.trackedshape",
  "pk": 9,
  "fields": {
    "type": "points",
    "occluded": false,
    "outside": false,
    "z_order": 0,
    "points": "463.1836362092399, 387.13981827445605",
    "rotation": 0.0,
    "track": 5,
    "frame": 3
  }
},
{
  "model": "engine.trackedshape",
  "pk": 10,
  "fields": {
    "type": "skeleton",
    "occluded": false,
    "outside": false,
    "z_order": 0,
    "points": "[]",
    "rotation": 0.0,
    "track": 6,
    "frame": 0
  }
},
{
  "model": "engine.trackedshape",
  "pk": 11,
  "fields": {
    "type": "points",
    "occluded": false,
    "outside": true,
    "z_order": 0,
    "points": "230.39103314621025, 149.98846070356873",
    "rotation": 0.0,
    "track": 7,
    "frame": 0
  }
},
{
  "model": "engine.trackedshape",
  "pk": 12,
  "fields": {
    "type": "points",
    "occluded": false,
    "outside": false,
    "z_order": 0,
    "points": "230.39103314621025, 149.98846070356873",
    "rotation": 0.0,
    "track": 7,
    "frame": 3
  }
},
{
  "model": "engine.trackedshape",
  "pk": 13,
  "fields": {
    "type": "points",
    "occluded": false,
    "outside": false,
    "z_order": 0,
    "points": "292.80597636674844, 284.1818841927473",
    "rotation": 0.0,
    "track": 8,
    "frame": 0
  }
},
{
  "model": "engine.trackedshape",
  "pk": 14,
  "fields": {
    "type": "points",
    "occluded": false,
    "outside": false,
    "z_order": 0,
    "points": "377.016603158851, 94.95407858346152",
    "rotation": 0.0,
    "track": 9,
    "frame": 0
  }
},
{
  "model": "engine.trackedshape",
  "pk": 15,
  "fields": {
    "type": "points",
    "occluded": false,
    "outside": false,
    "z_order": 0,
    "points": "499.86507710826913, 316.59939612801213",
    "rotation": 0.0,
    "track": 10,
    "frame": 0
  }
},
{
  "model": "engine.trackedshape",
  "pk": 16,
  "fields": {
    "type": "skeleton",
    "occluded": false,
    "outside": false,
    "z_order": 0,
    "points": "[]",
    "rotation": 0.0,
    "track": 11,
    "frame": 6
  }
},
{
  "model": "engine.trackedshape",
  "pk": 17,
  "fields": {
    "type": "points",
    "occluded": false,
    "outside": false,
    "z_order": 0,
    "points": "92.95325643333308, 129.2954675940839",
    "rotation": 0.0,
    "track": 12,
    "frame": 6
  }
},
{
  "model": "engine.trackedshape",
  "pk": 18,
  "fields": {
    "type": "points",
    "occluded": false,
    "outside": false,
    "z_order": 0,
    "points": "133.81649280769233, 195.4883603907146",
    "rotation": 0.0,
    "track": 13,
    "frame": 6
  }
},
{
  "model": "engine.trackedshape",
  "pk": 19,
  "fields": {
    "type": "points",
    "occluded": false,
    "outside": false,
    "z_order": 0,
    "points": "188.94942364574058, 102.14894385926891",
    "rotation": 0.0,
    "track": 14,
    "frame": 6
  }
},
{
  "model": "engine.trackedshape",
  "pk": 20,
  "fields": {
    "type": "points",
    "occluded": false,
    "outside": false,
    "z_order": 0,
    "points": "269.3786601426267, 211.47877807640333",
    "rotation": 0.0,
    "track": 15,
    "frame": 6
  }
},
{
  "model": "engine.profile",
  "pk": 1,
  "fields": {
    "user": [
      "admin1"
    ],
    "rating": 0.0,
    "has_analytics_access": true
  }
},
{
  "model": "engine.profile",
  "pk": 2,
  "fields": {
    "user": [
      "user1"
    ],
    "rating": 0.0,
    "has_analytics_access": false
  }
},
{
  "model": "engine.profile",
  "pk": 3,
  "fields": {
    "user": [
      "user2"
    ],
    "rating": 0.0,
    "has_analytics_access": false
  }
},
{
  "model": "engine.profile",
  "pk": 4,
  "fields": {
    "user": [
      "user3"
    ],
    "rating": 0.0,
    "has_analytics_access": false
  }
},
{
  "model": "engine.profile",
  "pk": 5,
  "fields": {
    "user": [
      "user4"
    ],
    "rating": 0.0,
    "has_analytics_access": true
  }
},
{
  "model": "engine.profile",
  "pk": 6,
  "fields": {
    "user": [
      "worker1"
    ],
    "rating": 0.0,
    "has_analytics_access": false
  }
},
{
  "model": "engine.profile",
  "pk": 7,
  "fields": {
    "user": [
      "worker2"
    ],
    "rating": 0.0,
    "has_analytics_access": false
  }
},
{
  "model": "engine.profile",
  "pk": 8,
  "fields": {
    "user": [
      "worker3"
    ],
    "rating": 0.0,
    "has_analytics_access": false
  }
},
{
  "model": "engine.profile",
  "pk": 9,
  "fields": {
    "user": [
      "worker4"
    ],
    "rating": 0.0,
    "has_analytics_access": true
  }
},
{
  "model": "engine.profile",
  "pk": 10,
  "fields": {
    "user": [
      "user7"
    ],
    "rating": 0.0,
    "has_analytics_access": false
  }
},
{
  "model": "engine.profile",
  "pk": 11,
  "fields": {
    "user": [
      "user8"
    ],
    "rating": 0.0,
    "has_analytics_access": false
  }
},
{
  "model": "engine.profile",
  "pk": 12,
  "fields": {
    "user": [
      "user9"
    ],
    "rating": 0.0,
    "has_analytics_access": false
  }
},
{
  "model": "engine.profile",
  "pk": 13,
  "fields": {
    "user": [
      "user10"
    ],
    "rating": 0.0,
    "has_analytics_access": false
  }
},
{
  "model": "engine.profile",
  "pk": 14,
  "fields": {
    "user": [
      "dummy1"
    ],
    "rating": 0.0,
    "has_analytics_access": false
  }
},
{
  "model": "engine.profile",
  "pk": 15,
  "fields": {
    "user": [
      "dummy2"
    ],
    "rating": 0.0,
    "has_analytics_access": false
  }
},
{
  "model": "engine.profile",
  "pk": 16,
  "fields": {
    "user": [
      "dummy3"
    ],
    "rating": 0.0,
    "has_analytics_access": false
  }
},
{
  "model": "engine.profile",
  "pk": 17,
  "fields": {
    "user": [
      "dummy4"
    ],
    "rating": 0.0,
    "has_analytics_access": false
  }
},
{
  "model": "engine.profile",
  "pk": 18,
  "fields": {
    "user": [
      "admin2"
    ],
    "rating": 0.0,
    "has_analytics_access": true
  }
},
{
  "model": "engine.profile",
  "pk": 19,
  "fields": {
    "user": [
      "user5"
    ],
    "rating": 0.0,
    "has_analytics_access": false
  }
},
{
  "model": "engine.profile",
  "pk": 20,
  "fields": {
    "user": [
      "user6"
    ],
    "rating": 0.0,
    "has_analytics_access": false
  }
},
{
  "model": "engine.profile",
  "pk": 21,
  "fields": {
    "user": [
      "lonely_user"
    ],
    "rating": 0.0,
    "has_analytics_access": false
  }
},
{
  "model": "engine.issue",
  "pk": 1,
  "fields": {
    "created_date": "2022-03-16T11:04:39.444Z",
    "updated_date": "2022-03-16T11:04:39.444Z",
    "frame": 0,
    "position": "244.58581235698148, 319.63386727689067, 326.9656750572103, 192.76887871853796, 543.6247139588122, 175.4691075514893, 835.2494279176244, 360.0000000000018, 609.5286041189956, 586.544622425632, 364.0361328125, 528.87890625, 244.58581235698148, 319.63386727689067",
    "job": 7,
    "owner": [
      "user1"
    ],
    "assignee": null,
    "resolved": true
  }
},
{
  "model": "engine.issue",
  "pk": 2,
  "fields": {
    "created_date": "2022-03-16T11:07:22.170Z",
    "updated_date": "2022-03-16T11:07:22.170Z",
    "frame": 0,
    "position": "98.48046875, 696.72265625, 326.1220703125, 841.5859375",
    "job": 9,
    "owner": [
      "user8"
    ],
    "assignee": null,
    "resolved": false
  }
},
{
  "model": "engine.issue",
  "pk": 3,
  "fields": {
    "created_date": "2022-03-16T11:08:18.367Z",
    "updated_date": "2022-03-16T11:08:18.367Z",
    "frame": 5,
    "position": "108.1845703125, 235.0, 720.0087890625, 703.3505859375",
    "job": 16,
    "owner": [
      "user8"
    ],
    "assignee": null,
    "resolved": false
  }
},
{
  "model": "engine.issue",
  "pk": 4,
  "fields": {
    "created_date": "2022-03-16T12:40:00.764Z",
    "updated_date": "2022-03-16T12:40:00.764Z",
    "frame": 5,
    "position": "295.36328125, 243.6044921875, 932.23046875, 561.4921875",
    "job": 10,
    "owner": [
      "user1"
    ],
    "assignee": [
      "user1"
    ],
    "resolved": false
  }
},
{
  "model": "engine.issue",
  "pk": 5,
  "fields": {
    "created_date": "2022-03-16T12:49:29.369Z",
    "updated_date": "2022-03-16T12:49:29.369Z",
    "frame": 0,
    "position": "65.6189987163034, 100.96585365853753, 142.12734274711147, 362.6243902439037",
    "job": 11,
    "owner": [
      "user6"
    ],
    "assignee": null,
    "resolved": false
  }
},
{
  "model": "engine.comment",
  "pk": 1,
  "fields": {
    "created_date": "2022-03-16T11:04:39.447Z",
    "updated_date": "2022-03-16T11:04:39.447Z",
    "issue": 1,
    "owner": [
      "user1"
    ],
    "message": "Why are we still here?"
  }
},
{
  "model": "engine.comment",
  "pk": 2,
  "fields": {
    "created_date": "2022-03-16T11:04:49.821Z",
    "updated_date": "2022-03-16T11:04:49.821Z",
    "issue": 1,
    "owner": [
      "user1"
    ],
    "message": "Just to suffer?"
  }
},
{
  "model": "engine.comment",
  "pk": 3,
  "fields": {
    "created_date": "2022-03-16T11:07:22.173Z",
    "updated_date": "2022-03-16T11:07:22.173Z",
    "issue": 2,
    "owner": [
      "user8"
    ],
    "message": "Something should be here"
  }
},
{
  "model": "engine.comment",
  "pk": 4,
  "fields": {
    "created_date": "2022-03-16T11:08:18.370Z",
    "updated_date": "2022-03-16T11:08:18.370Z",
    "issue": 3,
    "owner": [
      "user8"
    ],
    "message": "Another one issue"
  }
},
{
  "model": "engine.comment",
  "pk": 5,
  "fields": {
    "created_date": "2022-03-16T12:40:00.767Z",
    "updated_date": "2022-03-16T12:40:00.767Z",
    "issue": 4,
    "owner": [
      "user1"
    ],
    "message": "Issue with empty frame"
  }
},
{
  "model": "engine.comment",
  "pk": 6,
  "fields": {
    "created_date": "2022-03-16T12:49:29.372Z",
    "updated_date": "2022-03-16T12:49:29.372Z",
    "issue": 5,
    "owner": [
      "user6"
    ],
    "message": "Wrong position"
  }
},
{
  "model": "engine.manifest",
  "pk": 1,
  "fields": {
    "filename": "manifest.jsonl",
    "cloud_storage": 1
  }
},
{
  "model": "engine.manifest",
  "pk": 2,
  "fields": {
    "filename": "sub/manifest.jsonl",
    "cloud_storage": 2
  }
},
{
  "model": "engine.manifest",
  "pk": 3,
  "fields": {
    "filename": "manifest.jsonl",
    "cloud_storage": 3
  }
},
{
  "model": "engine.cloudstorage",
  "pk": 1,
  "fields": {
    "created_date": "2022-03-17T07:22:49.519Z",
    "updated_date": "2022-03-17T07:22:49.529Z",
    "provider_type": "AWS_S3_BUCKET",
    "resource": "public",
    "display_name": "Bucket 1",
    "owner": [
      "user1"
    ],
    "credentials": "",
    "credentials_type": "ANONYMOUS_ACCESS",
    "specific_attributes": "endpoint_url=http%3A%2F%2Fminio%3A9000",
    "description": "",
    "organization": null
  }
},
{
  "model": "engine.cloudstorage",
  "pk": 2,
  "fields": {
    "created_date": "2022-03-17T07:23:59.305Z",
    "updated_date": "2022-07-13T12:46:45.587Z",
    "provider_type": "AWS_S3_BUCKET",
    "resource": "private",
    "display_name": "Bucket 2",
    "owner": [
      "user8"
    ],
    "credentials": "minio_access_key minio_secret_key",
    "credentials_type": "KEY_SECRET_KEY_PAIR",
    "specific_attributes": "endpoint_url=http%3A%2F%2Fminio%3A9000",
    "description": "",
    "organization": 2
  }
},
{
  "model": "engine.cloudstorage",
  "pk": 3,
  "fields": {
    "created_date": "2022-06-29T12:56:18.257Z",
    "updated_date": "2022-06-29T12:56:18.264Z",
    "provider_type": "AWS_S3_BUCKET",
    "resource": "importexportbucket",
    "display_name": "Import/Export bucket",
    "owner": [
      "admin1"
    ],
    "credentials": "minio_access_key minio_secret_key",
    "credentials_type": "KEY_SECRET_KEY_PAIR",
    "specific_attributes": "endpoint_url=http%3A%2F%2Fminio%3A9000",
    "description": "Bucket for importing and exporting annotations and backups",
    "organization": 2
  }
},
{
  "model": "engine.storage",
  "pk": 1,
  "fields": {
    "location": "cloud_storage",
    "cloud_storage": 3
  }
},
{
  "model": "engine.storage",
  "pk": 2,
  "fields": {
    "location": "cloud_storage",
    "cloud_storage": 3
  }
},
{
  "model": "engine.storage",
  "pk": 3,
  "fields": {
    "location": "cloud_storage",
    "cloud_storage": 3
  }
},
{
  "model": "engine.storage",
  "pk": 4,
  "fields": {
    "location": "cloud_storage",
    "cloud_storage": 3
  }
},
{
  "model": "engine.storage",
  "pk": 5,
  "fields": {
    "location": "local",
    "cloud_storage": null
  }
},
{
  "model": "engine.storage",
  "pk": 6,
  "fields": {
    "location": "local",
    "cloud_storage": null
  }
},
{
  "model": "engine.storage",
  "pk": 7,
  "fields": {
    "location": "local",
    "cloud_storage": null
  }
},
{
  "model": "engine.storage",
  "pk": 8,
  "fields": {
    "location": "local",
    "cloud_storage": null
  }
},
{
  "model": "engine.storage",
  "pk": 9,
  "fields": {
    "location": "local",
    "cloud_storage": null
  }
},
{
  "model": "engine.storage",
  "pk": 10,
  "fields": {
    "location": "local",
    "cloud_storage": null
  }
},
{
  "model": "engine.storage",
  "pk": 11,
  "fields": {
    "location": "local",
    "cloud_storage": null
  }
},
{
  "model": "engine.storage",
  "pk": 12,
  "fields": {
    "location": "local",
    "cloud_storage": null
  }
},
{
  "model": "engine.storage",
  "pk": 13,
  "fields": {
    "location": "local",
    "cloud_storage": null
  }
},
{
  "model": "engine.storage",
  "pk": 14,
  "fields": {
    "location": "local",
    "cloud_storage": null
  }
},
{
  "model": "engine.storage",
  "pk": 15,
  "fields": {
    "location": "local",
    "cloud_storage": null
  }
},
{
  "model": "engine.storage",
  "pk": 16,
  "fields": {
    "location": "local",
    "cloud_storage": null
  }
},
{
  "model": "engine.storage",
  "pk": 17,
  "fields": {
    "location": "local",
    "cloud_storage": null
  }
},
{
  "model": "engine.storage",
  "pk": 18,
  "fields": {
    "location": "local",
    "cloud_storage": null
  }
},
{
  "model": "engine.storage",
  "pk": 19,
  "fields": {
    "location": "local",
    "cloud_storage": null
  }
},
{
  "model": "engine.storage",
  "pk": 20,
  "fields": {
    "location": "local",
    "cloud_storage": null
  }
},
{
  "model": "engine.storage",
  "pk": 21,
  "fields": {
    "location": "local",
    "cloud_storage": null
  }
},
{
  "model": "engine.storage",
  "pk": 22,
  "fields": {
    "location": "local",
    "cloud_storage": null
  }
},
{
  "model": "engine.storage",
  "pk": 23,
  "fields": {
    "location": "local",
    "cloud_storage": null
  }
},
{
  "model": "engine.storage",
  "pk": 24,
  "fields": {
    "location": "local",
    "cloud_storage": null
  }
},
{
  "model": "engine.storage",
  "pk": 25,
  "fields": {
    "location": "local",
    "cloud_storage": null
  }
},
{
  "model": "engine.storage",
  "pk": 26,
  "fields": {
    "location": "local",
    "cloud_storage": null
  }
},
{
  "model": "engine.storage",
  "pk": 27,
  "fields": {
    "location": "local",
    "cloud_storage": null
  }
},
{
  "model": "engine.storage",
  "pk": 28,
  "fields": {
    "location": "local",
    "cloud_storage": null
  }
},
{
  "model": "engine.storage",
  "pk": 29,
  "fields": {
    "location": "local",
    "cloud_storage": null
  }
},
{
  "model": "engine.storage",
  "pk": 30,
  "fields": {
    "location": "local",
    "cloud_storage": null
  }
},
{
  "model": "engine.storage",
  "pk": 31,
  "fields": {
    "location": "local",
    "cloud_storage": null
  }
},
{
  "model": "engine.storage",
  "pk": 32,
  "fields": {
    "location": "local",
    "cloud_storage": null
  }
},
{
  "model": "engine.storage",
  "pk": 33,
  "fields": {
    "location": "local",
    "cloud_storage": null
  }
},
{
  "model": "engine.storage",
  "pk": 34,
  "fields": {
    "location": "local",
    "cloud_storage": null
  }
},
{
  "model": "engine.storage",
  "pk": 35,
  "fields": {
    "location": "local",
    "cloud_storage": null
  }
},
{
  "model": "engine.storage",
  "pk": 36,
  "fields": {
    "location": "local",
    "cloud_storage": null
  }
},
{
  "model": "engine.storage",
  "pk": 37,
  "fields": {
    "location": "local",
    "cloud_storage": null
  }
},
{
  "model": "engine.storage",
  "pk": 38,
  "fields": {
    "location": "local",
    "cloud_storage": null
  }
},
{
  "model": "engine.storage",
  "pk": 39,
  "fields": {
    "location": "local",
    "cloud_storage": null
  }
},
{
  "model": "engine.storage",
  "pk": 40,
  "fields": {
    "location": "local",
    "cloud_storage": null
  }
},
{
  "model": "engine.storage",
  "pk": 41,
  "fields": {
    "location": "local",
    "cloud_storage": null
  }
},
{
  "model": "engine.storage",
  "pk": 42,
  "fields": {
    "location": "local",
    "cloud_storage": null
  }
},
{
  "model": "engine.storage",
  "pk": 43,
  "fields": {
    "location": "local",
    "cloud_storage": null
  }
},
{
  "model": "engine.storage",
  "pk": 44,
  "fields": {
    "location": "local",
    "cloud_storage": null
  }
},
{
  "model": "engine.storage",
  "pk": 45,
  "fields": {
    "location": "local",
    "cloud_storage": null
  }
},
{
  "model": "engine.storage",
  "pk": 46,
  "fields": {
    "location": "local",
    "cloud_storage": null
  }
},
{
  "model": "engine.storage",
  "pk": 47,
  "fields": {
    "location": "local",
    "cloud_storage": null
  }
},
{
  "model": "engine.storage",
  "pk": 48,
  "fields": {
    "location": "local",
    "cloud_storage": null
  }
},
{
  "model": "engine.storage",
  "pk": 49,
  "fields": {
    "location": "local",
    "cloud_storage": null
  }
},
{
  "model": "engine.storage",
  "pk": 50,
  "fields": {
    "location": "local",
    "cloud_storage": null
  }
},
{
  "model": "engine.storage",
  "pk": 51,
  "fields": {
    "location": "local",
    "cloud_storage": null
  }
},
{
  "model": "engine.storage",
  "pk": 52,
  "fields": {
    "location": "local",
    "cloud_storage": null
  }
},
{
  "model": "webhooks.webhook",
  "pk": 1,
  "fields": {
    "created_date": "2022-09-28T12:16:28.311Z",
    "updated_date": "2022-09-28T12:16:28.311Z",
    "target_url": "http://example.com/",
    "description": "",
    "events": "delete:task,update:task,create:task,update:job",
    "type": "project",
    "content_type": "application/json",
    "secret": "",
    "is_active": true,
    "enable_ssl": true,
    "owner": [
      "user1"
    ],
    "project": 6,
    "organization": null
  }
},
{
  "model": "webhooks.webhook",
  "pk": 2,
  "fields": {
    "created_date": "2022-09-28T12:18:12.412Z",
    "updated_date": "2022-09-28T12:18:12.412Z",
    "target_url": "http://example.com/",
    "description": "",
    "events": "delete:comment,update:issue,update:comment,update:job,update:project,delete:task,create:comment,delete:issue,update:task,create:task,create:issue",
    "type": "project",
    "content_type": "application/json",
    "secret": "",
    "is_active": true,
    "enable_ssl": true,
    "owner": [
      "user7"
    ],
    "project": 1,
    "organization": null
  }
},
{
  "model": "webhooks.webhook",
  "pk": 3,
  "fields": {
    "created_date": "2022-09-28T12:19:49.744Z",
    "updated_date": "2022-09-28T12:19:49.744Z",
    "target_url": "http://example.com",
    "description": "",
    "events": "update:issue,delete:issue,create:issue,update:project",
    "type": "project",
    "content_type": "application/json",
    "secret": "",
    "is_active": true,
    "enable_ssl": true,
    "owner": [
      "user2"
    ],
    "project": 3,
    "organization": 2
  }
},
{
  "model": "webhooks.webhook",
  "pk": 6,
  "fields": {
    "created_date": "2022-09-29T08:00:48.440Z",
    "updated_date": "2022-09-29T08:00:48.441Z",
    "target_url": "http://example.com/",
    "description": "",
    "events": "delete:task,create:task,update:issue,update:membership,create:comment,delete:comment,update:job,update:comment,create:project,delete:invitation,create:invitation,update:project,update:task,delete:membership,delete:issue,delete:project,update:organization,create:issue",
    "type": "organization",
    "content_type": "application/json",
    "secret": "",
    "is_active": true,
    "enable_ssl": true,
    "owner": [
      "admin1"
    ],
    "project": null,
    "organization": 1
  }
},
{
  "model": "webhooks.webhookdelivery",
  "pk": 1,
  "fields": {
    "created_date": "2023-09-15T07:53:52.457Z",
    "updated_date": "2023-09-15T07:53:52.457Z",
    "webhook": 6,
    "event": "create:invitation",
    "status_code": 200,
    "redelivery": false,
    "changed_fields": "",
    "request": {
      "event": "create:invitation",
      "sender": {
        "id": 2,
        "url": "http://localhost:8080/api/users/2",
        "username": "user1",
        "last_name": "First",
        "first_name": "User"
      },
      "invitation": {
        "key": "d2Zaawf81uImG1nmWA0Va0Bv5EPERt1edJDTgTgMZiefZ2QmC1IdPld9LIPnkiWR",
        "role": "supervisor",
        "user": {
          "id": 5,
          "url": "http://localhost:8080/api/users/5",
          "username": "user4",
          "last_name": "Fourth",
          "first_name": "User"
        },
        "owner": {
          "id": 2,
          "url": "http://localhost:8080/api/users/2",
          "username": "user1",
          "last_name": "First",
          "first_name": "User"
        },
        "created_date": "2023-09-15T07:53:52.115322Z",
        "organization": 1
      },
      "webhook_id": 6
    },
    "response": "<!doctype html>\n<html>\n<head>\n    <title>Example Domain</title>\n\n    <meta charset=\"utf-8\" />\n    <meta http-equiv=\"Content-type\" content=\"text/html; charset=utf-8\" />\n    <meta name=\"viewport\" content=\"width=device-width, initial-scale=1\" />\n    <style type=\"text/css\">\n    body {\n        background-color: #f0f0f2;\n        margin: 0;\n        padding: 0;\n        font-family: -apple-system, system-ui, BlinkMacSystemFont, \"Segoe UI\", \"Open Sans\", \"Helvetica Neue\", Helvetica, Arial, sans-serif;\n        \n    }\n    div {\n        width: 600px;\n        margin: 5em auto;\n        padding: 2em;\n        background-color: #fdfdff;\n        border-radius: 0.5em;\n        box-shadow: 2px 3px 7px 2px rgba(0,0,0,0.02);\n    }\n    a:link, a:visited {\n        color: #38488f;\n        text-decoration: none;\n    }\n    @media (max-width: 700px) {\n        div {\n            margin: 0 auto;\n            width: auto;\n        }\n    }\n    </style>    \n</head>\n\n<body>\n<div>\n    <h1>Example Domain</h1>\n    <p>This domain is for use in illustrative examples in documents. You may use this\n    domain in literature without prior coordination or asking for permission.</p>\n    <p><a href=\"https://www.iana.org/domains/example\">More information...</a></p>\n</div>\n</body>\n</html>\n"
  }
},
{
  "model": "webhooks.webhookdelivery",
  "pk": 2,
  "fields": {
    "created_date": "2023-09-15T07:53:52.659Z",
    "updated_date": "2023-09-15T07:53:52.659Z",
    "webhook": 6,
    "event": "create:invitation",
    "status_code": 200,
    "redelivery": false,
    "changed_fields": "",
    "request": {
      "event": "create:invitation",
      "sender": {
        "id": 2,
        "url": "http://localhost:8080/api/users/2",
        "username": "user1",
        "last_name": "First",
        "first_name": "User"
      },
      "invitation": {
        "key": "q8GWTPiR1Vz9DDO6MQo1B6pUBzW9GjDb6AUQPziAV62jD7OpCLZji0GS66C48wRX",
        "role": "maintainer",
        "user": {
          "id": 11,
          "url": "http://localhost:8080/api/users/11",
          "username": "user8",
          "last_name": "Eighth",
          "first_name": "User"
        },
        "owner": {
          "id": 2,
          "url": "http://localhost:8080/api/users/2",
          "username": "user1",
          "last_name": "First",
          "first_name": "User"
        },
        "created_date": "2023-09-15T07:53:52.116135Z",
        "organization": 1
      },
      "webhook_id": 6
    },
    "response": "<!doctype html>\n<html>\n<head>\n    <title>Example Domain</title>\n\n    <meta charset=\"utf-8\" />\n    <meta http-equiv=\"Content-type\" content=\"text/html; charset=utf-8\" />\n    <meta name=\"viewport\" content=\"width=device-width, initial-scale=1\" />\n    <style type=\"text/css\">\n    body {\n        background-color: #f0f0f2;\n        margin: 0;\n        padding: 0;\n        font-family: -apple-system, system-ui, BlinkMacSystemFont, \"Segoe UI\", \"Open Sans\", \"Helvetica Neue\", Helvetica, Arial, sans-serif;\n        \n    }\n    div {\n        width: 600px;\n        margin: 5em auto;\n        padding: 2em;\n        background-color: #fdfdff;\n        border-radius: 0.5em;\n        box-shadow: 2px 3px 7px 2px rgba(0,0,0,0.02);\n    }\n    a:link, a:visited {\n        color: #38488f;\n        text-decoration: none;\n    }\n    @media (max-width: 700px) {\n        div {\n            margin: 0 auto;\n            width: auto;\n        }\n    }\n    </style>    \n</head>\n\n<body>\n<div>\n    <h1>Example Domain</h1>\n    <p>This domain is for use in illustrative examples in documents. You may use this\n    domain in literature without prior coordination or asking for permission.</p>\n    <p><a href=\"https://www.iana.org/domains/example\">More information...</a></p>\n</div>\n</body>\n</html>\n"
  }
},
{
  "model": "webhooks.webhookdelivery",
  "pk": 3,
  "fields": {
    "created_date": "2023-09-15T07:53:52.906Z",
    "updated_date": "2023-09-15T07:53:52.906Z",
    "webhook": 6,
    "event": "update:membership",
    "status_code": 200,
    "redelivery": false,
    "changed_fields": "is_active,joined_date",
    "request": {
      "event": "update:membership",
      "sender": {
        "id": 2,
        "url": "http://localhost:8080/api/users/2",
        "username": "user1",
        "last_name": "First",
        "first_name": "User"
      },
      "membership": {
        "id": 14,
        "role": "supervisor",
        "user": {
          "id": 5,
          "url": "http://localhost:8080/api/users/5",
          "username": "user4",
          "last_name": "Fourth",
          "first_name": "User"
        },
        "is_active": true,
        "invitation": "d2Zaawf81uImG1nmWA0Va0Bv5EPERt1edJDTgTgMZiefZ2QmC1IdPld9LIPnkiWR",
        "joined_date": "2023-09-15T07:53:52.115322Z",
        "organization": 1
      },
      "webhook_id": 6,
      "before_update": {
        "is_active": false,
        "joined_date": null
      }
    },
    "response": "<!doctype html>\n<html>\n<head>\n    <title>Example Domain</title>\n\n    <meta charset=\"utf-8\" />\n    <meta http-equiv=\"Content-type\" content=\"text/html; charset=utf-8\" />\n    <meta name=\"viewport\" content=\"width=device-width, initial-scale=1\" />\n    <style type=\"text/css\">\n    body {\n        background-color: #f0f0f2;\n        margin: 0;\n        padding: 0;\n        font-family: -apple-system, system-ui, BlinkMacSystemFont, \"Segoe UI\", \"Open Sans\", \"Helvetica Neue\", Helvetica, Arial, sans-serif;\n        \n    }\n    div {\n        width: 600px;\n        margin: 5em auto;\n        padding: 2em;\n        background-color: #fdfdff;\n        border-radius: 0.5em;\n        box-shadow: 2px 3px 7px 2px rgba(0,0,0,0.02);\n    }\n    a:link, a:visited {\n        color: #38488f;\n        text-decoration: none;\n    }\n    @media (max-width: 700px) {\n        div {\n            margin: 0 auto;\n            width: auto;\n        }\n    }\n    </style>    \n</head>\n\n<body>\n<div>\n    <h1>Example Domain</h1>\n    <p>This domain is for use in illustrative examples in documents. You may use this\n    domain in literature without prior coordination or asking for permission.</p>\n    <p><a href=\"https://www.iana.org/domains/example\">More information...</a></p>\n</div>\n</body>\n</html>\n"
  }
},
{
  "model": "webhooks.webhookdelivery",
  "pk": 4,
  "fields": {
    "created_date": "2023-09-15T07:53:53.135Z",
    "updated_date": "2023-09-15T07:53:53.135Z",
    "webhook": 6,
    "event": "update:membership",
    "status_code": 200,
    "redelivery": false,
    "changed_fields": "is_active,joined_date",
    "request": {
      "event": "update:membership",
      "sender": {
        "id": 2,
        "url": "http://localhost:8080/api/users/2",
        "username": "user1",
        "last_name": "First",
        "first_name": "User"
      },
      "membership": {
        "id": 15,
        "role": "maintainer",
        "user": {
          "id": 11,
          "url": "http://localhost:8080/api/users/11",
          "username": "user8",
          "last_name": "Eighth",
          "first_name": "User"
        },
        "is_active": true,
        "invitation": "q8GWTPiR1Vz9DDO6MQo1B6pUBzW9GjDb6AUQPziAV62jD7OpCLZji0GS66C48wRX",
        "joined_date": "2023-09-15T07:53:52.116135Z",
        "organization": 1
      },
      "webhook_id": 6,
      "before_update": {
        "is_active": false,
        "joined_date": null
      }
    },
    "response": "<!doctype html>\n<html>\n<head>\n    <title>Example Domain</title>\n\n    <meta charset=\"utf-8\" />\n    <meta http-equiv=\"Content-type\" content=\"text/html; charset=utf-8\" />\n    <meta name=\"viewport\" content=\"width=device-width, initial-scale=1\" />\n    <style type=\"text/css\">\n    body {\n        background-color: #f0f0f2;\n        margin: 0;\n        padding: 0;\n        font-family: -apple-system, system-ui, BlinkMacSystemFont, \"Segoe UI\", \"Open Sans\", \"Helvetica Neue\", Helvetica, Arial, sans-serif;\n        \n    }\n    div {\n        width: 600px;\n        margin: 5em auto;\n        padding: 2em;\n        background-color: #fdfdff;\n        border-radius: 0.5em;\n        box-shadow: 2px 3px 7px 2px rgba(0,0,0,0.02);\n    }\n    a:link, a:visited {\n        color: #38488f;\n        text-decoration: none;\n    }\n    @media (max-width: 700px) {\n        div {\n            margin: 0 auto;\n            width: auto;\n        }\n    }\n    </style>    \n</head>\n\n<body>\n<div>\n    <h1>Example Domain</h1>\n    <p>This domain is for use in illustrative examples in documents. You may use this\n    domain in literature without prior coordination or asking for permission.</p>\n    <p><a href=\"https://www.iana.org/domains/example\">More information...</a></p>\n</div>\n</body>\n</html>\n"
  }
},
{
  "model": "quality_control.qualityreport",
  "pk": 1,
  "fields": {
    "job": null,
    "task": 22,
    "parent": null,
    "created_date": "2023-05-26T16:25:36.613Z",
    "target_last_updated": "2023-05-26T16:17:02.635Z",
    "gt_last_updated": "2023-05-26T16:16:50.630Z",
    "assignee": null,
    "assignee_last_updated": null,
    "data": "{\"parameters\":{\"included_annotation_types\":[\"bbox\",\"points\",\"mask\",\"polygon\",\"polyline\",\"skeleton\"],\"compare_attributes\":true,\"ignored_attributes\":[],\"iou_threshold\":0.4,\"low_overlap_threshold\":0.8,\"oks_sigma\":0.09,\"line_thickness\":0.01,\"compare_line_orientation\":true,\"line_orientation_threshold\":0.1,\"compare_groups\":true,\"group_match_threshold\":0.5,\"check_covered_annotations\":true,\"object_visibility_threshold\":0.05,\"panoptic_comparison\":true},\"comparison_summary\":{\"frame_share\":0.2727272727272727,\"frames\":[0,1,2],\"conflict_count\":37,\"warning_count\":15,\"error_count\":22,\"conflicts_by_type\":{\"low_overlap\":6,\"missing_annotation\":9,\"extra_annotation\":10,\"mismatching_label\":3,\"mismatching_direction\":1,\"covered_annotation\":1,\"mismatching_attributes\":1,\"mismatching_groups\":6},\"annotations\":{\"valid_count\":21,\"missing_count\":9,\"extra_count\":10,\"total_count\":43,\"ds_count\":34,\"gt_count\":33,\"confusion_matrix\":{\"labels\":[\"dog\",\"cat\",\"unmatched\"],\"rows\":[[0,2,3],[1,21,7],[1,8,0]],\"precision\":[0.0,0.7241379310344828,0.0],\"recall\":[0.0,0.6774193548387096,0.0],\"accuracy\":[0.0,0.5384615384615384,0.0],\"axes\":{\"cols\":\"gt\",\"rows\":\"ds\"}},\"accuracy\":0.4883720930232558,\"precision\":0.6176470588235294,\"recall\":0.6363636363636364},\"annotation_components\":{\"shape\":{\"valid_count\":24,\"missing_count\":9,\"extra_count\":10,\"total_count\":43,\"ds_count\":34,\"gt_count\":33,\"mean_iou\":0.19532955159399454,\"accuracy\":0.5581395348837209},\"label\":{\"valid_count\":21,\"invalid_count\":3,\"total_count\":24,\"accuracy\":0.875}},\"frame_count\":3,\"mean_conflict_count\":12.333333333333334},\"frame_results\":{\"0\":{\"conflicts\":[{\"frame_id\":0,\"type\":\"low_overlap\",\"annotation_ids\":[{\"obj_id\":65,\"job_id\":27,\"type\":\"shape\",\"shape_type\":\"rectangle\"},{\"obj_id\":101,\"job_id\":28,\"type\":\"shape\",\"shape_type\":\"rectangle\"}],\"severity\":\"warning\"},{\"frame_id\":0,\"type\":\"low_overlap\",\"annotation_ids\":[{\"obj_id\":91,\"job_id\":27,\"type\":\"shape\",\"shape_type\":\"rectangle\"},{\"obj_id\":118,\"job_id\":28,\"type\":\"shape\",\"shape_type\":\"rectangle\"}],\"severity\":\"warning\"},{\"frame_id\":0,\"type\":\"low_overlap\",\"annotation_ids\":[{\"obj_id\":88,\"job_id\":27,\"type\":\"shape\",\"shape_type\":\"points\"},{\"obj_id\":102,\"job_id\":28,\"type\":\"shape\",\"shape_type\":\"points\"}],\"severity\":\"warning\"},{\"frame_id\":0,\"type\":\"low_overlap\",\"annotation_ids\":[{\"obj_id\":68,\"job_id\":27,\"type\":\"shape\",\"shape_type\":\"polygon\"},{\"obj_id\":98,\"job_id\":28,\"type\":\"shape\",\"shape_type\":\"polygon\"}],\"severity\":\"warning\"},{\"frame_id\":0,\"type\":\"low_overlap\",\"annotation_ids\":[{\"obj_id\":67,\"job_id\":27,\"type\":\"shape\",\"shape_type\":\"polyline\"},{\"obj_id\":99,\"job_id\":28,\"type\":\"shape\",\"shape_type\":\"polyline\"}],\"severity\":\"warning\"},{\"frame_id\":0,\"type\":\"low_overlap\",\"annotation_ids\":[{\"obj_id\":92,\"job_id\":27,\"type\":\"shape\",\"shape_type\":\"points\"},{\"obj_id\":119,\"job_id\":28,\"type\":\"shape\",\"shape_type\":\"points\"}],\"severity\":\"warning\"},{\"frame_id\":0,\"type\":\"missing_annotation\",\"annotation_ids\":[{\"obj_id\":107,\"job_id\":28,\"type\":\"shape\",\"shape_type\":\"rectangle\"}],\"severity\":\"error\"},{\"frame_id\":0,\"type\":\"missing_annotation\",\"annotation_ids\":[{\"obj_id\":121,\"job_id\":28,\"type\":\"shape\",\"shape_type\":\"points\"}],\"severity\":\"error\"},{\"frame_id\":0,\"type\":\"missing_annotation\",\"annotation_ids\":[{\"obj_id\":122,\"job_id\":28,\"type\":\"shape\",\"shape_type\":\"points\"}],\"severity\":\"error\"},{\"frame_id\":0,\"type\":\"extra_annotation\",\"annotation_ids\":[{\"obj_id\":70,\"job_id\":27,\"type\":\"shape\",\"shape_type\":\"rectangle\"}],\"severity\":\"error\"},{\"frame_id\":0,\"type\":\"extra_annotation\",\"annotation_ids\":[{\"obj_id\":76,\"job_id\":27,\"type\":\"shape\",\"shape_type\":\"rectangle\"}],\"severity\":\"error\"},{\"frame_id\":0,\"type\":\"extra_annotation\",\"annotation_ids\":[{\"obj_id\":93,\"job_id\":27,\"type\":\"shape\",\"shape_type\":\"points\"}],\"severity\":\"error\"},{\"frame_id\":0,\"type\":\"extra_annotation\",\"annotation_ids\":[{\"obj_id\":74,\"job_id\":27,\"type\":\"shape\",\"shape_type\":\"polygon\"}],\"severity\":\"error\"},{\"frame_id\":0,\"type\":\"extra_annotation\",\"annotation_ids\":[{\"obj_id\":95,\"job_id\":27,\"type\":\"shape\",\"shape_type\":\"polygon\"}],\"severity\":\"error\"},{\"frame_id\":0,\"type\":\"extra_annotation\",\"annotation_ids\":[{\"obj_id\":73,\"job_id\":27,\"type\":\"shape\",\"shape_type\":\"polygon\"}],\"severity\":\"error\"},{\"frame_id\":0,\"type\":\"extra_annotation\",\"annotation_ids\":[{\"obj_id\":96,\"job_id\":27,\"type\":\"shape\",\"shape_type\":\"ellipse\"}],\"severity\":\"error\"},{\"frame_id\":0,\"type\":\"extra_annotation\",\"annotation_ids\":[{\"obj_id\":64,\"job_id\":27,\"type\":\"shape\",\"shape_type\":\"polyline\"}],\"severity\":\"error\"},{\"frame_id\":0,\"type\":\"extra_annotation\",\"annotation_ids\":[{\"obj_id\":66,\"job_id\":27,\"type\":\"shape\",\"shape_type\":\"polyline\"}],\"severity\":\"error\"},{\"frame_id\":0,\"type\":\"extra_annotation\",\"annotation_ids\":[{\"obj_id\":94,\"job_id\":27,\"type\":\"shape\",\"shape_type\":\"polyline\"}],\"severity\":\"error\"},{\"frame_id\":0,\"type\":\"mismatching_label\",\"annotation_ids\":[{\"obj_id\":89,\"job_id\":27,\"type\":\"shape\",\"shape_type\":\"points\"},{\"obj_id\":123,\"job_id\":28,\"type\":\"shape\",\"shape_type\":\"points\"}],\"severity\":\"error\"},{\"frame_id\":0,\"type\":\"mismatching_label\",\"annotation_ids\":[{\"obj_id\":92,\"job_id\":27,\"type\":\"shape\",\"shape_type\":\"points\"},{\"obj_id\":119,\"job_id\":28,\"type\":\"shape\",\"shape_type\":\"points\"}],\"severity\":\"error\"},{\"frame_id\":0,\"type\":\"mismatching_label\",\"annotation_ids\":[{\"obj_id\":69,\"job_id\":27,\"type\":\"shape\",\"shape_type\":\"mask\"},{\"obj_id\":97,\"job_id\":28,\"type\":\"shape\",\"shape_type\":\"polygon\"}],\"severity\":\"error\"},{\"frame_id\":0,\"type\":\"mismatching_direction\",\"annotation_ids\":[{\"obj_id\":67,\"job_id\":27,\"type\":\"shape\",\"shape_type\":\"polyline\"},{\"obj_id\":99,\"job_id\":28,\"type\":\"shape\",\"shape_type\":\"polyline\"}],\"severity\":\"warning\"},{\"frame_id\":0,\"type\":\"covered_annotation\",\"annotation_ids\":[{\"obj_id\":69,\"job_id\":27,\"type\":\"shape\",\"shape_type\":\"mask\"}],\"severity\":\"warning\"},{\"frame_id\":0,\"type\":\"mismatching_attributes\",\"annotation_ids\":[{\"obj_id\":65,\"job_id\":27,\"type\":\"shape\",\"shape_type\":\"rectangle\"},{\"obj_id\":101,\"job_id\":28,\"type\":\"shape\",\"shape_type\":\"rectangle\"}],\"severity\":\"warning\"},{\"frame_id\":0,\"type\":\"mismatching_groups\",\"annotation_ids\":[{\"obj_id\":82,\"job_id\":27,\"type\":\"shape\",\"shape_type\":\"rectangle\"},{\"obj_id\":103,\"job_id\":28,\"type\":\"shape\",\"shape_type\":\"rectangle\"}],\"severity\":\"warning\"},{\"frame_id\":0,\"type\":\"mismatching_groups\",\"annotation_ids\":[{\"obj_id\":81,\"job_id\":27,\"type\":\"shape\",\"shape_type\":\"rectangle\"},{\"obj_id\":104,\"job_id\":28,\"type\":\"shape\",\"shape_type\":\"rectangle\"}],\"severity\":\"warning\"},{\"frame_id\":0,\"type\":\"mismatching_groups\",\"annotation_ids\":[{\"obj_id\":83,\"job_id\":27,\"type\":\"shape\",\"shape_type\":\"rectangle\"},{\"obj_id\":105,\"job_id\":28,\"type\":\"shape\",\"shape_type\":\"rectangle\"}],\"severity\":\"warning\"},{\"frame_id\":0,\"type\":\"mismatching_groups\",\"annotation_ids\":[{\"obj_id\":87,\"job_id\":27,\"type\":\"shape\",\"shape_type\":\"rectangle\"},{\"obj_id\":106,\"job_id\":28,\"type\":\"shape\",\"shape_type\":\"rectangle\"}],\"severity\":\"warning\"},{\"frame_id\":0,\"type\":\"mismatching_groups\",\"annotation_ids\":[{\"obj_id\":80,\"job_id\":27,\"type\":\"shape\",\"shape_type\":\"rectangle\"},{\"obj_id\":111,\"job_id\":28,\"type\":\"shape\",\"shape_type\":\"rectangle\"}],\"severity\":\"warning\"},{\"frame_id\":0,\"type\":\"mismatching_groups\",\"annotation_ids\":[{\"obj_id\":77,\"job_id\":27,\"type\":\"shape\",\"shape_type\":\"rectangle\"},{\"obj_id\":114,\"job_id\":28,\"type\":\"shape\",\"shape_type\":\"rectangle\"}],\"severity\":\"warning\"}],\"annotations\":{\"valid_count\":21,\"missing_count\":3,\"extra_count\":10,\"total_count\":37,\"ds_count\":34,\"gt_count\":27,\"confusion_matrix\":{\"labels\":[\"dog\",\"cat\",\"unmatched\"],\"rows\":[[0,2,3],[1,21,7],[1,2,0]],\"precision\":[0.0,0.7241379310344828,0.0],\"recall\":[0.0,0.84,0.0],\"accuracy\":[0.0,0.6363636363636364,0.0],\"axes\":{\"cols\":\"gt\",\"rows\":\"ds\"}},\"accuracy\":0.5675675675675675,\"precision\":0.6176470588235294,\"recall\":0.7777777777777778},\"annotation_components\":{\"shape\":{\"valid_count\":24,\"missing_count\":3,\"extra_count\":10,\"total_count\":37,\"ds_count\":34,\"gt_count\":27,\"mean_iou\":0.5859886547819836,\"accuracy\":0.6486486486486487},\"label\":{\"valid_count\":21,\"invalid_count\":3,\"total_count\":24,\"accuracy\":0.875}},\"conflict_count\":31,\"warning_count\":15,\"error_count\":16,\"conflicts_by_type\":{\"low_overlap\":6,\"missing_annotation\":3,\"extra_annotation\":10,\"mismatching_label\":3,\"mismatching_direction\":1,\"covered_annotation\":1,\"mismatching_attributes\":1,\"mismatching_groups\":6}},\"1\":{\"conflicts\":[{\"frame_id\":1,\"type\":\"missing_annotation\",\"annotation_ids\":[{\"obj_id\":130,\"job_id\":28,\"type\":\"shape\",\"shape_type\":\"rectangle\"}],\"severity\":\"error\"},{\"frame_id\":1,\"type\":\"missing_annotation\",\"annotation_ids\":[{\"obj_id\":128,\"job_id\":28,\"type\":\"shape\",\"shape_type\":\"points\"}],\"severity\":\"error\"},{\"frame_id\":1,\"type\":\"missing_annotation\",\"annotation_ids\":[{\"obj_id\":124,\"job_id\":28,\"type\":\"shape\",\"shape_type\":\"polygon\"}],\"severity\":\"error\"},{\"frame_id\":1,\"type\":\"missing_annotation\",\"annotation_ids\":[{\"obj_id\":125,\"job_id\":28,\"type\":\"shape\",\"shape_type\":\"ellipse\"}],\"severity\":\"error\"},{\"frame_id\":1,\"type\":\"missing_annotation\",\"annotation_ids\":[{\"obj_id\":127,\"job_id\":28,\"type\":\"shape\",\"shape_type\":\"mask\"}],\"severity\":\"error\"},{\"frame_id\":1,\"type\":\"missing_annotation\",\"annotation_ids\":[{\"obj_id\":129,\"job_id\":28,\"type\":\"shape\",\"shape_type\":\"polyline\"}],\"severity\":\"error\"}],\"annotations\":{\"valid_count\":0,\"missing_count\":6,\"extra_count\":0,\"total_count\":6,\"ds_count\":0,\"gt_count\":6,\"confusion_matrix\":{\"labels\":[\"dog\",\"cat\",\"unmatched\"],\"rows\":[[0,0,0],[0,0,0],[0,6,0]],\"precision\":[0.0,0.0,0.0],\"recall\":[0.0,0.0,0.0],\"accuracy\":[0.0,0.0,0.0],\"axes\":{\"cols\":\"gt\",\"rows\":\"ds\"}},\"accuracy\":0.0,\"precision\":0.0,\"recall\":0.0},\"annotation_components\":{\"shape\":{\"valid_count\":0,\"missing_count\":6,\"extra_count\":0,\"total_count\":6,\"ds_count\":0,\"gt_count\":6,\"mean_iou\":0.0,\"accuracy\":0.0},\"label\":{\"valid_count\":0,\"invalid_count\":0,\"total_count\":0,\"accuracy\":0.0}},\"conflict_count\":6,\"warning_count\":0,\"error_count\":6,\"conflicts_by_type\":{\"missing_annotation\":6}},\"2\":{\"conflicts\":[],\"annotations\":{\"valid_count\":0,\"missing_count\":0,\"extra_count\":0,\"total_count\":0,\"ds_count\":0,\"gt_count\":0,\"confusion_matrix\":{\"labels\":[\"dog\",\"cat\",\"unmatched\"],\"rows\":[[0,0,0],[0,0,0],[0,0,0]],\"precision\":[0.0,0.0,0.0],\"recall\":[0.0,0.0,0.0],\"accuracy\":[0.0,0.0,0.0],\"axes\":{\"cols\":\"gt\",\"rows\":\"ds\"}},\"accuracy\":0.0,\"precision\":0.0,\"recall\":0.0},\"annotation_components\":{\"shape\":{\"valid_count\":0,\"missing_count\":0,\"extra_count\":0,\"total_count\":0,\"ds_count\":0,\"gt_count\":0,\"mean_iou\":0,\"accuracy\":0.0},\"label\":{\"valid_count\":0,\"invalid_count\":0,\"total_count\":0,\"accuracy\":0.0}},\"conflict_count\":0,\"warning_count\":0,\"error_count\":0,\"conflicts_by_type\":{}}}}"
  }
},
{
  "model": "quality_control.qualityreport",
  "pk": 2,
  "fields": {
    "job": 27,
    "task": null,
    "parent": 1,
    "created_date": "2023-05-26T16:25:36.616Z",
    "target_last_updated": "2023-05-26T16:11:24.294Z",
    "gt_last_updated": "2023-05-26T16:16:50.630Z",
    "assignee": null,
    "assignee_last_updated": null,
    "data": "{\"parameters\":{\"included_annotation_types\":[\"bbox\",\"points\",\"mask\",\"polygon\",\"polyline\",\"skeleton\"],\"compare_attributes\":true,\"ignored_attributes\":[],\"iou_threshold\":0.4,\"low_overlap_threshold\":0.8,\"oks_sigma\":0.09,\"line_thickness\":0.01,\"compare_line_orientation\":true,\"line_orientation_threshold\":0.1,\"compare_groups\":true,\"group_match_threshold\":0.5,\"check_covered_annotations\":true,\"object_visibility_threshold\":0.05,\"panoptic_comparison\":true},\"comparison_summary\":{\"frame_share\":0.2727272727272727,\"frames\":[0,1,2],\"conflict_count\":37,\"warning_count\":15,\"error_count\":22,\"conflicts_by_type\":{\"low_overlap\":6,\"missing_annotation\":9,\"extra_annotation\":10,\"mismatching_label\":3,\"mismatching_direction\":1,\"covered_annotation\":1,\"mismatching_attributes\":1,\"mismatching_groups\":6},\"annotations\":{\"valid_count\":21,\"missing_count\":9,\"extra_count\":10,\"total_count\":43,\"ds_count\":34,\"gt_count\":33,\"confusion_matrix\":{\"labels\":[\"dog\",\"cat\",\"unmatched\"],\"rows\":[[0,2,3],[1,21,7],[1,8,0]],\"precision\":[0.0,0.7241379310344828,0.0],\"recall\":[0.0,0.6774193548387096,0.0],\"accuracy\":[0.0,0.5384615384615384,0.0],\"axes\":{\"cols\":\"gt\",\"rows\":\"ds\"}},\"accuracy\":0.4883720930232558,\"precision\":0.6176470588235294,\"recall\":0.6363636363636364},\"annotation_components\":{\"shape\":{\"valid_count\":24,\"missing_count\":9,\"extra_count\":10,\"total_count\":43,\"ds_count\":34,\"gt_count\":33,\"mean_iou\":0.19532955159399454,\"accuracy\":0.5581395348837209},\"label\":{\"valid_count\":21,\"invalid_count\":3,\"total_count\":24,\"accuracy\":0.875}},\"frame_count\":3,\"mean_conflict_count\":12.333333333333334},\"frame_results\":{\"0\":{\"conflicts\":[{\"frame_id\":0,\"type\":\"low_overlap\",\"annotation_ids\":[{\"obj_id\":65,\"job_id\":27,\"type\":\"shape\",\"shape_type\":\"rectangle\"},{\"obj_id\":101,\"job_id\":28,\"type\":\"shape\",\"shape_type\":\"rectangle\"}],\"severity\":\"warning\"},{\"frame_id\":0,\"type\":\"low_overlap\",\"annotation_ids\":[{\"obj_id\":91,\"job_id\":27,\"type\":\"shape\",\"shape_type\":\"rectangle\"},{\"obj_id\":118,\"job_id\":28,\"type\":\"shape\",\"shape_type\":\"rectangle\"}],\"severity\":\"warning\"},{\"frame_id\":0,\"type\":\"low_overlap\",\"annotation_ids\":[{\"obj_id\":88,\"job_id\":27,\"type\":\"shape\",\"shape_type\":\"points\"},{\"obj_id\":102,\"job_id\":28,\"type\":\"shape\",\"shape_type\":\"points\"}],\"severity\":\"warning\"},{\"frame_id\":0,\"type\":\"low_overlap\",\"annotation_ids\":[{\"obj_id\":68,\"job_id\":27,\"type\":\"shape\",\"shape_type\":\"polygon\"},{\"obj_id\":98,\"job_id\":28,\"type\":\"shape\",\"shape_type\":\"polygon\"}],\"severity\":\"warning\"},{\"frame_id\":0,\"type\":\"low_overlap\",\"annotation_ids\":[{\"obj_id\":67,\"job_id\":27,\"type\":\"shape\",\"shape_type\":\"polyline\"},{\"obj_id\":99,\"job_id\":28,\"type\":\"shape\",\"shape_type\":\"polyline\"}],\"severity\":\"warning\"},{\"frame_id\":0,\"type\":\"low_overlap\",\"annotation_ids\":[{\"obj_id\":92,\"job_id\":27,\"type\":\"shape\",\"shape_type\":\"points\"},{\"obj_id\":119,\"job_id\":28,\"type\":\"shape\",\"shape_type\":\"points\"}],\"severity\":\"warning\"},{\"frame_id\":0,\"type\":\"missing_annotation\",\"annotation_ids\":[{\"obj_id\":107,\"job_id\":28,\"type\":\"shape\",\"shape_type\":\"rectangle\"}],\"severity\":\"error\"},{\"frame_id\":0,\"type\":\"missing_annotation\",\"annotation_ids\":[{\"obj_id\":121,\"job_id\":28,\"type\":\"shape\",\"shape_type\":\"points\"}],\"severity\":\"error\"},{\"frame_id\":0,\"type\":\"missing_annotation\",\"annotation_ids\":[{\"obj_id\":122,\"job_id\":28,\"type\":\"shape\",\"shape_type\":\"points\"}],\"severity\":\"error\"},{\"frame_id\":0,\"type\":\"extra_annotation\",\"annotation_ids\":[{\"obj_id\":70,\"job_id\":27,\"type\":\"shape\",\"shape_type\":\"rectangle\"}],\"severity\":\"error\"},{\"frame_id\":0,\"type\":\"extra_annotation\",\"annotation_ids\":[{\"obj_id\":76,\"job_id\":27,\"type\":\"shape\",\"shape_type\":\"rectangle\"}],\"severity\":\"error\"},{\"frame_id\":0,\"type\":\"extra_annotation\",\"annotation_ids\":[{\"obj_id\":93,\"job_id\":27,\"type\":\"shape\",\"shape_type\":\"points\"}],\"severity\":\"error\"},{\"frame_id\":0,\"type\":\"extra_annotation\",\"annotation_ids\":[{\"obj_id\":74,\"job_id\":27,\"type\":\"shape\",\"shape_type\":\"polygon\"}],\"severity\":\"error\"},{\"frame_id\":0,\"type\":\"extra_annotation\",\"annotation_ids\":[{\"obj_id\":95,\"job_id\":27,\"type\":\"shape\",\"shape_type\":\"polygon\"}],\"severity\":\"error\"},{\"frame_id\":0,\"type\":\"extra_annotation\",\"annotation_ids\":[{\"obj_id\":73,\"job_id\":27,\"type\":\"shape\",\"shape_type\":\"polygon\"}],\"severity\":\"error\"},{\"frame_id\":0,\"type\":\"extra_annotation\",\"annotation_ids\":[{\"obj_id\":96,\"job_id\":27,\"type\":\"shape\",\"shape_type\":\"ellipse\"}],\"severity\":\"error\"},{\"frame_id\":0,\"type\":\"extra_annotation\",\"annotation_ids\":[{\"obj_id\":64,\"job_id\":27,\"type\":\"shape\",\"shape_type\":\"polyline\"}],\"severity\":\"error\"},{\"frame_id\":0,\"type\":\"extra_annotation\",\"annotation_ids\":[{\"obj_id\":66,\"job_id\":27,\"type\":\"shape\",\"shape_type\":\"polyline\"}],\"severity\":\"error\"},{\"frame_id\":0,\"type\":\"extra_annotation\",\"annotation_ids\":[{\"obj_id\":94,\"job_id\":27,\"type\":\"shape\",\"shape_type\":\"polyline\"}],\"severity\":\"error\"},{\"frame_id\":0,\"type\":\"mismatching_label\",\"annotation_ids\":[{\"obj_id\":89,\"job_id\":27,\"type\":\"shape\",\"shape_type\":\"points\"},{\"obj_id\":123,\"job_id\":28,\"type\":\"shape\",\"shape_type\":\"points\"}],\"severity\":\"error\"},{\"frame_id\":0,\"type\":\"mismatching_label\",\"annotation_ids\":[{\"obj_id\":92,\"job_id\":27,\"type\":\"shape\",\"shape_type\":\"points\"},{\"obj_id\":119,\"job_id\":28,\"type\":\"shape\",\"shape_type\":\"points\"}],\"severity\":\"error\"},{\"frame_id\":0,\"type\":\"mismatching_label\",\"annotation_ids\":[{\"obj_id\":69,\"job_id\":27,\"type\":\"shape\",\"shape_type\":\"mask\"},{\"obj_id\":97,\"job_id\":28,\"type\":\"shape\",\"shape_type\":\"polygon\"}],\"severity\":\"error\"},{\"frame_id\":0,\"type\":\"mismatching_direction\",\"annotation_ids\":[{\"obj_id\":67,\"job_id\":27,\"type\":\"shape\",\"shape_type\":\"polyline\"},{\"obj_id\":99,\"job_id\":28,\"type\":\"shape\",\"shape_type\":\"polyline\"}],\"severity\":\"warning\"},{\"frame_id\":0,\"type\":\"covered_annotation\",\"annotation_ids\":[{\"obj_id\":69,\"job_id\":27,\"type\":\"shape\",\"shape_type\":\"mask\"}],\"severity\":\"warning\"},{\"frame_id\":0,\"type\":\"mismatching_attributes\",\"annotation_ids\":[{\"obj_id\":65,\"job_id\":27,\"type\":\"shape\",\"shape_type\":\"rectangle\"},{\"obj_id\":101,\"job_id\":28,\"type\":\"shape\",\"shape_type\":\"rectangle\"}],\"severity\":\"warning\"},{\"frame_id\":0,\"type\":\"mismatching_groups\",\"annotation_ids\":[{\"obj_id\":82,\"job_id\":27,\"type\":\"shape\",\"shape_type\":\"rectangle\"},{\"obj_id\":103,\"job_id\":28,\"type\":\"shape\",\"shape_type\":\"rectangle\"}],\"severity\":\"warning\"},{\"frame_id\":0,\"type\":\"mismatching_groups\",\"annotation_ids\":[{\"obj_id\":81,\"job_id\":27,\"type\":\"shape\",\"shape_type\":\"rectangle\"},{\"obj_id\":104,\"job_id\":28,\"type\":\"shape\",\"shape_type\":\"rectangle\"}],\"severity\":\"warning\"},{\"frame_id\":0,\"type\":\"mismatching_groups\",\"annotation_ids\":[{\"obj_id\":83,\"job_id\":27,\"type\":\"shape\",\"shape_type\":\"rectangle\"},{\"obj_id\":105,\"job_id\":28,\"type\":\"shape\",\"shape_type\":\"rectangle\"}],\"severity\":\"warning\"},{\"frame_id\":0,\"type\":\"mismatching_groups\",\"annotation_ids\":[{\"obj_id\":87,\"job_id\":27,\"type\":\"shape\",\"shape_type\":\"rectangle\"},{\"obj_id\":106,\"job_id\":28,\"type\":\"shape\",\"shape_type\":\"rectangle\"}],\"severity\":\"warning\"},{\"frame_id\":0,\"type\":\"mismatching_groups\",\"annotation_ids\":[{\"obj_id\":80,\"job_id\":27,\"type\":\"shape\",\"shape_type\":\"rectangle\"},{\"obj_id\":111,\"job_id\":28,\"type\":\"shape\",\"shape_type\":\"rectangle\"}],\"severity\":\"warning\"},{\"frame_id\":0,\"type\":\"mismatching_groups\",\"annotation_ids\":[{\"obj_id\":77,\"job_id\":27,\"type\":\"shape\",\"shape_type\":\"rectangle\"},{\"obj_id\":114,\"job_id\":28,\"type\":\"shape\",\"shape_type\":\"rectangle\"}],\"severity\":\"warning\"}],\"annotations\":{\"valid_count\":21,\"missing_count\":3,\"extra_count\":10,\"total_count\":37,\"ds_count\":34,\"gt_count\":27,\"confusion_matrix\":{\"labels\":[\"dog\",\"cat\",\"unmatched\"],\"rows\":[[0,2,3],[1,21,7],[1,2,0]],\"precision\":[0.0,0.7241379310344828,0.0],\"recall\":[0.0,0.84,0.0],\"accuracy\":[0.0,0.6363636363636364,0.0],\"axes\":{\"cols\":\"gt\",\"rows\":\"ds\"}},\"accuracy\":0.5675675675675675,\"precision\":0.6176470588235294,\"recall\":0.7777777777777778},\"annotation_components\":{\"shape\":{\"valid_count\":24,\"missing_count\":3,\"extra_count\":10,\"total_count\":37,\"ds_count\":34,\"gt_count\":27,\"mean_iou\":0.5859886547819836,\"accuracy\":0.6486486486486487},\"label\":{\"valid_count\":21,\"invalid_count\":3,\"total_count\":24,\"accuracy\":0.875}},\"conflict_count\":31,\"warning_count\":15,\"error_count\":16,\"conflicts_by_type\":{\"low_overlap\":6,\"missing_annotation\":3,\"extra_annotation\":10,\"mismatching_label\":3,\"mismatching_direction\":1,\"covered_annotation\":1,\"mismatching_attributes\":1,\"mismatching_groups\":6}},\"1\":{\"conflicts\":[{\"frame_id\":1,\"type\":\"missing_annotation\",\"annotation_ids\":[{\"obj_id\":130,\"job_id\":28,\"type\":\"shape\",\"shape_type\":\"rectangle\"}],\"severity\":\"error\"},{\"frame_id\":1,\"type\":\"missing_annotation\",\"annotation_ids\":[{\"obj_id\":128,\"job_id\":28,\"type\":\"shape\",\"shape_type\":\"points\"}],\"severity\":\"error\"},{\"frame_id\":1,\"type\":\"missing_annotation\",\"annotation_ids\":[{\"obj_id\":124,\"job_id\":28,\"type\":\"shape\",\"shape_type\":\"polygon\"}],\"severity\":\"error\"},{\"frame_id\":1,\"type\":\"missing_annotation\",\"annotation_ids\":[{\"obj_id\":125,\"job_id\":28,\"type\":\"shape\",\"shape_type\":\"ellipse\"}],\"severity\":\"error\"},{\"frame_id\":1,\"type\":\"missing_annotation\",\"annotation_ids\":[{\"obj_id\":127,\"job_id\":28,\"type\":\"shape\",\"shape_type\":\"mask\"}],\"severity\":\"error\"},{\"frame_id\":1,\"type\":\"missing_annotation\",\"annotation_ids\":[{\"obj_id\":129,\"job_id\":28,\"type\":\"shape\",\"shape_type\":\"polyline\"}],\"severity\":\"error\"}],\"annotations\":{\"valid_count\":0,\"missing_count\":6,\"extra_count\":0,\"total_count\":6,\"ds_count\":0,\"gt_count\":6,\"confusion_matrix\":{\"labels\":[\"dog\",\"cat\",\"unmatched\"],\"rows\":[[0,0,0],[0,0,0],[0,6,0]],\"precision\":[0.0,0.0,0.0],\"recall\":[0.0,0.0,0.0],\"accuracy\":[0.0,0.0,0.0],\"axes\":{\"cols\":\"gt\",\"rows\":\"ds\"}},\"accuracy\":0.0,\"precision\":0.0,\"recall\":0.0},\"annotation_components\":{\"shape\":{\"valid_count\":0,\"missing_count\":6,\"extra_count\":0,\"total_count\":6,\"ds_count\":0,\"gt_count\":6,\"mean_iou\":0.0,\"accuracy\":0.0},\"label\":{\"valid_count\":0,\"invalid_count\":0,\"total_count\":0,\"accuracy\":0.0}},\"conflict_count\":6,\"warning_count\":0,\"error_count\":6,\"conflicts_by_type\":{\"missing_annotation\":6}},\"2\":{\"conflicts\":[],\"annotations\":{\"valid_count\":0,\"missing_count\":0,\"extra_count\":0,\"total_count\":0,\"ds_count\":0,\"gt_count\":0,\"confusion_matrix\":{\"labels\":[\"dog\",\"cat\",\"unmatched\"],\"rows\":[[0,0,0],[0,0,0],[0,0,0]],\"precision\":[0.0,0.0,0.0],\"recall\":[0.0,0.0,0.0],\"accuracy\":[0.0,0.0,0.0],\"axes\":{\"cols\":\"gt\",\"rows\":\"ds\"}},\"accuracy\":0.0,\"precision\":0.0,\"recall\":0.0},\"annotation_components\":{\"shape\":{\"valid_count\":0,\"missing_count\":0,\"extra_count\":0,\"total_count\":0,\"ds_count\":0,\"gt_count\":0,\"mean_iou\":0,\"accuracy\":0.0},\"label\":{\"valid_count\":0,\"invalid_count\":0,\"total_count\":0,\"accuracy\":0.0}},\"conflict_count\":0,\"warning_count\":0,\"error_count\":0,\"conflicts_by_type\":{}}}}"
  }
},
{
  "model": "quality_control.qualityreport",
  "pk": 3,
  "fields": {
    "job": null,
    "task": 22,
    "parent": null,
    "created_date": "2023-11-24T15:24:25.355Z",
    "target_last_updated": "2023-11-24T15:23:30.045Z",
    "gt_last_updated": "2023-11-24T15:18:55.216Z",
    "assignee": null,
    "assignee_last_updated": null,
    "data": "{\"parameters\":{\"included_annotation_types\":[\"bbox\",\"points\",\"mask\",\"polygon\",\"polyline\",\"skeleton\"],\"compare_attributes\":true,\"ignored_attributes\":[],\"iou_threshold\":0.4,\"low_overlap_threshold\":0.8,\"oks_sigma\":0.09,\"line_thickness\":0.01,\"compare_line_orientation\":true,\"line_orientation_threshold\":0.1,\"compare_groups\":true,\"group_match_threshold\":0.5,\"check_covered_annotations\":true,\"object_visibility_threshold\":0.05,\"panoptic_comparison\":true},\"comparison_summary\":{\"frame_share\":0.2727272727272727,\"frames\":[0,1,2],\"conflict_count\":40,\"warning_count\":16,\"error_count\":24,\"conflicts_by_type\":{\"low_overlap\":7,\"missing_annotation\":10,\"extra_annotation\":11,\"mismatching_label\":3,\"mismatching_direction\":1,\"covered_annotation\":1,\"mismatching_attributes\":1,\"mismatching_groups\":6},\"annotations\":{\"valid_count\":22,\"missing_count\":10,\"extra_count\":11,\"total_count\":46,\"ds_count\":36,\"gt_count\":35,\"confusion_matrix\":{\"labels\":[\"dog\",\"cat\",\"skele\",\"unmatched\"],\"rows\":[[0,2,0,3],[1,21,0,7],[0,0,1,1],[1,8,1,0]],\"precision\":[0.0,0.7241379310344828,0.5,0.0],\"recall\":[0.0,0.6774193548387096,0.5,0.0],\"accuracy\":[0.0,0.5384615384615384,0.3333333333333333,0.0],\"axes\":{\"cols\":\"gt\",\"rows\":\"ds\"}},\"accuracy\":0.4782608695652174,\"precision\":0.6111111111111112,\"recall\":0.6285714285714286},\"annotation_components\":{\"shape\":{\"valid_count\":25,\"missing_count\":10,\"extra_count\":11,\"total_count\":46,\"ds_count\":36,\"gt_count\":35,\"mean_iou\":0.18567508032031,\"accuracy\":0.5434782608695652},\"label\":{\"valid_count\":22,\"invalid_count\":3,\"total_count\":25,\"accuracy\":0.88}},\"frame_count\":3,\"mean_conflict_count\":13.333333333333334},\"frame_results\":{\"0\":{\"conflicts\":[{\"frame_id\":0,\"type\":\"low_overlap\",\"annotation_ids\":[{\"obj_id\":65,\"job_id\":27,\"type\":\"shape\",\"shape_type\":\"rectangle\"},{\"obj_id\":101,\"job_id\":28,\"type\":\"shape\",\"shape_type\":\"rectangle\"}],\"severity\":\"warning\"},{\"frame_id\":0,\"type\":\"low_overlap\",\"annotation_ids\":[{\"obj_id\":91,\"job_id\":27,\"type\":\"shape\",\"shape_type\":\"rectangle\"},{\"obj_id\":118,\"job_id\":28,\"type\":\"shape\",\"shape_type\":\"rectangle\"}],\"severity\":\"warning\"},{\"frame_id\":0,\"type\":\"low_overlap\",\"annotation_ids\":[{\"obj_id\":88,\"job_id\":27,\"type\":\"shape\",\"shape_type\":\"points\"},{\"obj_id\":102,\"job_id\":28,\"type\":\"shape\",\"shape_type\":\"points\"}],\"severity\":\"warning\"},{\"frame_id\":0,\"type\":\"low_overlap\",\"annotation_ids\":[{\"obj_id\":68,\"job_id\":27,\"type\":\"shape\",\"shape_type\":\"polygon\"},{\"obj_id\":98,\"job_id\":28,\"type\":\"shape\",\"shape_type\":\"polygon\"}],\"severity\":\"warning\"},{\"frame_id\":0,\"type\":\"low_overlap\",\"annotation_ids\":[{\"obj_id\":67,\"job_id\":27,\"type\":\"shape\",\"shape_type\":\"polyline\"},{\"obj_id\":99,\"job_id\":28,\"type\":\"shape\",\"shape_type\":\"polyline\"}],\"severity\":\"warning\"},{\"frame_id\":0,\"type\":\"low_overlap\",\"annotation_ids\":[{\"obj_id\":141,\"job_id\":27,\"type\":\"shape\",\"shape_type\":\"skeleton\"},{\"obj_id\":132,\"job_id\":28,\"type\":\"shape\",\"shape_type\":\"skeleton\"}],\"severity\":\"warning\"},{\"frame_id\":0,\"type\":\"low_overlap\",\"annotation_ids\":[{\"obj_id\":92,\"job_id\":27,\"type\":\"shape\",\"shape_type\":\"points\"},{\"obj_id\":119,\"job_id\":28,\"type\":\"shape\",\"shape_type\":\"points\"}],\"severity\":\"warning\"},{\"frame_id\":0,\"type\":\"missing_annotation\",\"annotation_ids\":[{\"obj_id\":107,\"job_id\":28,\"type\":\"shape\",\"shape_type\":\"rectangle\"}],\"severity\":\"error\"},{\"frame_id\":0,\"type\":\"missing_annotation\",\"annotation_ids\":[{\"obj_id\":121,\"job_id\":28,\"type\":\"shape\",\"shape_type\":\"points\"}],\"severity\":\"error\"},{\"frame_id\":0,\"type\":\"missing_annotation\",\"annotation_ids\":[{\"obj_id\":122,\"job_id\":28,\"type\":\"shape\",\"shape_type\":\"points\"}],\"severity\":\"error\"},{\"frame_id\":0,\"type\":\"missing_annotation\",\"annotation_ids\":[{\"obj_id\":131,\"job_id\":28,\"type\":\"shape\",\"shape_type\":\"skeleton\"}],\"severity\":\"error\"},{\"frame_id\":0,\"type\":\"extra_annotation\",\"annotation_ids\":[{\"obj_id\":70,\"job_id\":27,\"type\":\"shape\",\"shape_type\":\"rectangle\"}],\"severity\":\"error\"},{\"frame_id\":0,\"type\":\"extra_annotation\",\"annotation_ids\":[{\"obj_id\":76,\"job_id\":27,\"type\":\"shape\",\"shape_type\":\"rectangle\"}],\"severity\":\"error\"},{\"frame_id\":0,\"type\":\"extra_annotation\",\"annotation_ids\":[{\"obj_id\":93,\"job_id\":27,\"type\":\"shape\",\"shape_type\":\"points\"}],\"severity\":\"error\"},{\"frame_id\":0,\"type\":\"extra_annotation\",\"annotation_ids\":[{\"obj_id\":74,\"job_id\":27,\"type\":\"shape\",\"shape_type\":\"polygon\"}],\"severity\":\"error\"},{\"frame_id\":0,\"type\":\"extra_annotation\",\"annotation_ids\":[{\"obj_id\":95,\"job_id\":27,\"type\":\"shape\",\"shape_type\":\"polygon\"}],\"severity\":\"error\"},{\"frame_id\":0,\"type\":\"extra_annotation\",\"annotation_ids\":[{\"obj_id\":73,\"job_id\":27,\"type\":\"shape\",\"shape_type\":\"polygon\"}],\"severity\":\"error\"},{\"frame_id\":0,\"type\":\"extra_annotation\",\"annotation_ids\":[{\"obj_id\":96,\"job_id\":27,\"type\":\"shape\",\"shape_type\":\"ellipse\"}],\"severity\":\"error\"},{\"frame_id\":0,\"type\":\"extra_annotation\",\"annotation_ids\":[{\"obj_id\":64,\"job_id\":27,\"type\":\"shape\",\"shape_type\":\"polyline\"}],\"severity\":\"error\"},{\"frame_id\":0,\"type\":\"extra_annotation\",\"annotation_ids\":[{\"obj_id\":66,\"job_id\":27,\"type\":\"shape\",\"shape_type\":\"polyline\"}],\"severity\":\"error\"},{\"frame_id\":0,\"type\":\"extra_annotation\",\"annotation_ids\":[{\"obj_id\":94,\"job_id\":27,\"type\":\"shape\",\"shape_type\":\"polyline\"}],\"severity\":\"error\"},{\"frame_id\":0,\"type\":\"extra_annotation\",\"annotation_ids\":[{\"obj_id\":142,\"job_id\":27,\"type\":\"shape\",\"shape_type\":\"skeleton\"}],\"severity\":\"error\"},{\"frame_id\":0,\"type\":\"mismatching_label\",\"annotation_ids\":[{\"obj_id\":92,\"job_id\":27,\"type\":\"shape\",\"shape_type\":\"points\"},{\"obj_id\":119,\"job_id\":28,\"type\":\"shape\",\"shape_type\":\"points\"}],\"severity\":\"error\"},{\"frame_id\":0,\"type\":\"mismatching_label\",\"annotation_ids\":[{\"obj_id\":89,\"job_id\":27,\"type\":\"shape\",\"shape_type\":\"points\"},{\"obj_id\":123,\"job_id\":28,\"type\":\"shape\",\"shape_type\":\"points\"}],\"severity\":\"error\"},{\"frame_id\":0,\"type\":\"mismatching_label\",\"annotation_ids\":[{\"obj_id\":69,\"job_id\":27,\"type\":\"shape\",\"shape_type\":\"mask\"},{\"obj_id\":97,\"job_id\":28,\"type\":\"shape\",\"shape_type\":\"polygon\"}],\"severity\":\"error\"},{\"frame_id\":0,\"type\":\"mismatching_direction\",\"annotation_ids\":[{\"obj_id\":67,\"job_id\":27,\"type\":\"shape\",\"shape_type\":\"polyline\"},{\"obj_id\":99,\"job_id\":28,\"type\":\"shape\",\"shape_type\":\"polyline\"}],\"severity\":\"warning\"},{\"frame_id\":0,\"type\":\"covered_annotation\",\"annotation_ids\":[{\"obj_id\":69,\"job_id\":27,\"type\":\"shape\",\"shape_type\":\"mask\"}],\"severity\":\"warning\"},{\"frame_id\":0,\"type\":\"mismatching_attributes\",\"annotation_ids\":[{\"obj_id\":65,\"job_id\":27,\"type\":\"shape\",\"shape_type\":\"rectangle\"},{\"obj_id\":101,\"job_id\":28,\"type\":\"shape\",\"shape_type\":\"rectangle\"}],\"severity\":\"warning\"},{\"frame_id\":0,\"type\":\"mismatching_groups\",\"annotation_ids\":[{\"obj_id\":82,\"job_id\":27,\"type\":\"shape\",\"shape_type\":\"rectangle\"},{\"obj_id\":103,\"job_id\":28,\"type\":\"shape\",\"shape_type\":\"rectangle\"}],\"severity\":\"warning\"},{\"frame_id\":0,\"type\":\"mismatching_groups\",\"annotation_ids\":[{\"obj_id\":81,\"job_id\":27,\"type\":\"shape\",\"shape_type\":\"rectangle\"},{\"obj_id\":104,\"job_id\":28,\"type\":\"shape\",\"shape_type\":\"rectangle\"}],\"severity\":\"warning\"},{\"frame_id\":0,\"type\":\"mismatching_groups\",\"annotation_ids\":[{\"obj_id\":83,\"job_id\":27,\"type\":\"shape\",\"shape_type\":\"rectangle\"},{\"obj_id\":105,\"job_id\":28,\"type\":\"shape\",\"shape_type\":\"rectangle\"}],\"severity\":\"warning\"},{\"frame_id\":0,\"type\":\"mismatching_groups\",\"annotation_ids\":[{\"obj_id\":87,\"job_id\":27,\"type\":\"shape\",\"shape_type\":\"rectangle\"},{\"obj_id\":106,\"job_id\":28,\"type\":\"shape\",\"shape_type\":\"rectangle\"}],\"severity\":\"warning\"},{\"frame_id\":0,\"type\":\"mismatching_groups\",\"annotation_ids\":[{\"obj_id\":80,\"job_id\":27,\"type\":\"shape\",\"shape_type\":\"rectangle\"},{\"obj_id\":111,\"job_id\":28,\"type\":\"shape\",\"shape_type\":\"rectangle\"}],\"severity\":\"warning\"},{\"frame_id\":0,\"type\":\"mismatching_groups\",\"annotation_ids\":[{\"obj_id\":77,\"job_id\":27,\"type\":\"shape\",\"shape_type\":\"rectangle\"},{\"obj_id\":114,\"job_id\":28,\"type\":\"shape\",\"shape_type\":\"rectangle\"}],\"severity\":\"warning\"}],\"annotations\":{\"valid_count\":22,\"missing_count\":4,\"extra_count\":11,\"total_count\":40,\"ds_count\":36,\"gt_count\":29,\"confusion_matrix\":{\"labels\":[\"dog\",\"cat\",\"skele\",\"unmatched\"],\"rows\":[[0,2,0,3],[1,21,0,7],[0,0,1,1],[1,2,1,0]],\"precision\":[0.0,0.7241379310344828,0.5,0.0],\"recall\":[0.0,0.84,0.5,0.0],\"accuracy\":[0.0,0.6363636363636364,0.3333333333333333,0.0],\"axes\":{\"cols\":\"gt\",\"rows\":\"ds\"}},\"accuracy\":0.55,\"precision\":0.6111111111111112,\"recall\":0.7586206896551724},\"annotation_components\":{\"shape\":{\"valid_count\":25,\"missing_count\":4,\"extra_count\":11,\"total_count\":40,\"ds_count\":36,\"gt_count\":29,\"mean_iou\":0.55702524096093,\"accuracy\":0.625},\"label\":{\"valid_count\":22,\"invalid_count\":3,\"total_count\":25,\"accuracy\":0.88}},\"conflict_count\":34,\"warning_count\":16,\"error_count\":18,\"conflicts_by_type\":{\"low_overlap\":7,\"missing_annotation\":4,\"extra_annotation\":11,\"mismatching_label\":3,\"mismatching_direction\":1,\"covered_annotation\":1,\"mismatching_attributes\":1,\"mismatching_groups\":6}},\"1\":{\"conflicts\":[{\"frame_id\":1,\"type\":\"missing_annotation\",\"annotation_ids\":[{\"obj_id\":130,\"job_id\":28,\"type\":\"shape\",\"shape_type\":\"rectangle\"}],\"severity\":\"error\"},{\"frame_id\":1,\"type\":\"missing_annotation\",\"annotation_ids\":[{\"obj_id\":128,\"job_id\":28,\"type\":\"shape\",\"shape_type\":\"points\"}],\"severity\":\"error\"},{\"frame_id\":1,\"type\":\"missing_annotation\",\"annotation_ids\":[{\"obj_id\":124,\"job_id\":28,\"type\":\"shape\",\"shape_type\":\"polygon\"}],\"severity\":\"error\"},{\"frame_id\":1,\"type\":\"missing_annotation\",\"annotation_ids\":[{\"obj_id\":125,\"job_id\":28,\"type\":\"shape\",\"shape_type\":\"ellipse\"}],\"severity\":\"error\"},{\"frame_id\":1,\"type\":\"missing_annotation\",\"annotation_ids\":[{\"obj_id\":127,\"job_id\":28,\"type\":\"shape\",\"shape_type\":\"mask\"}],\"severity\":\"error\"},{\"frame_id\":1,\"type\":\"missing_annotation\",\"annotation_ids\":[{\"obj_id\":129,\"job_id\":28,\"type\":\"shape\",\"shape_type\":\"polyline\"}],\"severity\":\"error\"}],\"annotations\":{\"valid_count\":0,\"missing_count\":6,\"extra_count\":0,\"total_count\":6,\"ds_count\":0,\"gt_count\":6,\"confusion_matrix\":{\"labels\":[\"dog\",\"cat\",\"skele\",\"unmatched\"],\"rows\":[[0,0,0,0],[0,0,0,0],[0,0,0,0],[0,6,0,0]],\"precision\":[0.0,0.0,0.0,0.0],\"recall\":[0.0,0.0,0.0,0.0],\"accuracy\":[0.0,0.0,0.0,0.0],\"axes\":{\"cols\":\"gt\",\"rows\":\"ds\"}},\"accuracy\":0.0,\"precision\":0.0,\"recall\":0.0},\"annotation_components\":{\"shape\":{\"valid_count\":0,\"missing_count\":6,\"extra_count\":0,\"total_count\":6,\"ds_count\":0,\"gt_count\":6,\"mean_iou\":0.0,\"accuracy\":0.0},\"label\":{\"valid_count\":0,\"invalid_count\":0,\"total_count\":0,\"accuracy\":0.0}},\"conflict_count\":6,\"warning_count\":0,\"error_count\":6,\"conflicts_by_type\":{\"missing_annotation\":6}},\"2\":{\"conflicts\":[],\"annotations\":{\"valid_count\":0,\"missing_count\":0,\"extra_count\":0,\"total_count\":0,\"ds_count\":0,\"gt_count\":0,\"confusion_matrix\":{\"labels\":[\"dog\",\"cat\",\"skele\",\"unmatched\"],\"rows\":[[0,0,0,0],[0,0,0,0],[0,0,0,0],[0,0,0,0]],\"precision\":[0.0,0.0,0.0,0.0],\"recall\":[0.0,0.0,0.0,0.0],\"accuracy\":[0.0,0.0,0.0,0.0],\"axes\":{\"cols\":\"gt\",\"rows\":\"ds\"}},\"accuracy\":0.0,\"precision\":0.0,\"recall\":0.0},\"annotation_components\":{\"shape\":{\"valid_count\":0,\"missing_count\":0,\"extra_count\":0,\"total_count\":0,\"ds_count\":0,\"gt_count\":0,\"mean_iou\":0,\"accuracy\":0.0},\"label\":{\"valid_count\":0,\"invalid_count\":0,\"total_count\":0,\"accuracy\":0.0}},\"conflict_count\":0,\"warning_count\":0,\"error_count\":0,\"conflicts_by_type\":{}}}}"
  }
},
{
  "model": "quality_control.qualityreport",
  "pk": 4,
  "fields": {
    "job": 27,
    "task": null,
    "parent": 3,
    "created_date": "2023-11-24T15:24:25.357Z",
    "target_last_updated": "2023-11-24T15:23:30.269Z",
    "gt_last_updated": "2023-11-24T15:18:55.216Z",
    "assignee": null,
    "assignee_last_updated": null,
    "data": "{\"parameters\":{\"included_annotation_types\":[\"bbox\",\"points\",\"mask\",\"polygon\",\"polyline\",\"skeleton\"],\"compare_attributes\":true,\"ignored_attributes\":[],\"iou_threshold\":0.4,\"low_overlap_threshold\":0.8,\"oks_sigma\":0.09,\"line_thickness\":0.01,\"compare_line_orientation\":true,\"line_orientation_threshold\":0.1,\"compare_groups\":true,\"group_match_threshold\":0.5,\"check_covered_annotations\":true,\"object_visibility_threshold\":0.05,\"panoptic_comparison\":true},\"comparison_summary\":{\"frame_share\":0.2727272727272727,\"frames\":[0,1,2],\"conflict_count\":40,\"warning_count\":16,\"error_count\":24,\"conflicts_by_type\":{\"low_overlap\":7,\"missing_annotation\":10,\"extra_annotation\":11,\"mismatching_label\":3,\"mismatching_direction\":1,\"covered_annotation\":1,\"mismatching_attributes\":1,\"mismatching_groups\":6},\"annotations\":{\"valid_count\":22,\"missing_count\":10,\"extra_count\":11,\"total_count\":46,\"ds_count\":36,\"gt_count\":35,\"confusion_matrix\":{\"labels\":[\"dog\",\"cat\",\"skele\",\"unmatched\"],\"rows\":[[0,2,0,3],[1,21,0,7],[0,0,1,1],[1,8,1,0]],\"precision\":[0.0,0.7241379310344828,0.5,0.0],\"recall\":[0.0,0.6774193548387096,0.5,0.0],\"accuracy\":[0.0,0.5384615384615384,0.3333333333333333,0.0],\"axes\":{\"cols\":\"gt\",\"rows\":\"ds\"}},\"accuracy\":0.4782608695652174,\"precision\":0.6111111111111112,\"recall\":0.6285714285714286},\"annotation_components\":{\"shape\":{\"valid_count\":25,\"missing_count\":10,\"extra_count\":11,\"total_count\":46,\"ds_count\":36,\"gt_count\":35,\"mean_iou\":0.18567508032031,\"accuracy\":0.5434782608695652},\"label\":{\"valid_count\":22,\"invalid_count\":3,\"total_count\":25,\"accuracy\":0.88}},\"frame_count\":3,\"mean_conflict_count\":13.333333333333334},\"frame_results\":{\"0\":{\"conflicts\":[{\"frame_id\":0,\"type\":\"low_overlap\",\"annotation_ids\":[{\"obj_id\":65,\"job_id\":27,\"type\":\"shape\",\"shape_type\":\"rectangle\"},{\"obj_id\":101,\"job_id\":28,\"type\":\"shape\",\"shape_type\":\"rectangle\"}],\"severity\":\"warning\"},{\"frame_id\":0,\"type\":\"low_overlap\",\"annotation_ids\":[{\"obj_id\":91,\"job_id\":27,\"type\":\"shape\",\"shape_type\":\"rectangle\"},{\"obj_id\":118,\"job_id\":28,\"type\":\"shape\",\"shape_type\":\"rectangle\"}],\"severity\":\"warning\"},{\"frame_id\":0,\"type\":\"low_overlap\",\"annotation_ids\":[{\"obj_id\":88,\"job_id\":27,\"type\":\"shape\",\"shape_type\":\"points\"},{\"obj_id\":102,\"job_id\":28,\"type\":\"shape\",\"shape_type\":\"points\"}],\"severity\":\"warning\"},{\"frame_id\":0,\"type\":\"low_overlap\",\"annotation_ids\":[{\"obj_id\":68,\"job_id\":27,\"type\":\"shape\",\"shape_type\":\"polygon\"},{\"obj_id\":98,\"job_id\":28,\"type\":\"shape\",\"shape_type\":\"polygon\"}],\"severity\":\"warning\"},{\"frame_id\":0,\"type\":\"low_overlap\",\"annotation_ids\":[{\"obj_id\":67,\"job_id\":27,\"type\":\"shape\",\"shape_type\":\"polyline\"},{\"obj_id\":99,\"job_id\":28,\"type\":\"shape\",\"shape_type\":\"polyline\"}],\"severity\":\"warning\"},{\"frame_id\":0,\"type\":\"low_overlap\",\"annotation_ids\":[{\"obj_id\":141,\"job_id\":27,\"type\":\"shape\",\"shape_type\":\"skeleton\"},{\"obj_id\":132,\"job_id\":28,\"type\":\"shape\",\"shape_type\":\"skeleton\"}],\"severity\":\"warning\"},{\"frame_id\":0,\"type\":\"low_overlap\",\"annotation_ids\":[{\"obj_id\":92,\"job_id\":27,\"type\":\"shape\",\"shape_type\":\"points\"},{\"obj_id\":119,\"job_id\":28,\"type\":\"shape\",\"shape_type\":\"points\"}],\"severity\":\"warning\"},{\"frame_id\":0,\"type\":\"missing_annotation\",\"annotation_ids\":[{\"obj_id\":107,\"job_id\":28,\"type\":\"shape\",\"shape_type\":\"rectangle\"}],\"severity\":\"error\"},{\"frame_id\":0,\"type\":\"missing_annotation\",\"annotation_ids\":[{\"obj_id\":121,\"job_id\":28,\"type\":\"shape\",\"shape_type\":\"points\"}],\"severity\":\"error\"},{\"frame_id\":0,\"type\":\"missing_annotation\",\"annotation_ids\":[{\"obj_id\":122,\"job_id\":28,\"type\":\"shape\",\"shape_type\":\"points\"}],\"severity\":\"error\"},{\"frame_id\":0,\"type\":\"missing_annotation\",\"annotation_ids\":[{\"obj_id\":131,\"job_id\":28,\"type\":\"shape\",\"shape_type\":\"skeleton\"}],\"severity\":\"error\"},{\"frame_id\":0,\"type\":\"extra_annotation\",\"annotation_ids\":[{\"obj_id\":70,\"job_id\":27,\"type\":\"shape\",\"shape_type\":\"rectangle\"}],\"severity\":\"error\"},{\"frame_id\":0,\"type\":\"extra_annotation\",\"annotation_ids\":[{\"obj_id\":76,\"job_id\":27,\"type\":\"shape\",\"shape_type\":\"rectangle\"}],\"severity\":\"error\"},{\"frame_id\":0,\"type\":\"extra_annotation\",\"annotation_ids\":[{\"obj_id\":93,\"job_id\":27,\"type\":\"shape\",\"shape_type\":\"points\"}],\"severity\":\"error\"},{\"frame_id\":0,\"type\":\"extra_annotation\",\"annotation_ids\":[{\"obj_id\":74,\"job_id\":27,\"type\":\"shape\",\"shape_type\":\"polygon\"}],\"severity\":\"error\"},{\"frame_id\":0,\"type\":\"extra_annotation\",\"annotation_ids\":[{\"obj_id\":95,\"job_id\":27,\"type\":\"shape\",\"shape_type\":\"polygon\"}],\"severity\":\"error\"},{\"frame_id\":0,\"type\":\"extra_annotation\",\"annotation_ids\":[{\"obj_id\":73,\"job_id\":27,\"type\":\"shape\",\"shape_type\":\"polygon\"}],\"severity\":\"error\"},{\"frame_id\":0,\"type\":\"extra_annotation\",\"annotation_ids\":[{\"obj_id\":96,\"job_id\":27,\"type\":\"shape\",\"shape_type\":\"ellipse\"}],\"severity\":\"error\"},{\"frame_id\":0,\"type\":\"extra_annotation\",\"annotation_ids\":[{\"obj_id\":64,\"job_id\":27,\"type\":\"shape\",\"shape_type\":\"polyline\"}],\"severity\":\"error\"},{\"frame_id\":0,\"type\":\"extra_annotation\",\"annotation_ids\":[{\"obj_id\":66,\"job_id\":27,\"type\":\"shape\",\"shape_type\":\"polyline\"}],\"severity\":\"error\"},{\"frame_id\":0,\"type\":\"extra_annotation\",\"annotation_ids\":[{\"obj_id\":94,\"job_id\":27,\"type\":\"shape\",\"shape_type\":\"polyline\"}],\"severity\":\"error\"},{\"frame_id\":0,\"type\":\"extra_annotation\",\"annotation_ids\":[{\"obj_id\":142,\"job_id\":27,\"type\":\"shape\",\"shape_type\":\"skeleton\"}],\"severity\":\"error\"},{\"frame_id\":0,\"type\":\"mismatching_label\",\"annotation_ids\":[{\"obj_id\":92,\"job_id\":27,\"type\":\"shape\",\"shape_type\":\"points\"},{\"obj_id\":119,\"job_id\":28,\"type\":\"shape\",\"shape_type\":\"points\"}],\"severity\":\"error\"},{\"frame_id\":0,\"type\":\"mismatching_label\",\"annotation_ids\":[{\"obj_id\":89,\"job_id\":27,\"type\":\"shape\",\"shape_type\":\"points\"},{\"obj_id\":123,\"job_id\":28,\"type\":\"shape\",\"shape_type\":\"points\"}],\"severity\":\"error\"},{\"frame_id\":0,\"type\":\"mismatching_label\",\"annotation_ids\":[{\"obj_id\":69,\"job_id\":27,\"type\":\"shape\",\"shape_type\":\"mask\"},{\"obj_id\":97,\"job_id\":28,\"type\":\"shape\",\"shape_type\":\"polygon\"}],\"severity\":\"error\"},{\"frame_id\":0,\"type\":\"mismatching_direction\",\"annotation_ids\":[{\"obj_id\":67,\"job_id\":27,\"type\":\"shape\",\"shape_type\":\"polyline\"},{\"obj_id\":99,\"job_id\":28,\"type\":\"shape\",\"shape_type\":\"polyline\"}],\"severity\":\"warning\"},{\"frame_id\":0,\"type\":\"covered_annotation\",\"annotation_ids\":[{\"obj_id\":69,\"job_id\":27,\"type\":\"shape\",\"shape_type\":\"mask\"}],\"severity\":\"warning\"},{\"frame_id\":0,\"type\":\"mismatching_attributes\",\"annotation_ids\":[{\"obj_id\":65,\"job_id\":27,\"type\":\"shape\",\"shape_type\":\"rectangle\"},{\"obj_id\":101,\"job_id\":28,\"type\":\"shape\",\"shape_type\":\"rectangle\"}],\"severity\":\"warning\"},{\"frame_id\":0,\"type\":\"mismatching_groups\",\"annotation_ids\":[{\"obj_id\":82,\"job_id\":27,\"type\":\"shape\",\"shape_type\":\"rectangle\"},{\"obj_id\":103,\"job_id\":28,\"type\":\"shape\",\"shape_type\":\"rectangle\"}],\"severity\":\"warning\"},{\"frame_id\":0,\"type\":\"mismatching_groups\",\"annotation_ids\":[{\"obj_id\":81,\"job_id\":27,\"type\":\"shape\",\"shape_type\":\"rectangle\"},{\"obj_id\":104,\"job_id\":28,\"type\":\"shape\",\"shape_type\":\"rectangle\"}],\"severity\":\"warning\"},{\"frame_id\":0,\"type\":\"mismatching_groups\",\"annotation_ids\":[{\"obj_id\":83,\"job_id\":27,\"type\":\"shape\",\"shape_type\":\"rectangle\"},{\"obj_id\":105,\"job_id\":28,\"type\":\"shape\",\"shape_type\":\"rectangle\"}],\"severity\":\"warning\"},{\"frame_id\":0,\"type\":\"mismatching_groups\",\"annotation_ids\":[{\"obj_id\":87,\"job_id\":27,\"type\":\"shape\",\"shape_type\":\"rectangle\"},{\"obj_id\":106,\"job_id\":28,\"type\":\"shape\",\"shape_type\":\"rectangle\"}],\"severity\":\"warning\"},{\"frame_id\":0,\"type\":\"mismatching_groups\",\"annotation_ids\":[{\"obj_id\":80,\"job_id\":27,\"type\":\"shape\",\"shape_type\":\"rectangle\"},{\"obj_id\":111,\"job_id\":28,\"type\":\"shape\",\"shape_type\":\"rectangle\"}],\"severity\":\"warning\"},{\"frame_id\":0,\"type\":\"mismatching_groups\",\"annotation_ids\":[{\"obj_id\":77,\"job_id\":27,\"type\":\"shape\",\"shape_type\":\"rectangle\"},{\"obj_id\":114,\"job_id\":28,\"type\":\"shape\",\"shape_type\":\"rectangle\"}],\"severity\":\"warning\"}],\"annotations\":{\"valid_count\":22,\"missing_count\":4,\"extra_count\":11,\"total_count\":40,\"ds_count\":36,\"gt_count\":29,\"confusion_matrix\":{\"labels\":[\"dog\",\"cat\",\"skele\",\"unmatched\"],\"rows\":[[0,2,0,3],[1,21,0,7],[0,0,1,1],[1,2,1,0]],\"precision\":[0.0,0.7241379310344828,0.5,0.0],\"recall\":[0.0,0.84,0.5,0.0],\"accuracy\":[0.0,0.6363636363636364,0.3333333333333333,0.0],\"axes\":{\"cols\":\"gt\",\"rows\":\"ds\"}},\"accuracy\":0.55,\"precision\":0.6111111111111112,\"recall\":0.7586206896551724},\"annotation_components\":{\"shape\":{\"valid_count\":25,\"missing_count\":4,\"extra_count\":11,\"total_count\":40,\"ds_count\":36,\"gt_count\":29,\"mean_iou\":0.55702524096093,\"accuracy\":0.625},\"label\":{\"valid_count\":22,\"invalid_count\":3,\"total_count\":25,\"accuracy\":0.88}},\"conflict_count\":34,\"warning_count\":16,\"error_count\":18,\"conflicts_by_type\":{\"low_overlap\":7,\"missing_annotation\":4,\"extra_annotation\":11,\"mismatching_label\":3,\"mismatching_direction\":1,\"covered_annotation\":1,\"mismatching_attributes\":1,\"mismatching_groups\":6}},\"1\":{\"conflicts\":[{\"frame_id\":1,\"type\":\"missing_annotation\",\"annotation_ids\":[{\"obj_id\":130,\"job_id\":28,\"type\":\"shape\",\"shape_type\":\"rectangle\"}],\"severity\":\"error\"},{\"frame_id\":1,\"type\":\"missing_annotation\",\"annotation_ids\":[{\"obj_id\":128,\"job_id\":28,\"type\":\"shape\",\"shape_type\":\"points\"}],\"severity\":\"error\"},{\"frame_id\":1,\"type\":\"missing_annotation\",\"annotation_ids\":[{\"obj_id\":124,\"job_id\":28,\"type\":\"shape\",\"shape_type\":\"polygon\"}],\"severity\":\"error\"},{\"frame_id\":1,\"type\":\"missing_annotation\",\"annotation_ids\":[{\"obj_id\":125,\"job_id\":28,\"type\":\"shape\",\"shape_type\":\"ellipse\"}],\"severity\":\"error\"},{\"frame_id\":1,\"type\":\"missing_annotation\",\"annotation_ids\":[{\"obj_id\":127,\"job_id\":28,\"type\":\"shape\",\"shape_type\":\"mask\"}],\"severity\":\"error\"},{\"frame_id\":1,\"type\":\"missing_annotation\",\"annotation_ids\":[{\"obj_id\":129,\"job_id\":28,\"type\":\"shape\",\"shape_type\":\"polyline\"}],\"severity\":\"error\"}],\"annotations\":{\"valid_count\":0,\"missing_count\":6,\"extra_count\":0,\"total_count\":6,\"ds_count\":0,\"gt_count\":6,\"confusion_matrix\":{\"labels\":[\"dog\",\"cat\",\"skele\",\"unmatched\"],\"rows\":[[0,0,0,0],[0,0,0,0],[0,0,0,0],[0,6,0,0]],\"precision\":[0.0,0.0,0.0,0.0],\"recall\":[0.0,0.0,0.0,0.0],\"accuracy\":[0.0,0.0,0.0,0.0],\"axes\":{\"cols\":\"gt\",\"rows\":\"ds\"}},\"accuracy\":0.0,\"precision\":0.0,\"recall\":0.0},\"annotation_components\":{\"shape\":{\"valid_count\":0,\"missing_count\":6,\"extra_count\":0,\"total_count\":6,\"ds_count\":0,\"gt_count\":6,\"mean_iou\":0.0,\"accuracy\":0.0},\"label\":{\"valid_count\":0,\"invalid_count\":0,\"total_count\":0,\"accuracy\":0.0}},\"conflict_count\":6,\"warning_count\":0,\"error_count\":6,\"conflicts_by_type\":{\"missing_annotation\":6}},\"2\":{\"conflicts\":[],\"annotations\":{\"valid_count\":0,\"missing_count\":0,\"extra_count\":0,\"total_count\":0,\"ds_count\":0,\"gt_count\":0,\"confusion_matrix\":{\"labels\":[\"dog\",\"cat\",\"skele\",\"unmatched\"],\"rows\":[[0,0,0,0],[0,0,0,0],[0,0,0,0],[0,0,0,0]],\"precision\":[0.0,0.0,0.0,0.0],\"recall\":[0.0,0.0,0.0,0.0],\"accuracy\":[0.0,0.0,0.0,0.0],\"axes\":{\"cols\":\"gt\",\"rows\":\"ds\"}},\"accuracy\":0.0,\"precision\":0.0,\"recall\":0.0},\"annotation_components\":{\"shape\":{\"valid_count\":0,\"missing_count\":0,\"extra_count\":0,\"total_count\":0,\"ds_count\":0,\"gt_count\":0,\"mean_iou\":0,\"accuracy\":0.0},\"label\":{\"valid_count\":0,\"invalid_count\":0,\"total_count\":0,\"accuracy\":0.0}},\"conflict_count\":0,\"warning_count\":0,\"error_count\":0,\"conflicts_by_type\":{}}}}"
  }
},
{
  "model": "quality_control.qualityreport",
  "pk": 5,
  "fields": {
    "job": null,
    "task": 22,
    "parent": null,
    "created_date": "2024-03-21T11:16:21.845Z",
    "target_last_updated": "2023-11-24T15:23:30.045Z",
    "gt_last_updated": "2023-11-24T15:18:55.216Z",
    "assignee": null,
    "assignee_last_updated": null,
    "data": "{\"parameters\":{\"included_annotation_types\":[\"bbox\",\"points\",\"mask\",\"polygon\",\"polyline\",\"skeleton\"],\"compare_attributes\":true,\"ignored_attributes\":[],\"iou_threshold\":0.4,\"low_overlap_threshold\":0.8,\"oks_sigma\":0.09,\"line_thickness\":0.01,\"compare_line_orientation\":true,\"line_orientation_threshold\":0.1,\"compare_groups\":true,\"group_match_threshold\":0.5,\"check_covered_annotations\":true,\"object_visibility_threshold\":0.05,\"panoptic_comparison\":true},\"comparison_summary\":{\"frame_share\":0.2727272727272727,\"frames\":[0,1,2],\"conflict_count\":40,\"warning_count\":16,\"error_count\":24,\"conflicts_by_type\":{\"low_overlap\":7,\"missing_annotation\":10,\"extra_annotation\":11,\"mismatching_label\":3,\"mismatching_direction\":1,\"covered_annotation\":1,\"mismatching_attributes\":1,\"mismatching_groups\":6},\"annotations\":{\"valid_count\":22,\"missing_count\":10,\"extra_count\":11,\"total_count\":46,\"ds_count\":36,\"gt_count\":35,\"confusion_matrix\":{\"labels\":[\"dog\",\"cat\",\"skele\",\"unmatched\"],\"rows\":[[0,2,0,3],[1,21,0,7],[0,0,1,1],[1,8,1,0]],\"precision\":[0.0,0.7241379310344828,0.5,0.0],\"recall\":[0.0,0.6774193548387096,0.5,0.0],\"accuracy\":[0.8478260869565217,0.6086956521739131,0.9565217391304348,0.5434782608695652],\"jaccard_index\":[0.0,0.5384615384615384,0.3333333333333333,0.0],\"axes\":{\"cols\":\"gt\",\"rows\":\"ds\"}},\"accuracy\":0.4782608695652174,\"precision\":0.6111111111111112,\"recall\":0.6285714285714286},\"annotation_components\":{\"shape\":{\"valid_count\":25,\"missing_count\":10,\"extra_count\":11,\"total_count\":46,\"ds_count\":36,\"gt_count\":35,\"mean_iou\":0.18567508032031,\"accuracy\":0.5434782608695652},\"label\":{\"valid_count\":22,\"invalid_count\":3,\"total_count\":25,\"accuracy\":0.88}},\"frame_count\":3,\"mean_conflict_count\":13.333333333333334},\"frame_results\":{\"0\":{\"conflicts\":[{\"frame_id\":0,\"type\":\"low_overlap\",\"annotation_ids\":[{\"obj_id\":65,\"job_id\":27,\"type\":\"shape\",\"shape_type\":\"rectangle\"},{\"obj_id\":101,\"job_id\":28,\"type\":\"shape\",\"shape_type\":\"rectangle\"}],\"severity\":\"warning\"},{\"frame_id\":0,\"type\":\"low_overlap\",\"annotation_ids\":[{\"obj_id\":91,\"job_id\":27,\"type\":\"shape\",\"shape_type\":\"rectangle\"},{\"obj_id\":118,\"job_id\":28,\"type\":\"shape\",\"shape_type\":\"rectangle\"}],\"severity\":\"warning\"},{\"frame_id\":0,\"type\":\"low_overlap\",\"annotation_ids\":[{\"obj_id\":88,\"job_id\":27,\"type\":\"shape\",\"shape_type\":\"points\"},{\"obj_id\":102,\"job_id\":28,\"type\":\"shape\",\"shape_type\":\"points\"}],\"severity\":\"warning\"},{\"frame_id\":0,\"type\":\"low_overlap\",\"annotation_ids\":[{\"obj_id\":68,\"job_id\":27,\"type\":\"shape\",\"shape_type\":\"polygon\"},{\"obj_id\":98,\"job_id\":28,\"type\":\"shape\",\"shape_type\":\"polygon\"}],\"severity\":\"warning\"},{\"frame_id\":0,\"type\":\"low_overlap\",\"annotation_ids\":[{\"obj_id\":67,\"job_id\":27,\"type\":\"shape\",\"shape_type\":\"polyline\"},{\"obj_id\":99,\"job_id\":28,\"type\":\"shape\",\"shape_type\":\"polyline\"}],\"severity\":\"warning\"},{\"frame_id\":0,\"type\":\"low_overlap\",\"annotation_ids\":[{\"obj_id\":141,\"job_id\":27,\"type\":\"shape\",\"shape_type\":\"skeleton\"},{\"obj_id\":132,\"job_id\":28,\"type\":\"shape\",\"shape_type\":\"skeleton\"}],\"severity\":\"warning\"},{\"frame_id\":0,\"type\":\"low_overlap\",\"annotation_ids\":[{\"obj_id\":92,\"job_id\":27,\"type\":\"shape\",\"shape_type\":\"points\"},{\"obj_id\":119,\"job_id\":28,\"type\":\"shape\",\"shape_type\":\"points\"}],\"severity\":\"warning\"},{\"frame_id\":0,\"type\":\"missing_annotation\",\"annotation_ids\":[{\"obj_id\":107,\"job_id\":28,\"type\":\"shape\",\"shape_type\":\"rectangle\"}],\"severity\":\"error\"},{\"frame_id\":0,\"type\":\"missing_annotation\",\"annotation_ids\":[{\"obj_id\":121,\"job_id\":28,\"type\":\"shape\",\"shape_type\":\"points\"}],\"severity\":\"error\"},{\"frame_id\":0,\"type\":\"missing_annotation\",\"annotation_ids\":[{\"obj_id\":122,\"job_id\":28,\"type\":\"shape\",\"shape_type\":\"points\"}],\"severity\":\"error\"},{\"frame_id\":0,\"type\":\"missing_annotation\",\"annotation_ids\":[{\"obj_id\":131,\"job_id\":28,\"type\":\"shape\",\"shape_type\":\"skeleton\"}],\"severity\":\"error\"},{\"frame_id\":0,\"type\":\"extra_annotation\",\"annotation_ids\":[{\"obj_id\":70,\"job_id\":27,\"type\":\"shape\",\"shape_type\":\"rectangle\"}],\"severity\":\"error\"},{\"frame_id\":0,\"type\":\"extra_annotation\",\"annotation_ids\":[{\"obj_id\":76,\"job_id\":27,\"type\":\"shape\",\"shape_type\":\"rectangle\"}],\"severity\":\"error\"},{\"frame_id\":0,\"type\":\"extra_annotation\",\"annotation_ids\":[{\"obj_id\":93,\"job_id\":27,\"type\":\"shape\",\"shape_type\":\"points\"}],\"severity\":\"error\"},{\"frame_id\":0,\"type\":\"extra_annotation\",\"annotation_ids\":[{\"obj_id\":74,\"job_id\":27,\"type\":\"shape\",\"shape_type\":\"polygon\"}],\"severity\":\"error\"},{\"frame_id\":0,\"type\":\"extra_annotation\",\"annotation_ids\":[{\"obj_id\":95,\"job_id\":27,\"type\":\"shape\",\"shape_type\":\"polygon\"}],\"severity\":\"error\"},{\"frame_id\":0,\"type\":\"extra_annotation\",\"annotation_ids\":[{\"obj_id\":73,\"job_id\":27,\"type\":\"shape\",\"shape_type\":\"polygon\"}],\"severity\":\"error\"},{\"frame_id\":0,\"type\":\"extra_annotation\",\"annotation_ids\":[{\"obj_id\":96,\"job_id\":27,\"type\":\"shape\",\"shape_type\":\"ellipse\"}],\"severity\":\"error\"},{\"frame_id\":0,\"type\":\"extra_annotation\",\"annotation_ids\":[{\"obj_id\":64,\"job_id\":27,\"type\":\"shape\",\"shape_type\":\"polyline\"}],\"severity\":\"error\"},{\"frame_id\":0,\"type\":\"extra_annotation\",\"annotation_ids\":[{\"obj_id\":66,\"job_id\":27,\"type\":\"shape\",\"shape_type\":\"polyline\"}],\"severity\":\"error\"},{\"frame_id\":0,\"type\":\"extra_annotation\",\"annotation_ids\":[{\"obj_id\":94,\"job_id\":27,\"type\":\"shape\",\"shape_type\":\"polyline\"}],\"severity\":\"error\"},{\"frame_id\":0,\"type\":\"extra_annotation\",\"annotation_ids\":[{\"obj_id\":142,\"job_id\":27,\"type\":\"shape\",\"shape_type\":\"skeleton\"}],\"severity\":\"error\"},{\"frame_id\":0,\"type\":\"mismatching_label\",\"annotation_ids\":[{\"obj_id\":92,\"job_id\":27,\"type\":\"shape\",\"shape_type\":\"points\"},{\"obj_id\":119,\"job_id\":28,\"type\":\"shape\",\"shape_type\":\"points\"}],\"severity\":\"error\"},{\"frame_id\":0,\"type\":\"mismatching_label\",\"annotation_ids\":[{\"obj_id\":89,\"job_id\":27,\"type\":\"shape\",\"shape_type\":\"points\"},{\"obj_id\":123,\"job_id\":28,\"type\":\"shape\",\"shape_type\":\"points\"}],\"severity\":\"error\"},{\"frame_id\":0,\"type\":\"mismatching_label\",\"annotation_ids\":[{\"obj_id\":69,\"job_id\":27,\"type\":\"shape\",\"shape_type\":\"mask\"},{\"obj_id\":97,\"job_id\":28,\"type\":\"shape\",\"shape_type\":\"polygon\"}],\"severity\":\"error\"},{\"frame_id\":0,\"type\":\"mismatching_direction\",\"annotation_ids\":[{\"obj_id\":67,\"job_id\":27,\"type\":\"shape\",\"shape_type\":\"polyline\"},{\"obj_id\":99,\"job_id\":28,\"type\":\"shape\",\"shape_type\":\"polyline\"}],\"severity\":\"warning\"},{\"frame_id\":0,\"type\":\"covered_annotation\",\"annotation_ids\":[{\"obj_id\":69,\"job_id\":27,\"type\":\"shape\",\"shape_type\":\"mask\"}],\"severity\":\"warning\"},{\"frame_id\":0,\"type\":\"mismatching_attributes\",\"annotation_ids\":[{\"obj_id\":65,\"job_id\":27,\"type\":\"shape\",\"shape_type\":\"rectangle\"},{\"obj_id\":101,\"job_id\":28,\"type\":\"shape\",\"shape_type\":\"rectangle\"}],\"severity\":\"warning\"},{\"frame_id\":0,\"type\":\"mismatching_groups\",\"annotation_ids\":[{\"obj_id\":82,\"job_id\":27,\"type\":\"shape\",\"shape_type\":\"rectangle\"},{\"obj_id\":103,\"job_id\":28,\"type\":\"shape\",\"shape_type\":\"rectangle\"}],\"severity\":\"warning\"},{\"frame_id\":0,\"type\":\"mismatching_groups\",\"annotation_ids\":[{\"obj_id\":81,\"job_id\":27,\"type\":\"shape\",\"shape_type\":\"rectangle\"},{\"obj_id\":104,\"job_id\":28,\"type\":\"shape\",\"shape_type\":\"rectangle\"}],\"severity\":\"warning\"},{\"frame_id\":0,\"type\":\"mismatching_groups\",\"annotation_ids\":[{\"obj_id\":83,\"job_id\":27,\"type\":\"shape\",\"shape_type\":\"rectangle\"},{\"obj_id\":105,\"job_id\":28,\"type\":\"shape\",\"shape_type\":\"rectangle\"}],\"severity\":\"warning\"},{\"frame_id\":0,\"type\":\"mismatching_groups\",\"annotation_ids\":[{\"obj_id\":87,\"job_id\":27,\"type\":\"shape\",\"shape_type\":\"rectangle\"},{\"obj_id\":106,\"job_id\":28,\"type\":\"shape\",\"shape_type\":\"rectangle\"}],\"severity\":\"warning\"},{\"frame_id\":0,\"type\":\"mismatching_groups\",\"annotation_ids\":[{\"obj_id\":80,\"job_id\":27,\"type\":\"shape\",\"shape_type\":\"rectangle\"},{\"obj_id\":111,\"job_id\":28,\"type\":\"shape\",\"shape_type\":\"rectangle\"}],\"severity\":\"warning\"},{\"frame_id\":0,\"type\":\"mismatching_groups\",\"annotation_ids\":[{\"obj_id\":77,\"job_id\":27,\"type\":\"shape\",\"shape_type\":\"rectangle\"},{\"obj_id\":114,\"job_id\":28,\"type\":\"shape\",\"shape_type\":\"rectangle\"}],\"severity\":\"warning\"}],\"annotations\":{\"valid_count\":22,\"missing_count\":4,\"extra_count\":11,\"total_count\":40,\"ds_count\":36,\"gt_count\":29,\"confusion_matrix\":{\"labels\":[\"dog\",\"cat\",\"skele\",\"unmatched\"],\"rows\":[[0,2,0,3],[1,21,0,7],[0,0,1,1],[1,2,1,0]],\"precision\":[0.0,0.7241379310344828,0.5,0.0],\"recall\":[0.0,0.84,0.5,0.0],\"accuracy\":[0.825,0.7,0.95,0.625],\"jaccard_index\":[0.0,0.6363636363636364,0.3333333333333333,0.0],\"axes\":{\"cols\":\"gt\",\"rows\":\"ds\"}},\"accuracy\":0.55,\"precision\":0.6111111111111112,\"recall\":0.7586206896551724},\"annotation_components\":{\"shape\":{\"valid_count\":25,\"missing_count\":4,\"extra_count\":11,\"total_count\":40,\"ds_count\":36,\"gt_count\":29,\"mean_iou\":0.55702524096093,\"accuracy\":0.625},\"label\":{\"valid_count\":22,\"invalid_count\":3,\"total_count\":25,\"accuracy\":0.88}},\"conflict_count\":34,\"warning_count\":16,\"error_count\":18,\"conflicts_by_type\":{\"low_overlap\":7,\"missing_annotation\":4,\"extra_annotation\":11,\"mismatching_label\":3,\"mismatching_direction\":1,\"covered_annotation\":1,\"mismatching_attributes\":1,\"mismatching_groups\":6}},\"1\":{\"conflicts\":[{\"frame_id\":1,\"type\":\"missing_annotation\",\"annotation_ids\":[{\"obj_id\":130,\"job_id\":28,\"type\":\"shape\",\"shape_type\":\"rectangle\"}],\"severity\":\"error\"},{\"frame_id\":1,\"type\":\"missing_annotation\",\"annotation_ids\":[{\"obj_id\":128,\"job_id\":28,\"type\":\"shape\",\"shape_type\":\"points\"}],\"severity\":\"error\"},{\"frame_id\":1,\"type\":\"missing_annotation\",\"annotation_ids\":[{\"obj_id\":124,\"job_id\":28,\"type\":\"shape\",\"shape_type\":\"polygon\"}],\"severity\":\"error\"},{\"frame_id\":1,\"type\":\"missing_annotation\",\"annotation_ids\":[{\"obj_id\":125,\"job_id\":28,\"type\":\"shape\",\"shape_type\":\"ellipse\"}],\"severity\":\"error\"},{\"frame_id\":1,\"type\":\"missing_annotation\",\"annotation_ids\":[{\"obj_id\":127,\"job_id\":28,\"type\":\"shape\",\"shape_type\":\"mask\"}],\"severity\":\"error\"},{\"frame_id\":1,\"type\":\"missing_annotation\",\"annotation_ids\":[{\"obj_id\":129,\"job_id\":28,\"type\":\"shape\",\"shape_type\":\"polyline\"}],\"severity\":\"error\"}],\"annotations\":{\"valid_count\":0,\"missing_count\":6,\"extra_count\":0,\"total_count\":6,\"ds_count\":0,\"gt_count\":6,\"confusion_matrix\":{\"labels\":[\"dog\",\"cat\",\"skele\",\"unmatched\"],\"rows\":[[0,0,0,0],[0,0,0,0],[0,0,0,0],[0,6,0,0]],\"precision\":[0.0,0.0,0.0,0.0],\"recall\":[0.0,0.0,0.0,0.0],\"accuracy\":[1.0,0.0,1.0,0.0],\"jaccard_index\":[0.0,0.0,0.0,0.0],\"axes\":{\"cols\":\"gt\",\"rows\":\"ds\"}},\"accuracy\":0.0,\"precision\":0.0,\"recall\":0.0},\"annotation_components\":{\"shape\":{\"valid_count\":0,\"missing_count\":6,\"extra_count\":0,\"total_count\":6,\"ds_count\":0,\"gt_count\":6,\"mean_iou\":0.0,\"accuracy\":0.0},\"label\":{\"valid_count\":0,\"invalid_count\":0,\"total_count\":0,\"accuracy\":0.0}},\"conflict_count\":6,\"warning_count\":0,\"error_count\":6,\"conflicts_by_type\":{\"missing_annotation\":6}},\"2\":{\"conflicts\":[],\"annotations\":{\"valid_count\":0,\"missing_count\":0,\"extra_count\":0,\"total_count\":0,\"ds_count\":0,\"gt_count\":0,\"confusion_matrix\":{\"labels\":[\"dog\",\"cat\",\"skele\",\"unmatched\"],\"rows\":[[0,0,0,0],[0,0,0,0],[0,0,0,0],[0,0,0,0]],\"precision\":[0.0,0.0,0.0,0.0],\"recall\":[0.0,0.0,0.0,0.0],\"accuracy\":[0.0,0.0,0.0,0.0],\"jaccard_index\":[0.0,0.0,0.0,0.0],\"axes\":{\"cols\":\"gt\",\"rows\":\"ds\"}},\"accuracy\":0.0,\"precision\":0.0,\"recall\":0.0},\"annotation_components\":{\"shape\":{\"valid_count\":0,\"missing_count\":0,\"extra_count\":0,\"total_count\":0,\"ds_count\":0,\"gt_count\":0,\"mean_iou\":0,\"accuracy\":0.0},\"label\":{\"valid_count\":0,\"invalid_count\":0,\"total_count\":0,\"accuracy\":0.0}},\"conflict_count\":0,\"warning_count\":0,\"error_count\":0,\"conflicts_by_type\":{}}}}"
  }
},
{
  "model": "quality_control.qualityreport",
  "pk": 6,
  "fields": {
    "job": 27,
    "task": null,
    "parent": 5,
    "created_date": "2024-03-21T11:16:21.847Z",
    "target_last_updated": "2023-11-24T15:23:30.269Z",
    "gt_last_updated": "2023-11-24T15:18:55.216Z",
    "assignee": null,
    "assignee_last_updated": null,
    "data": "{\"parameters\":{\"included_annotation_types\":[\"bbox\",\"points\",\"mask\",\"polygon\",\"polyline\",\"skeleton\"],\"compare_attributes\":true,\"ignored_attributes\":[],\"iou_threshold\":0.4,\"low_overlap_threshold\":0.8,\"oks_sigma\":0.09,\"line_thickness\":0.01,\"compare_line_orientation\":true,\"line_orientation_threshold\":0.1,\"compare_groups\":true,\"group_match_threshold\":0.5,\"check_covered_annotations\":true,\"object_visibility_threshold\":0.05,\"panoptic_comparison\":true},\"comparison_summary\":{\"frame_share\":0.2727272727272727,\"frames\":[0,1,2],\"conflict_count\":40,\"warning_count\":16,\"error_count\":24,\"conflicts_by_type\":{\"low_overlap\":7,\"missing_annotation\":10,\"extra_annotation\":11,\"mismatching_label\":3,\"mismatching_direction\":1,\"covered_annotation\":1,\"mismatching_attributes\":1,\"mismatching_groups\":6},\"annotations\":{\"valid_count\":22,\"missing_count\":10,\"extra_count\":11,\"total_count\":46,\"ds_count\":36,\"gt_count\":35,\"confusion_matrix\":{\"labels\":[\"dog\",\"cat\",\"skele\",\"unmatched\"],\"rows\":[[0,2,0,3],[1,21,0,7],[0,0,1,1],[1,8,1,0]],\"precision\":[0.0,0.7241379310344828,0.5,0.0],\"recall\":[0.0,0.6774193548387096,0.5,0.0],\"accuracy\":[0.8478260869565217,0.6086956521739131,0.9565217391304348,0.5434782608695652],\"jaccard_index\":[0.0,0.5384615384615384,0.3333333333333333,0.0],\"axes\":{\"cols\":\"gt\",\"rows\":\"ds\"}},\"accuracy\":0.4782608695652174,\"precision\":0.6111111111111112,\"recall\":0.6285714285714286},\"annotation_components\":{\"shape\":{\"valid_count\":25,\"missing_count\":10,\"extra_count\":11,\"total_count\":46,\"ds_count\":36,\"gt_count\":35,\"mean_iou\":0.18567508032031,\"accuracy\":0.5434782608695652},\"label\":{\"valid_count\":22,\"invalid_count\":3,\"total_count\":25,\"accuracy\":0.88}},\"frame_count\":3,\"mean_conflict_count\":13.333333333333334},\"frame_results\":{\"0\":{\"conflicts\":[{\"frame_id\":0,\"type\":\"low_overlap\",\"annotation_ids\":[{\"obj_id\":65,\"job_id\":27,\"type\":\"shape\",\"shape_type\":\"rectangle\"},{\"obj_id\":101,\"job_id\":28,\"type\":\"shape\",\"shape_type\":\"rectangle\"}],\"severity\":\"warning\"},{\"frame_id\":0,\"type\":\"low_overlap\",\"annotation_ids\":[{\"obj_id\":91,\"job_id\":27,\"type\":\"shape\",\"shape_type\":\"rectangle\"},{\"obj_id\":118,\"job_id\":28,\"type\":\"shape\",\"shape_type\":\"rectangle\"}],\"severity\":\"warning\"},{\"frame_id\":0,\"type\":\"low_overlap\",\"annotation_ids\":[{\"obj_id\":88,\"job_id\":27,\"type\":\"shape\",\"shape_type\":\"points\"},{\"obj_id\":102,\"job_id\":28,\"type\":\"shape\",\"shape_type\":\"points\"}],\"severity\":\"warning\"},{\"frame_id\":0,\"type\":\"low_overlap\",\"annotation_ids\":[{\"obj_id\":68,\"job_id\":27,\"type\":\"shape\",\"shape_type\":\"polygon\"},{\"obj_id\":98,\"job_id\":28,\"type\":\"shape\",\"shape_type\":\"polygon\"}],\"severity\":\"warning\"},{\"frame_id\":0,\"type\":\"low_overlap\",\"annotation_ids\":[{\"obj_id\":67,\"job_id\":27,\"type\":\"shape\",\"shape_type\":\"polyline\"},{\"obj_id\":99,\"job_id\":28,\"type\":\"shape\",\"shape_type\":\"polyline\"}],\"severity\":\"warning\"},{\"frame_id\":0,\"type\":\"low_overlap\",\"annotation_ids\":[{\"obj_id\":141,\"job_id\":27,\"type\":\"shape\",\"shape_type\":\"skeleton\"},{\"obj_id\":132,\"job_id\":28,\"type\":\"shape\",\"shape_type\":\"skeleton\"}],\"severity\":\"warning\"},{\"frame_id\":0,\"type\":\"low_overlap\",\"annotation_ids\":[{\"obj_id\":92,\"job_id\":27,\"type\":\"shape\",\"shape_type\":\"points\"},{\"obj_id\":119,\"job_id\":28,\"type\":\"shape\",\"shape_type\":\"points\"}],\"severity\":\"warning\"},{\"frame_id\":0,\"type\":\"missing_annotation\",\"annotation_ids\":[{\"obj_id\":107,\"job_id\":28,\"type\":\"shape\",\"shape_type\":\"rectangle\"}],\"severity\":\"error\"},{\"frame_id\":0,\"type\":\"missing_annotation\",\"annotation_ids\":[{\"obj_id\":121,\"job_id\":28,\"type\":\"shape\",\"shape_type\":\"points\"}],\"severity\":\"error\"},{\"frame_id\":0,\"type\":\"missing_annotation\",\"annotation_ids\":[{\"obj_id\":122,\"job_id\":28,\"type\":\"shape\",\"shape_type\":\"points\"}],\"severity\":\"error\"},{\"frame_id\":0,\"type\":\"missing_annotation\",\"annotation_ids\":[{\"obj_id\":131,\"job_id\":28,\"type\":\"shape\",\"shape_type\":\"skeleton\"}],\"severity\":\"error\"},{\"frame_id\":0,\"type\":\"extra_annotation\",\"annotation_ids\":[{\"obj_id\":70,\"job_id\":27,\"type\":\"shape\",\"shape_type\":\"rectangle\"}],\"severity\":\"error\"},{\"frame_id\":0,\"type\":\"extra_annotation\",\"annotation_ids\":[{\"obj_id\":76,\"job_id\":27,\"type\":\"shape\",\"shape_type\":\"rectangle\"}],\"severity\":\"error\"},{\"frame_id\":0,\"type\":\"extra_annotation\",\"annotation_ids\":[{\"obj_id\":93,\"job_id\":27,\"type\":\"shape\",\"shape_type\":\"points\"}],\"severity\":\"error\"},{\"frame_id\":0,\"type\":\"extra_annotation\",\"annotation_ids\":[{\"obj_id\":74,\"job_id\":27,\"type\":\"shape\",\"shape_type\":\"polygon\"}],\"severity\":\"error\"},{\"frame_id\":0,\"type\":\"extra_annotation\",\"annotation_ids\":[{\"obj_id\":95,\"job_id\":27,\"type\":\"shape\",\"shape_type\":\"polygon\"}],\"severity\":\"error\"},{\"frame_id\":0,\"type\":\"extra_annotation\",\"annotation_ids\":[{\"obj_id\":73,\"job_id\":27,\"type\":\"shape\",\"shape_type\":\"polygon\"}],\"severity\":\"error\"},{\"frame_id\":0,\"type\":\"extra_annotation\",\"annotation_ids\":[{\"obj_id\":96,\"job_id\":27,\"type\":\"shape\",\"shape_type\":\"ellipse\"}],\"severity\":\"error\"},{\"frame_id\":0,\"type\":\"extra_annotation\",\"annotation_ids\":[{\"obj_id\":64,\"job_id\":27,\"type\":\"shape\",\"shape_type\":\"polyline\"}],\"severity\":\"error\"},{\"frame_id\":0,\"type\":\"extra_annotation\",\"annotation_ids\":[{\"obj_id\":66,\"job_id\":27,\"type\":\"shape\",\"shape_type\":\"polyline\"}],\"severity\":\"error\"},{\"frame_id\":0,\"type\":\"extra_annotation\",\"annotation_ids\":[{\"obj_id\":94,\"job_id\":27,\"type\":\"shape\",\"shape_type\":\"polyline\"}],\"severity\":\"error\"},{\"frame_id\":0,\"type\":\"extra_annotation\",\"annotation_ids\":[{\"obj_id\":142,\"job_id\":27,\"type\":\"shape\",\"shape_type\":\"skeleton\"}],\"severity\":\"error\"},{\"frame_id\":0,\"type\":\"mismatching_label\",\"annotation_ids\":[{\"obj_id\":92,\"job_id\":27,\"type\":\"shape\",\"shape_type\":\"points\"},{\"obj_id\":119,\"job_id\":28,\"type\":\"shape\",\"shape_type\":\"points\"}],\"severity\":\"error\"},{\"frame_id\":0,\"type\":\"mismatching_label\",\"annotation_ids\":[{\"obj_id\":89,\"job_id\":27,\"type\":\"shape\",\"shape_type\":\"points\"},{\"obj_id\":123,\"job_id\":28,\"type\":\"shape\",\"shape_type\":\"points\"}],\"severity\":\"error\"},{\"frame_id\":0,\"type\":\"mismatching_label\",\"annotation_ids\":[{\"obj_id\":69,\"job_id\":27,\"type\":\"shape\",\"shape_type\":\"mask\"},{\"obj_id\":97,\"job_id\":28,\"type\":\"shape\",\"shape_type\":\"polygon\"}],\"severity\":\"error\"},{\"frame_id\":0,\"type\":\"mismatching_direction\",\"annotation_ids\":[{\"obj_id\":67,\"job_id\":27,\"type\":\"shape\",\"shape_type\":\"polyline\"},{\"obj_id\":99,\"job_id\":28,\"type\":\"shape\",\"shape_type\":\"polyline\"}],\"severity\":\"warning\"},{\"frame_id\":0,\"type\":\"covered_annotation\",\"annotation_ids\":[{\"obj_id\":69,\"job_id\":27,\"type\":\"shape\",\"shape_type\":\"mask\"}],\"severity\":\"warning\"},{\"frame_id\":0,\"type\":\"mismatching_attributes\",\"annotation_ids\":[{\"obj_id\":65,\"job_id\":27,\"type\":\"shape\",\"shape_type\":\"rectangle\"},{\"obj_id\":101,\"job_id\":28,\"type\":\"shape\",\"shape_type\":\"rectangle\"}],\"severity\":\"warning\"},{\"frame_id\":0,\"type\":\"mismatching_groups\",\"annotation_ids\":[{\"obj_id\":82,\"job_id\":27,\"type\":\"shape\",\"shape_type\":\"rectangle\"},{\"obj_id\":103,\"job_id\":28,\"type\":\"shape\",\"shape_type\":\"rectangle\"}],\"severity\":\"warning\"},{\"frame_id\":0,\"type\":\"mismatching_groups\",\"annotation_ids\":[{\"obj_id\":81,\"job_id\":27,\"type\":\"shape\",\"shape_type\":\"rectangle\"},{\"obj_id\":104,\"job_id\":28,\"type\":\"shape\",\"shape_type\":\"rectangle\"}],\"severity\":\"warning\"},{\"frame_id\":0,\"type\":\"mismatching_groups\",\"annotation_ids\":[{\"obj_id\":83,\"job_id\":27,\"type\":\"shape\",\"shape_type\":\"rectangle\"},{\"obj_id\":105,\"job_id\":28,\"type\":\"shape\",\"shape_type\":\"rectangle\"}],\"severity\":\"warning\"},{\"frame_id\":0,\"type\":\"mismatching_groups\",\"annotation_ids\":[{\"obj_id\":87,\"job_id\":27,\"type\":\"shape\",\"shape_type\":\"rectangle\"},{\"obj_id\":106,\"job_id\":28,\"type\":\"shape\",\"shape_type\":\"rectangle\"}],\"severity\":\"warning\"},{\"frame_id\":0,\"type\":\"mismatching_groups\",\"annotation_ids\":[{\"obj_id\":80,\"job_id\":27,\"type\":\"shape\",\"shape_type\":\"rectangle\"},{\"obj_id\":111,\"job_id\":28,\"type\":\"shape\",\"shape_type\":\"rectangle\"}],\"severity\":\"warning\"},{\"frame_id\":0,\"type\":\"mismatching_groups\",\"annotation_ids\":[{\"obj_id\":77,\"job_id\":27,\"type\":\"shape\",\"shape_type\":\"rectangle\"},{\"obj_id\":114,\"job_id\":28,\"type\":\"shape\",\"shape_type\":\"rectangle\"}],\"severity\":\"warning\"}],\"annotations\":{\"valid_count\":22,\"missing_count\":4,\"extra_count\":11,\"total_count\":40,\"ds_count\":36,\"gt_count\":29,\"confusion_matrix\":{\"labels\":[\"dog\",\"cat\",\"skele\",\"unmatched\"],\"rows\":[[0,2,0,3],[1,21,0,7],[0,0,1,1],[1,2,1,0]],\"precision\":[0.0,0.7241379310344828,0.5,0.0],\"recall\":[0.0,0.84,0.5,0.0],\"accuracy\":[0.825,0.7,0.95,0.625],\"jaccard_index\":[0.0,0.6363636363636364,0.3333333333333333,0.0],\"axes\":{\"cols\":\"gt\",\"rows\":\"ds\"}},\"accuracy\":0.55,\"precision\":0.6111111111111112,\"recall\":0.7586206896551724},\"annotation_components\":{\"shape\":{\"valid_count\":25,\"missing_count\":4,\"extra_count\":11,\"total_count\":40,\"ds_count\":36,\"gt_count\":29,\"mean_iou\":0.55702524096093,\"accuracy\":0.625},\"label\":{\"valid_count\":22,\"invalid_count\":3,\"total_count\":25,\"accuracy\":0.88}},\"conflict_count\":34,\"warning_count\":16,\"error_count\":18,\"conflicts_by_type\":{\"low_overlap\":7,\"missing_annotation\":4,\"extra_annotation\":11,\"mismatching_label\":3,\"mismatching_direction\":1,\"covered_annotation\":1,\"mismatching_attributes\":1,\"mismatching_groups\":6}},\"1\":{\"conflicts\":[{\"frame_id\":1,\"type\":\"missing_annotation\",\"annotation_ids\":[{\"obj_id\":130,\"job_id\":28,\"type\":\"shape\",\"shape_type\":\"rectangle\"}],\"severity\":\"error\"},{\"frame_id\":1,\"type\":\"missing_annotation\",\"annotation_ids\":[{\"obj_id\":128,\"job_id\":28,\"type\":\"shape\",\"shape_type\":\"points\"}],\"severity\":\"error\"},{\"frame_id\":1,\"type\":\"missing_annotation\",\"annotation_ids\":[{\"obj_id\":124,\"job_id\":28,\"type\":\"shape\",\"shape_type\":\"polygon\"}],\"severity\":\"error\"},{\"frame_id\":1,\"type\":\"missing_annotation\",\"annotation_ids\":[{\"obj_id\":125,\"job_id\":28,\"type\":\"shape\",\"shape_type\":\"ellipse\"}],\"severity\":\"error\"},{\"frame_id\":1,\"type\":\"missing_annotation\",\"annotation_ids\":[{\"obj_id\":127,\"job_id\":28,\"type\":\"shape\",\"shape_type\":\"mask\"}],\"severity\":\"error\"},{\"frame_id\":1,\"type\":\"missing_annotation\",\"annotation_ids\":[{\"obj_id\":129,\"job_id\":28,\"type\":\"shape\",\"shape_type\":\"polyline\"}],\"severity\":\"error\"}],\"annotations\":{\"valid_count\":0,\"missing_count\":6,\"extra_count\":0,\"total_count\":6,\"ds_count\":0,\"gt_count\":6,\"confusion_matrix\":{\"labels\":[\"dog\",\"cat\",\"skele\",\"unmatched\"],\"rows\":[[0,0,0,0],[0,0,0,0],[0,0,0,0],[0,6,0,0]],\"precision\":[0.0,0.0,0.0,0.0],\"recall\":[0.0,0.0,0.0,0.0],\"accuracy\":[1.0,0.0,1.0,0.0],\"jaccard_index\":[0.0,0.0,0.0,0.0],\"axes\":{\"cols\":\"gt\",\"rows\":\"ds\"}},\"accuracy\":0.0,\"precision\":0.0,\"recall\":0.0},\"annotation_components\":{\"shape\":{\"valid_count\":0,\"missing_count\":6,\"extra_count\":0,\"total_count\":6,\"ds_count\":0,\"gt_count\":6,\"mean_iou\":0.0,\"accuracy\":0.0},\"label\":{\"valid_count\":0,\"invalid_count\":0,\"total_count\":0,\"accuracy\":0.0}},\"conflict_count\":6,\"warning_count\":0,\"error_count\":6,\"conflicts_by_type\":{\"missing_annotation\":6}},\"2\":{\"conflicts\":[],\"annotations\":{\"valid_count\":0,\"missing_count\":0,\"extra_count\":0,\"total_count\":0,\"ds_count\":0,\"gt_count\":0,\"confusion_matrix\":{\"labels\":[\"dog\",\"cat\",\"skele\",\"unmatched\"],\"rows\":[[0,0,0,0],[0,0,0,0],[0,0,0,0],[0,0,0,0]],\"precision\":[0.0,0.0,0.0,0.0],\"recall\":[0.0,0.0,0.0,0.0],\"accuracy\":[0.0,0.0,0.0,0.0],\"jaccard_index\":[0.0,0.0,0.0,0.0],\"axes\":{\"cols\":\"gt\",\"rows\":\"ds\"}},\"accuracy\":0.0,\"precision\":0.0,\"recall\":0.0},\"annotation_components\":{\"shape\":{\"valid_count\":0,\"missing_count\":0,\"extra_count\":0,\"total_count\":0,\"ds_count\":0,\"gt_count\":0,\"mean_iou\":0,\"accuracy\":0.0},\"label\":{\"valid_count\":0,\"invalid_count\":0,\"total_count\":0,\"accuracy\":0.0}},\"conflict_count\":0,\"warning_count\":0,\"error_count\":0,\"conflicts_by_type\":{}}}}"
  }
},
{
  "model": "quality_control.qualityreport",
  "pk": 7,
  "fields": {
    "job": null,
    "task": 23,
    "parent": null,
    "created_date": "2024-03-21T20:52:03.542Z",
    "target_last_updated": "2024-03-21T20:50:05.947Z",
    "gt_last_updated": "2024-03-21T20:50:20.020Z",
    "assignee": null,
    "assignee_last_updated": null,
    "data": "{\"parameters\":{\"included_annotation_types\":[\"bbox\",\"points\",\"mask\",\"polygon\",\"polyline\",\"skeleton\"],\"compare_attributes\":true,\"ignored_attributes\":[],\"iou_threshold\":0.4,\"low_overlap_threshold\":0.8,\"oks_sigma\":0.09,\"line_thickness\":0.01,\"compare_line_orientation\":true,\"line_orientation_threshold\":0.1,\"compare_groups\":true,\"group_match_threshold\":0.5,\"check_covered_annotations\":true,\"object_visibility_threshold\":0.05,\"panoptic_comparison\":true},\"comparison_summary\":{\"frame_share\":0.2727272727272727,\"frames\":[4,5,7],\"conflict_count\":3,\"warning_count\":1,\"error_count\":2,\"conflicts_by_type\":{\"low_overlap\":1,\"missing_annotation\":1,\"extra_annotation\":1},\"annotations\":{\"valid_count\":2,\"missing_count\":1,\"extra_count\":1,\"total_count\":4,\"ds_count\":3,\"gt_count\":3,\"confusion_matrix\":{\"labels\":[\"cat\",\"dog\",\"unmatched\"],\"rows\":[[2,0,1],[0,0,0],[1,0,0]],\"precision\":[0.0,0.0,0.0],\"recall\":[0.0,0.0,0.0],\"accuracy\":[0.0,0.0,0.0],\"axes\":{\"cols\":\"gt\",\"rows\":\"ds\"}},\"accuracy\":0.5,\"precision\":0.6666666666666666,\"recall\":0.6666666666666666},\"annotation_components\":{\"shape\":{\"valid_count\":2,\"missing_count\":1,\"extra_count\":1,\"total_count\":4,\"ds_count\":3,\"gt_count\":3,\"mean_iou\":null,\"accuracy\":0.5},\"label\":{\"valid_count\":2,\"invalid_count\":0,\"total_count\":2,\"accuracy\":1.0}},\"frame_count\":3,\"mean_conflict_count\":1.0},\"frame_results\":{\"5\":{\"conflicts\":[{\"frame_id\":5,\"type\":\"low_overlap\",\"annotation_ids\":[{\"obj_id\":156,\"job_id\":30,\"type\":\"shape\",\"shape_type\":\"rectangle\"},{\"obj_id\":163,\"job_id\":32,\"type\":\"shape\",\"shape_type\":\"rectangle\"}],\"severity\":\"warning\"}],\"annotations\":{\"valid_count\":1,\"missing_count\":0,\"extra_count\":0,\"total_count\":1,\"ds_count\":1,\"gt_count\":1,\"confusion_matrix\":{\"labels\":[\"cat\",\"dog\",\"unmatched\"],\"rows\":[[1,0,0],[0,0,0],[0,0,0]],\"precision\":[1.0,0.0,0.0],\"recall\":[1.0,0.0,0.0],\"accuracy\":[1.0,0.0,0.0],\"axes\":{\"cols\":\"gt\",\"rows\":\"ds\"}},\"accuracy\":1.0,\"precision\":1.0,\"recall\":1.0},\"annotation_components\":{\"shape\":{\"valid_count\":1,\"missing_count\":0,\"extra_count\":0,\"total_count\":1,\"ds_count\":1,\"gt_count\":1,\"mean_iou\":0.6077449295377204,\"accuracy\":1.0},\"label\":{\"valid_count\":1,\"invalid_count\":0,\"total_count\":1,\"accuracy\":1.0}},\"conflict_count\":1,\"warning_count\":1,\"error_count\":0,\"conflicts_by_type\":{\"low_overlap\":1}},\"7\":{\"conflicts\":[],\"annotations\":{\"valid_count\":1,\"missing_count\":0,\"extra_count\":0,\"total_count\":1,\"ds_count\":1,\"gt_count\":1,\"confusion_matrix\":{\"labels\":[\"cat\",\"dog\",\"unmatched\"],\"rows\":[[1,0,0],[0,0,0],[0,0,0]],\"precision\":[1.0,0.0,0.0],\"recall\":[1.0,0.0,0.0],\"accuracy\":[1.0,0.0,0.0],\"axes\":{\"cols\":\"gt\",\"rows\":\"ds\"}},\"accuracy\":1.0,\"precision\":1.0,\"recall\":1.0},\"annotation_components\":{\"shape\":{\"valid_count\":1,\"missing_count\":0,\"extra_count\":0,\"total_count\":1,\"ds_count\":1,\"gt_count\":1,\"mean_iou\":0.8588610910105674,\"accuracy\":1.0},\"label\":{\"valid_count\":1,\"invalid_count\":0,\"total_count\":1,\"accuracy\":1.0}},\"conflict_count\":0,\"warning_count\":0,\"error_count\":0,\"conflicts_by_type\":{}},\"4\":{\"conflicts\":[{\"frame_id\":4,\"type\":\"missing_annotation\",\"annotation_ids\":[{\"obj_id\":162,\"job_id\":32,\"type\":\"shape\",\"shape_type\":\"rectangle\"}],\"severity\":\"error\"},{\"frame_id\":4,\"type\":\"extra_annotation\",\"annotation_ids\":[{\"obj_id\":155,\"job_id\":29,\"type\":\"shape\",\"shape_type\":\"rectangle\"}],\"severity\":\"error\"}],\"annotations\":{\"valid_count\":0,\"missing_count\":1,\"extra_count\":1,\"total_count\":2,\"ds_count\":1,\"gt_count\":1,\"confusion_matrix\":{\"labels\":[\"cat\",\"dog\",\"unmatched\"],\"rows\":[[0,0,1],[0,0,0],[1,0,0]],\"precision\":[0.0,0.0,0.0],\"recall\":[0.0,0.0,0.0],\"accuracy\":[0.0,0.0,0.0],\"axes\":{\"cols\":\"gt\",\"rows\":\"ds\"}},\"accuracy\":0.0,\"precision\":0.0,\"recall\":0.0},\"annotation_components\":{\"shape\":{\"valid_count\":0,\"missing_count\":1,\"extra_count\":1,\"total_count\":2,\"ds_count\":1,\"gt_count\":1,\"mean_iou\":0.1548852356623416,\"accuracy\":0.0},\"label\":{\"valid_count\":0,\"invalid_count\":0,\"total_count\":0,\"accuracy\":0.0}},\"conflict_count\":2,\"warning_count\":0,\"error_count\":2,\"conflicts_by_type\":{\"missing_annotation\":1,\"extra_annotation\":1}}}}"
  }
},
{
  "model": "quality_control.qualityreport",
  "pk": 8,
  "fields": {
    "job": 31,
    "task": null,
    "parent": 7,
    "created_date": "2024-03-21T20:52:03.552Z",
    "target_last_updated": "2024-03-21T20:50:27.594Z",
    "gt_last_updated": "2024-03-21T20:50:20.020Z",
    "assignee": null,
    "assignee_last_updated": null,
    "data": "{\"parameters\":{\"included_annotation_types\":[\"bbox\",\"points\",\"mask\",\"polygon\",\"polyline\",\"skeleton\"],\"compare_attributes\":true,\"ignored_attributes\":[],\"iou_threshold\":0.4,\"low_overlap_threshold\":0.8,\"oks_sigma\":0.09,\"line_thickness\":0.01,\"compare_line_orientation\":true,\"line_orientation_threshold\":0.1,\"compare_groups\":true,\"group_match_threshold\":0.5,\"check_covered_annotations\":true,\"object_visibility_threshold\":0.05,\"panoptic_comparison\":true},\"comparison_summary\":{\"frame_share\":0.0,\"frames\":[],\"conflict_count\":0,\"warning_count\":0,\"error_count\":0,\"conflicts_by_type\":{},\"annotations\":{\"valid_count\":0,\"missing_count\":0,\"extra_count\":0,\"total_count\":0,\"ds_count\":0,\"gt_count\":0,\"confusion_matrix\":{\"labels\":[\"cat\",\"dog\",\"unmatched\"],\"rows\":[[0,0,0],[0,0,0],[0,0,0]],\"precision\":[0.0,0.0,0.0],\"recall\":[0.0,0.0,0.0],\"accuracy\":[0.0,0.0,0.0],\"axes\":{\"cols\":\"gt\",\"rows\":\"ds\"}},\"accuracy\":0.0,\"precision\":0.0,\"recall\":0.0},\"annotation_components\":{\"shape\":{\"valid_count\":0,\"missing_count\":0,\"extra_count\":0,\"total_count\":0,\"ds_count\":0,\"gt_count\":0,\"mean_iou\":null,\"accuracy\":0.0},\"label\":{\"valid_count\":0,\"invalid_count\":0,\"total_count\":0,\"accuracy\":0.0}},\"frame_count\":0,\"mean_conflict_count\":0.0},\"frame_results\":{}}"
  }
},
{
  "model": "quality_control.qualityreport",
  "pk": 9,
  "fields": {
    "job": 30,
    "task": null,
    "parent": 7,
    "created_date": "2024-03-21T20:52:03.552Z",
    "target_last_updated": "2024-03-21T20:50:33.610Z",
    "gt_last_updated": "2024-03-21T20:50:20.020Z",
    "assignee": null,
    "assignee_last_updated": null,
    "data": "{\"parameters\":{\"included_annotation_types\":[\"bbox\",\"points\",\"mask\",\"polygon\",\"polyline\",\"skeleton\"],\"compare_attributes\":true,\"ignored_attributes\":[],\"iou_threshold\":0.4,\"low_overlap_threshold\":0.8,\"oks_sigma\":0.09,\"line_thickness\":0.01,\"compare_line_orientation\":true,\"line_orientation_threshold\":0.1,\"compare_groups\":true,\"group_match_threshold\":0.5,\"check_covered_annotations\":true,\"object_visibility_threshold\":0.05,\"panoptic_comparison\":true},\"comparison_summary\":{\"frame_share\":0.4,\"frames\":[5,7],\"conflict_count\":1,\"warning_count\":1,\"error_count\":0,\"conflicts_by_type\":{\"low_overlap\":1},\"annotations\":{\"valid_count\":2,\"missing_count\":0,\"extra_count\":0,\"total_count\":2,\"ds_count\":2,\"gt_count\":2,\"confusion_matrix\":{\"labels\":[\"cat\",\"dog\",\"unmatched\"],\"rows\":[[2,0,0],[0,0,0],[0,0,0]],\"precision\":[1.0,0.0,0.0],\"recall\":[1.0,0.0,0.0],\"accuracy\":[1.0,0.0,0.0],\"axes\":{\"cols\":\"gt\",\"rows\":\"ds\"}},\"accuracy\":1.0,\"precision\":1.0,\"recall\":1.0},\"annotation_components\":{\"shape\":{\"valid_count\":2,\"missing_count\":0,\"extra_count\":0,\"total_count\":2,\"ds_count\":2,\"gt_count\":2,\"mean_iou\":0.7333030102741439,\"accuracy\":1.0},\"label\":{\"valid_count\":2,\"invalid_count\":0,\"total_count\":2,\"accuracy\":1.0}},\"frame_count\":2,\"mean_conflict_count\":0.5},\"frame_results\":{\"5\":{\"conflicts\":[{\"frame_id\":5,\"type\":\"low_overlap\",\"annotation_ids\":[{\"obj_id\":156,\"job_id\":30,\"type\":\"shape\",\"shape_type\":\"rectangle\"},{\"obj_id\":163,\"job_id\":32,\"type\":\"shape\",\"shape_type\":\"rectangle\"}],\"severity\":\"warning\"}],\"annotations\":{\"valid_count\":1,\"missing_count\":0,\"extra_count\":0,\"total_count\":1,\"ds_count\":1,\"gt_count\":1,\"confusion_matrix\":{\"labels\":[\"cat\",\"dog\",\"unmatched\"],\"rows\":[[1,0,0],[0,0,0],[0,0,0]],\"precision\":[1.0,0.0,0.0],\"recall\":[1.0,0.0,0.0],\"accuracy\":[1.0,0.0,0.0],\"axes\":{\"cols\":\"gt\",\"rows\":\"ds\"}},\"accuracy\":1.0,\"precision\":1.0,\"recall\":1.0},\"annotation_components\":{\"shape\":{\"valid_count\":1,\"missing_count\":0,\"extra_count\":0,\"total_count\":1,\"ds_count\":1,\"gt_count\":1,\"mean_iou\":0.6077449295377204,\"accuracy\":1.0},\"label\":{\"valid_count\":1,\"invalid_count\":0,\"total_count\":1,\"accuracy\":1.0}},\"conflict_count\":1,\"warning_count\":1,\"error_count\":0,\"conflicts_by_type\":{\"low_overlap\":1}},\"7\":{\"conflicts\":[],\"annotations\":{\"valid_count\":1,\"missing_count\":0,\"extra_count\":0,\"total_count\":1,\"ds_count\":1,\"gt_count\":1,\"confusion_matrix\":{\"labels\":[\"cat\",\"dog\",\"unmatched\"],\"rows\":[[1,0,0],[0,0,0],[0,0,0]],\"precision\":[1.0,0.0,0.0],\"recall\":[1.0,0.0,0.0],\"accuracy\":[1.0,0.0,0.0],\"axes\":{\"cols\":\"gt\",\"rows\":\"ds\"}},\"accuracy\":1.0,\"precision\":1.0,\"recall\":1.0},\"annotation_components\":{\"shape\":{\"valid_count\":1,\"missing_count\":0,\"extra_count\":0,\"total_count\":1,\"ds_count\":1,\"gt_count\":1,\"mean_iou\":0.8588610910105674,\"accuracy\":1.0},\"label\":{\"valid_count\":1,\"invalid_count\":0,\"total_count\":1,\"accuracy\":1.0}},\"conflict_count\":0,\"warning_count\":0,\"error_count\":0,\"conflicts_by_type\":{}}}}"
  }
},
{
  "model": "quality_control.qualityreport",
  "pk": 10,
  "fields": {
    "job": 29,
    "task": null,
    "parent": 7,
    "created_date": "2024-03-21T20:52:03.552Z",
    "target_last_updated": "2024-03-21T20:50:39.585Z",
    "gt_last_updated": "2024-03-21T20:50:20.020Z",
    "assignee": null,
    "assignee_last_updated": null,
    "data": "{\"parameters\":{\"included_annotation_types\":[\"bbox\",\"points\",\"mask\",\"polygon\",\"polyline\",\"skeleton\"],\"compare_attributes\":true,\"ignored_attributes\":[],\"iou_threshold\":0.4,\"low_overlap_threshold\":0.8,\"oks_sigma\":0.09,\"line_thickness\":0.01,\"compare_line_orientation\":true,\"line_orientation_threshold\":0.1,\"compare_groups\":true,\"group_match_threshold\":0.5,\"check_covered_annotations\":true,\"object_visibility_threshold\":0.05,\"panoptic_comparison\":true},\"comparison_summary\":{\"frame_share\":0.2,\"frames\":[4],\"conflict_count\":2,\"warning_count\":0,\"error_count\":2,\"conflicts_by_type\":{\"missing_annotation\":1,\"extra_annotation\":1},\"annotations\":{\"valid_count\":0,\"missing_count\":1,\"extra_count\":1,\"total_count\":2,\"ds_count\":1,\"gt_count\":1,\"confusion_matrix\":{\"labels\":[\"cat\",\"dog\",\"unmatched\"],\"rows\":[[0,0,1],[0,0,0],[1,0,0]],\"precision\":[0.0,0.0,0.0],\"recall\":[0.0,0.0,0.0],\"accuracy\":[0.0,0.0,0.0],\"axes\":{\"cols\":\"gt\",\"rows\":\"ds\"}},\"accuracy\":0.0,\"precision\":0.0,\"recall\":0.0},\"annotation_components\":{\"shape\":{\"valid_count\":0,\"missing_count\":1,\"extra_count\":1,\"total_count\":2,\"ds_count\":1,\"gt_count\":1,\"mean_iou\":0.1548852356623416,\"accuracy\":0.0},\"label\":{\"valid_count\":0,\"invalid_count\":0,\"total_count\":0,\"accuracy\":0.0}},\"frame_count\":1,\"mean_conflict_count\":2.0},\"frame_results\":{\"4\":{\"conflicts\":[{\"frame_id\":4,\"type\":\"missing_annotation\",\"annotation_ids\":[{\"obj_id\":162,\"job_id\":32,\"type\":\"shape\",\"shape_type\":\"rectangle\"}],\"severity\":\"error\"},{\"frame_id\":4,\"type\":\"extra_annotation\",\"annotation_ids\":[{\"obj_id\":155,\"job_id\":29,\"type\":\"shape\",\"shape_type\":\"rectangle\"}],\"severity\":\"error\"}],\"annotations\":{\"valid_count\":0,\"missing_count\":1,\"extra_count\":1,\"total_count\":2,\"ds_count\":1,\"gt_count\":1,\"confusion_matrix\":{\"labels\":[\"cat\",\"dog\",\"unmatched\"],\"rows\":[[0,0,1],[0,0,0],[1,0,0]],\"precision\":[0.0,0.0,0.0],\"recall\":[0.0,0.0,0.0],\"accuracy\":[0.0,0.0,0.0],\"axes\":{\"cols\":\"gt\",\"rows\":\"ds\"}},\"accuracy\":0.0,\"precision\":0.0,\"recall\":0.0},\"annotation_components\":{\"shape\":{\"valid_count\":0,\"missing_count\":1,\"extra_count\":1,\"total_count\":2,\"ds_count\":1,\"gt_count\":1,\"mean_iou\":0.1548852356623416,\"accuracy\":0.0},\"label\":{\"valid_count\":0,\"invalid_count\":0,\"total_count\":0,\"accuracy\":0.0}},\"conflict_count\":2,\"warning_count\":0,\"error_count\":2,\"conflicts_by_type\":{\"missing_annotation\":1,\"extra_annotation\":1}}}}"
  }
},
{
  "model": "quality_control.qualityreport",
  "pk": 11,
  "fields": {
    "job": null,
    "task": 22,
    "parent": null,
    "created_date": "2024-04-03T09:51:29.971Z",
    "target_last_updated": "2023-11-24T15:23:30.045Z",
    "gt_last_updated": "2023-11-24T15:18:55.216Z",
    "assignee": null,
    "assignee_last_updated": null,
    "data": "{\"parameters\":{\"included_annotation_types\":[\"bbox\",\"points\",\"mask\",\"polygon\",\"polyline\",\"skeleton\",\"label\"],\"compare_attributes\":true,\"ignored_attributes\":[],\"iou_threshold\":0.4,\"low_overlap_threshold\":0.8,\"oks_sigma\":0.09,\"line_thickness\":0.01,\"compare_line_orientation\":true,\"line_orientation_threshold\":0.1,\"compare_groups\":true,\"group_match_threshold\":0.5,\"check_covered_annotations\":true,\"object_visibility_threshold\":0.05,\"panoptic_comparison\":true},\"comparison_summary\":{\"frame_share\":0.2727272727272727,\"frames\":[0,1,2],\"conflict_count\":42,\"warning_count\":16,\"error_count\":26,\"conflicts_by_type\":{\"low_overlap\":7,\"missing_annotation\":12,\"extra_annotation\":11,\"mismatching_label\":3,\"mismatching_direction\":1,\"covered_annotation\":1,\"mismatching_attributes\":1,\"mismatching_groups\":6},\"annotations\":{\"valid_count\":22,\"missing_count\":12,\"extra_count\":11,\"total_count\":48,\"ds_count\":36,\"gt_count\":37,\"confusion_matrix\":{\"labels\":[\"dog\",\"cat\",\"skele\",\"unmatched\"],\"rows\":[[0,2,0,3],[1,21,0,7],[0,0,1,1],[1,10,1,0]],\"precision\":[0.0,0.7241379310344828,0.5,0.0],\"recall\":[0.0,0.6363636363636364,0.5,0.0],\"accuracy\":[0.8541666666666666,0.5833333333333334,0.9583333333333334,0.5208333333333334],\"jaccard_index\":[0.0,0.5121951219512195,0.3333333333333333,0.0],\"axes\":{\"cols\":\"gt\",\"rows\":\"ds\"}},\"accuracy\":0.4583333333333333,\"precision\":0.6111111111111112,\"recall\":0.5945945945945946},\"annotation_components\":{\"shape\":{\"valid_count\":25,\"missing_count\":10,\"extra_count\":11,\"total_count\":46,\"ds_count\":36,\"gt_count\":35,\"mean_iou\":0.18567508032031,\"accuracy\":0.5434782608695652},\"label\":{\"valid_count\":22,\"invalid_count\":3,\"total_count\":25,\"accuracy\":0.88}},\"frame_count\":3,\"mean_conflict_count\":14.0},\"frame_results\":{\"0\":{\"conflicts\":[{\"frame_id\":0,\"type\":\"low_overlap\",\"annotation_ids\":[{\"obj_id\":65,\"job_id\":27,\"type\":\"shape\",\"shape_type\":\"rectangle\"},{\"obj_id\":101,\"job_id\":28,\"type\":\"shape\",\"shape_type\":\"rectangle\"}],\"severity\":\"warning\"},{\"frame_id\":0,\"type\":\"low_overlap\",\"annotation_ids\":[{\"obj_id\":91,\"job_id\":27,\"type\":\"shape\",\"shape_type\":\"rectangle\"},{\"obj_id\":118,\"job_id\":28,\"type\":\"shape\",\"shape_type\":\"rectangle\"}],\"severity\":\"warning\"},{\"frame_id\":0,\"type\":\"low_overlap\",\"annotation_ids\":[{\"obj_id\":88,\"job_id\":27,\"type\":\"shape\",\"shape_type\":\"points\"},{\"obj_id\":102,\"job_id\":28,\"type\":\"shape\",\"shape_type\":\"points\"}],\"severity\":\"warning\"},{\"frame_id\":0,\"type\":\"low_overlap\",\"annotation_ids\":[{\"obj_id\":68,\"job_id\":27,\"type\":\"shape\",\"shape_type\":\"polygon\"},{\"obj_id\":98,\"job_id\":28,\"type\":\"shape\",\"shape_type\":\"polygon\"}],\"severity\":\"warning\"},{\"frame_id\":0,\"type\":\"low_overlap\",\"annotation_ids\":[{\"obj_id\":67,\"job_id\":27,\"type\":\"shape\",\"shape_type\":\"polyline\"},{\"obj_id\":99,\"job_id\":28,\"type\":\"shape\",\"shape_type\":\"polyline\"}],\"severity\":\"warning\"},{\"frame_id\":0,\"type\":\"low_overlap\",\"annotation_ids\":[{\"obj_id\":141,\"job_id\":27,\"type\":\"shape\",\"shape_type\":\"skeleton\"},{\"obj_id\":132,\"job_id\":28,\"type\":\"shape\",\"shape_type\":\"skeleton\"}],\"severity\":\"warning\"},{\"frame_id\":0,\"type\":\"low_overlap\",\"annotation_ids\":[{\"obj_id\":92,\"job_id\":27,\"type\":\"shape\",\"shape_type\":\"points\"},{\"obj_id\":119,\"job_id\":28,\"type\":\"shape\",\"shape_type\":\"points\"}],\"severity\":\"warning\"},{\"frame_id\":0,\"type\":\"missing_annotation\",\"annotation_ids\":[{\"obj_id\":107,\"job_id\":28,\"type\":\"shape\",\"shape_type\":\"rectangle\"}],\"severity\":\"error\"},{\"frame_id\":0,\"type\":\"missing_annotation\",\"annotation_ids\":[{\"obj_id\":121,\"job_id\":28,\"type\":\"shape\",\"shape_type\":\"points\"}],\"severity\":\"error\"},{\"frame_id\":0,\"type\":\"missing_annotation\",\"annotation_ids\":[{\"obj_id\":122,\"job_id\":28,\"type\":\"shape\",\"shape_type\":\"points\"}],\"severity\":\"error\"},{\"frame_id\":0,\"type\":\"missing_annotation\",\"annotation_ids\":[{\"obj_id\":131,\"job_id\":28,\"type\":\"shape\",\"shape_type\":\"skeleton\"}],\"severity\":\"error\"},{\"frame_id\":0,\"type\":\"missing_annotation\",\"annotation_ids\":[{\"obj_id\":7,\"job_id\":28,\"type\":\"tag\",\"shape_type\":null}],\"severity\":\"error\"},{\"frame_id\":0,\"type\":\"extra_annotation\",\"annotation_ids\":[{\"obj_id\":70,\"job_id\":27,\"type\":\"shape\",\"shape_type\":\"rectangle\"}],\"severity\":\"error\"},{\"frame_id\":0,\"type\":\"extra_annotation\",\"annotation_ids\":[{\"obj_id\":76,\"job_id\":27,\"type\":\"shape\",\"shape_type\":\"rectangle\"}],\"severity\":\"error\"},{\"frame_id\":0,\"type\":\"extra_annotation\",\"annotation_ids\":[{\"obj_id\":93,\"job_id\":27,\"type\":\"shape\",\"shape_type\":\"points\"}],\"severity\":\"error\"},{\"frame_id\":0,\"type\":\"extra_annotation\",\"annotation_ids\":[{\"obj_id\":74,\"job_id\":27,\"type\":\"shape\",\"shape_type\":\"polygon\"}],\"severity\":\"error\"},{\"frame_id\":0,\"type\":\"extra_annotation\",\"annotation_ids\":[{\"obj_id\":95,\"job_id\":27,\"type\":\"shape\",\"shape_type\":\"polygon\"}],\"severity\":\"error\"},{\"frame_id\":0,\"type\":\"extra_annotation\",\"annotation_ids\":[{\"obj_id\":73,\"job_id\":27,\"type\":\"shape\",\"shape_type\":\"polygon\"}],\"severity\":\"error\"},{\"frame_id\":0,\"type\":\"extra_annotation\",\"annotation_ids\":[{\"obj_id\":96,\"job_id\":27,\"type\":\"shape\",\"shape_type\":\"ellipse\"}],\"severity\":\"error\"},{\"frame_id\":0,\"type\":\"extra_annotation\",\"annotation_ids\":[{\"obj_id\":64,\"job_id\":27,\"type\":\"shape\",\"shape_type\":\"polyline\"}],\"severity\":\"error\"},{\"frame_id\":0,\"type\":\"extra_annotation\",\"annotation_ids\":[{\"obj_id\":66,\"job_id\":27,\"type\":\"shape\",\"shape_type\":\"polyline\"}],\"severity\":\"error\"},{\"frame_id\":0,\"type\":\"extra_annotation\",\"annotation_ids\":[{\"obj_id\":94,\"job_id\":27,\"type\":\"shape\",\"shape_type\":\"polyline\"}],\"severity\":\"error\"},{\"frame_id\":0,\"type\":\"extra_annotation\",\"annotation_ids\":[{\"obj_id\":142,\"job_id\":27,\"type\":\"shape\",\"shape_type\":\"skeleton\"}],\"severity\":\"error\"},{\"frame_id\":0,\"type\":\"mismatching_label\",\"annotation_ids\":[{\"obj_id\":92,\"job_id\":27,\"type\":\"shape\",\"shape_type\":\"points\"},{\"obj_id\":119,\"job_id\":28,\"type\":\"shape\",\"shape_type\":\"points\"}],\"severity\":\"error\"},{\"frame_id\":0,\"type\":\"mismatching_label\",\"annotation_ids\":[{\"obj_id\":89,\"job_id\":27,\"type\":\"shape\",\"shape_type\":\"points\"},{\"obj_id\":123,\"job_id\":28,\"type\":\"shape\",\"shape_type\":\"points\"}],\"severity\":\"error\"},{\"frame_id\":0,\"type\":\"mismatching_label\",\"annotation_ids\":[{\"obj_id\":69,\"job_id\":27,\"type\":\"shape\",\"shape_type\":\"mask\"},{\"obj_id\":97,\"job_id\":28,\"type\":\"shape\",\"shape_type\":\"polygon\"}],\"severity\":\"error\"},{\"frame_id\":0,\"type\":\"mismatching_direction\",\"annotation_ids\":[{\"obj_id\":67,\"job_id\":27,\"type\":\"shape\",\"shape_type\":\"polyline\"},{\"obj_id\":99,\"job_id\":28,\"type\":\"shape\",\"shape_type\":\"polyline\"}],\"severity\":\"warning\"},{\"frame_id\":0,\"type\":\"covered_annotation\",\"annotation_ids\":[{\"obj_id\":69,\"job_id\":27,\"type\":\"shape\",\"shape_type\":\"mask\"}],\"severity\":\"warning\"},{\"frame_id\":0,\"type\":\"mismatching_attributes\",\"annotation_ids\":[{\"obj_id\":65,\"job_id\":27,\"type\":\"shape\",\"shape_type\":\"rectangle\"},{\"obj_id\":101,\"job_id\":28,\"type\":\"shape\",\"shape_type\":\"rectangle\"}],\"severity\":\"warning\"},{\"frame_id\":0,\"type\":\"mismatching_groups\",\"annotation_ids\":[{\"obj_id\":82,\"job_id\":27,\"type\":\"shape\",\"shape_type\":\"rectangle\"},{\"obj_id\":103,\"job_id\":28,\"type\":\"shape\",\"shape_type\":\"rectangle\"}],\"severity\":\"warning\"},{\"frame_id\":0,\"type\":\"mismatching_groups\",\"annotation_ids\":[{\"obj_id\":81,\"job_id\":27,\"type\":\"shape\",\"shape_type\":\"rectangle\"},{\"obj_id\":104,\"job_id\":28,\"type\":\"shape\",\"shape_type\":\"rectangle\"}],\"severity\":\"warning\"},{\"frame_id\":0,\"type\":\"mismatching_groups\",\"annotation_ids\":[{\"obj_id\":83,\"job_id\":27,\"type\":\"shape\",\"shape_type\":\"rectangle\"},{\"obj_id\":105,\"job_id\":28,\"type\":\"shape\",\"shape_type\":\"rectangle\"}],\"severity\":\"warning\"},{\"frame_id\":0,\"type\":\"mismatching_groups\",\"annotation_ids\":[{\"obj_id\":87,\"job_id\":27,\"type\":\"shape\",\"shape_type\":\"rectangle\"},{\"obj_id\":106,\"job_id\":28,\"type\":\"shape\",\"shape_type\":\"rectangle\"}],\"severity\":\"warning\"},{\"frame_id\":0,\"type\":\"mismatching_groups\",\"annotation_ids\":[{\"obj_id\":80,\"job_id\":27,\"type\":\"shape\",\"shape_type\":\"rectangle\"},{\"obj_id\":111,\"job_id\":28,\"type\":\"shape\",\"shape_type\":\"rectangle\"}],\"severity\":\"warning\"},{\"frame_id\":0,\"type\":\"mismatching_groups\",\"annotation_ids\":[{\"obj_id\":77,\"job_id\":27,\"type\":\"shape\",\"shape_type\":\"rectangle\"},{\"obj_id\":114,\"job_id\":28,\"type\":\"shape\",\"shape_type\":\"rectangle\"}],\"severity\":\"warning\"}],\"annotations\":{\"valid_count\":22,\"missing_count\":5,\"extra_count\":11,\"total_count\":41,\"ds_count\":36,\"gt_count\":30,\"confusion_matrix\":{\"labels\":[\"dog\",\"cat\",\"skele\",\"unmatched\"],\"rows\":[[0,2,0,3],[1,21,0,7],[0,0,1,1],[1,3,1,0]],\"precision\":[0.0,0.7241379310344828,0.5,0.0],\"recall\":[0.0,0.8076923076923077,0.5,0.0],\"accuracy\":[0.8292682926829268,0.6829268292682927,0.9512195121951219,0.6097560975609756],\"jaccard_index\":[0.0,0.6176470588235294,0.3333333333333333,0.0],\"axes\":{\"cols\":\"gt\",\"rows\":\"ds\"}},\"accuracy\":0.5365853658536586,\"precision\":0.6111111111111112,\"recall\":0.7333333333333333},\"annotation_components\":{\"shape\":{\"valid_count\":25,\"missing_count\":4,\"extra_count\":11,\"total_count\":40,\"ds_count\":36,\"gt_count\":29,\"mean_iou\":0.55702524096093,\"accuracy\":0.625},\"label\":{\"valid_count\":22,\"invalid_count\":3,\"total_count\":25,\"accuracy\":0.88}},\"conflict_count\":35,\"warning_count\":16,\"error_count\":19,\"conflicts_by_type\":{\"low_overlap\":7,\"missing_annotation\":5,\"extra_annotation\":11,\"mismatching_label\":3,\"mismatching_direction\":1,\"covered_annotation\":1,\"mismatching_attributes\":1,\"mismatching_groups\":6}},\"1\":{\"conflicts\":[{\"frame_id\":1,\"type\":\"missing_annotation\",\"annotation_ids\":[{\"obj_id\":130,\"job_id\":28,\"type\":\"shape\",\"shape_type\":\"rectangle\"}],\"severity\":\"error\"},{\"frame_id\":1,\"type\":\"missing_annotation\",\"annotation_ids\":[{\"obj_id\":128,\"job_id\":28,\"type\":\"shape\",\"shape_type\":\"points\"}],\"severity\":\"error\"},{\"frame_id\":1,\"type\":\"missing_annotation\",\"annotation_ids\":[{\"obj_id\":124,\"job_id\":28,\"type\":\"shape\",\"shape_type\":\"polygon\"}],\"severity\":\"error\"},{\"frame_id\":1,\"type\":\"missing_annotation\",\"annotation_ids\":[{\"obj_id\":125,\"job_id\":28,\"type\":\"shape\",\"shape_type\":\"ellipse\"}],\"severity\":\"error\"},{\"frame_id\":1,\"type\":\"missing_annotation\",\"annotation_ids\":[{\"obj_id\":127,\"job_id\":28,\"type\":\"shape\",\"shape_type\":\"mask\"}],\"severity\":\"error\"},{\"frame_id\":1,\"type\":\"missing_annotation\",\"annotation_ids\":[{\"obj_id\":129,\"job_id\":28,\"type\":\"shape\",\"shape_type\":\"polyline\"}],\"severity\":\"error\"},{\"frame_id\":1,\"type\":\"missing_annotation\",\"annotation_ids\":[{\"obj_id\":8,\"job_id\":28,\"type\":\"tag\",\"shape_type\":null}],\"severity\":\"error\"}],\"annotations\":{\"valid_count\":0,\"missing_count\":7,\"extra_count\":0,\"total_count\":7,\"ds_count\":0,\"gt_count\":7,\"confusion_matrix\":{\"labels\":[\"dog\",\"cat\",\"skele\",\"unmatched\"],\"rows\":[[0,0,0,0],[0,0,0,0],[0,0,0,0],[0,7,0,0]],\"precision\":[0.0,0.0,0.0,0.0],\"recall\":[0.0,0.0,0.0,0.0],\"accuracy\":[1.0,0.0,1.0,0.0],\"jaccard_index\":[0.0,0.0,0.0,0.0],\"axes\":{\"cols\":\"gt\",\"rows\":\"ds\"}},\"accuracy\":0.0,\"precision\":0.0,\"recall\":0.0},\"annotation_components\":{\"shape\":{\"valid_count\":0,\"missing_count\":6,\"extra_count\":0,\"total_count\":6,\"ds_count\":0,\"gt_count\":6,\"mean_iou\":0.0,\"accuracy\":0.0},\"label\":{\"valid_count\":0,\"invalid_count\":0,\"total_count\":0,\"accuracy\":0.0}},\"conflict_count\":7,\"warning_count\":0,\"error_count\":7,\"conflicts_by_type\":{\"missing_annotation\":7}},\"2\":{\"conflicts\":[],\"annotations\":{\"valid_count\":0,\"missing_count\":0,\"extra_count\":0,\"total_count\":0,\"ds_count\":0,\"gt_count\":0,\"confusion_matrix\":{\"labels\":[\"dog\",\"cat\",\"skele\",\"unmatched\"],\"rows\":[[0,0,0,0],[0,0,0,0],[0,0,0,0],[0,0,0,0]],\"precision\":[0.0,0.0,0.0,0.0],\"recall\":[0.0,0.0,0.0,0.0],\"accuracy\":[0.0,0.0,0.0,0.0],\"jaccard_index\":[0.0,0.0,0.0,0.0],\"axes\":{\"cols\":\"gt\",\"rows\":\"ds\"}},\"accuracy\":0.0,\"precision\":0.0,\"recall\":0.0},\"annotation_components\":{\"shape\":{\"valid_count\":0,\"missing_count\":0,\"extra_count\":0,\"total_count\":0,\"ds_count\":0,\"gt_count\":0,\"mean_iou\":0,\"accuracy\":0.0},\"label\":{\"valid_count\":0,\"invalid_count\":0,\"total_count\":0,\"accuracy\":0.0}},\"conflict_count\":0,\"warning_count\":0,\"error_count\":0,\"conflicts_by_type\":{}}}}"
  }
},
{
  "model": "quality_control.qualityreport",
  "pk": 12,
  "fields": {
    "job": 27,
    "task": null,
    "parent": 11,
    "created_date": "2024-04-03T09:51:29.992Z",
    "target_last_updated": "2023-11-24T15:23:30.269Z",
    "gt_last_updated": "2023-11-24T15:18:55.216Z",
    "assignee": null,
    "assignee_last_updated": null,
    "data": "{\"parameters\":{\"included_annotation_types\":[\"bbox\",\"points\",\"mask\",\"polygon\",\"polyline\",\"skeleton\",\"label\"],\"compare_attributes\":true,\"ignored_attributes\":[],\"iou_threshold\":0.4,\"low_overlap_threshold\":0.8,\"oks_sigma\":0.09,\"line_thickness\":0.01,\"compare_line_orientation\":true,\"line_orientation_threshold\":0.1,\"compare_groups\":true,\"group_match_threshold\":0.5,\"check_covered_annotations\":true,\"object_visibility_threshold\":0.05,\"panoptic_comparison\":true},\"comparison_summary\":{\"frame_share\":0.2727272727272727,\"frames\":[0,1,2],\"conflict_count\":42,\"warning_count\":16,\"error_count\":26,\"conflicts_by_type\":{\"low_overlap\":7,\"missing_annotation\":12,\"extra_annotation\":11,\"mismatching_label\":3,\"mismatching_direction\":1,\"covered_annotation\":1,\"mismatching_attributes\":1,\"mismatching_groups\":6},\"annotations\":{\"valid_count\":22,\"missing_count\":12,\"extra_count\":11,\"total_count\":48,\"ds_count\":36,\"gt_count\":37,\"confusion_matrix\":{\"labels\":[\"dog\",\"cat\",\"skele\",\"unmatched\"],\"rows\":[[0,2,0,3],[1,21,0,7],[0,0,1,1],[1,10,1,0]],\"precision\":[0.0,0.7241379310344828,0.5,0.0],\"recall\":[0.0,0.6363636363636364,0.5,0.0],\"accuracy\":[0.8541666666666666,0.5833333333333334,0.9583333333333334,0.5208333333333334],\"jaccard_index\":[0.0,0.5121951219512195,0.3333333333333333,0.0],\"axes\":{\"cols\":\"gt\",\"rows\":\"ds\"}},\"accuracy\":0.4583333333333333,\"precision\":0.6111111111111112,\"recall\":0.5945945945945946},\"annotation_components\":{\"shape\":{\"valid_count\":25,\"missing_count\":10,\"extra_count\":11,\"total_count\":46,\"ds_count\":36,\"gt_count\":35,\"mean_iou\":0.18567508032031,\"accuracy\":0.5434782608695652},\"label\":{\"valid_count\":22,\"invalid_count\":3,\"total_count\":25,\"accuracy\":0.88}},\"frame_count\":3,\"mean_conflict_count\":14.0},\"frame_results\":{\"0\":{\"conflicts\":[{\"frame_id\":0,\"type\":\"low_overlap\",\"annotation_ids\":[{\"obj_id\":65,\"job_id\":27,\"type\":\"shape\",\"shape_type\":\"rectangle\"},{\"obj_id\":101,\"job_id\":28,\"type\":\"shape\",\"shape_type\":\"rectangle\"}],\"severity\":\"warning\"},{\"frame_id\":0,\"type\":\"low_overlap\",\"annotation_ids\":[{\"obj_id\":91,\"job_id\":27,\"type\":\"shape\",\"shape_type\":\"rectangle\"},{\"obj_id\":118,\"job_id\":28,\"type\":\"shape\",\"shape_type\":\"rectangle\"}],\"severity\":\"warning\"},{\"frame_id\":0,\"type\":\"low_overlap\",\"annotation_ids\":[{\"obj_id\":88,\"job_id\":27,\"type\":\"shape\",\"shape_type\":\"points\"},{\"obj_id\":102,\"job_id\":28,\"type\":\"shape\",\"shape_type\":\"points\"}],\"severity\":\"warning\"},{\"frame_id\":0,\"type\":\"low_overlap\",\"annotation_ids\":[{\"obj_id\":68,\"job_id\":27,\"type\":\"shape\",\"shape_type\":\"polygon\"},{\"obj_id\":98,\"job_id\":28,\"type\":\"shape\",\"shape_type\":\"polygon\"}],\"severity\":\"warning\"},{\"frame_id\":0,\"type\":\"low_overlap\",\"annotation_ids\":[{\"obj_id\":67,\"job_id\":27,\"type\":\"shape\",\"shape_type\":\"polyline\"},{\"obj_id\":99,\"job_id\":28,\"type\":\"shape\",\"shape_type\":\"polyline\"}],\"severity\":\"warning\"},{\"frame_id\":0,\"type\":\"low_overlap\",\"annotation_ids\":[{\"obj_id\":141,\"job_id\":27,\"type\":\"shape\",\"shape_type\":\"skeleton\"},{\"obj_id\":132,\"job_id\":28,\"type\":\"shape\",\"shape_type\":\"skeleton\"}],\"severity\":\"warning\"},{\"frame_id\":0,\"type\":\"low_overlap\",\"annotation_ids\":[{\"obj_id\":92,\"job_id\":27,\"type\":\"shape\",\"shape_type\":\"points\"},{\"obj_id\":119,\"job_id\":28,\"type\":\"shape\",\"shape_type\":\"points\"}],\"severity\":\"warning\"},{\"frame_id\":0,\"type\":\"missing_annotation\",\"annotation_ids\":[{\"obj_id\":107,\"job_id\":28,\"type\":\"shape\",\"shape_type\":\"rectangle\"}],\"severity\":\"error\"},{\"frame_id\":0,\"type\":\"missing_annotation\",\"annotation_ids\":[{\"obj_id\":121,\"job_id\":28,\"type\":\"shape\",\"shape_type\":\"points\"}],\"severity\":\"error\"},{\"frame_id\":0,\"type\":\"missing_annotation\",\"annotation_ids\":[{\"obj_id\":122,\"job_id\":28,\"type\":\"shape\",\"shape_type\":\"points\"}],\"severity\":\"error\"},{\"frame_id\":0,\"type\":\"missing_annotation\",\"annotation_ids\":[{\"obj_id\":131,\"job_id\":28,\"type\":\"shape\",\"shape_type\":\"skeleton\"}],\"severity\":\"error\"},{\"frame_id\":0,\"type\":\"missing_annotation\",\"annotation_ids\":[{\"obj_id\":7,\"job_id\":28,\"type\":\"tag\",\"shape_type\":null}],\"severity\":\"error\"},{\"frame_id\":0,\"type\":\"extra_annotation\",\"annotation_ids\":[{\"obj_id\":70,\"job_id\":27,\"type\":\"shape\",\"shape_type\":\"rectangle\"}],\"severity\":\"error\"},{\"frame_id\":0,\"type\":\"extra_annotation\",\"annotation_ids\":[{\"obj_id\":76,\"job_id\":27,\"type\":\"shape\",\"shape_type\":\"rectangle\"}],\"severity\":\"error\"},{\"frame_id\":0,\"type\":\"extra_annotation\",\"annotation_ids\":[{\"obj_id\":93,\"job_id\":27,\"type\":\"shape\",\"shape_type\":\"points\"}],\"severity\":\"error\"},{\"frame_id\":0,\"type\":\"extra_annotation\",\"annotation_ids\":[{\"obj_id\":74,\"job_id\":27,\"type\":\"shape\",\"shape_type\":\"polygon\"}],\"severity\":\"error\"},{\"frame_id\":0,\"type\":\"extra_annotation\",\"annotation_ids\":[{\"obj_id\":95,\"job_id\":27,\"type\":\"shape\",\"shape_type\":\"polygon\"}],\"severity\":\"error\"},{\"frame_id\":0,\"type\":\"extra_annotation\",\"annotation_ids\":[{\"obj_id\":73,\"job_id\":27,\"type\":\"shape\",\"shape_type\":\"polygon\"}],\"severity\":\"error\"},{\"frame_id\":0,\"type\":\"extra_annotation\",\"annotation_ids\":[{\"obj_id\":96,\"job_id\":27,\"type\":\"shape\",\"shape_type\":\"ellipse\"}],\"severity\":\"error\"},{\"frame_id\":0,\"type\":\"extra_annotation\",\"annotation_ids\":[{\"obj_id\":64,\"job_id\":27,\"type\":\"shape\",\"shape_type\":\"polyline\"}],\"severity\":\"error\"},{\"frame_id\":0,\"type\":\"extra_annotation\",\"annotation_ids\":[{\"obj_id\":66,\"job_id\":27,\"type\":\"shape\",\"shape_type\":\"polyline\"}],\"severity\":\"error\"},{\"frame_id\":0,\"type\":\"extra_annotation\",\"annotation_ids\":[{\"obj_id\":94,\"job_id\":27,\"type\":\"shape\",\"shape_type\":\"polyline\"}],\"severity\":\"error\"},{\"frame_id\":0,\"type\":\"extra_annotation\",\"annotation_ids\":[{\"obj_id\":142,\"job_id\":27,\"type\":\"shape\",\"shape_type\":\"skeleton\"}],\"severity\":\"error\"},{\"frame_id\":0,\"type\":\"mismatching_label\",\"annotation_ids\":[{\"obj_id\":92,\"job_id\":27,\"type\":\"shape\",\"shape_type\":\"points\"},{\"obj_id\":119,\"job_id\":28,\"type\":\"shape\",\"shape_type\":\"points\"}],\"severity\":\"error\"},{\"frame_id\":0,\"type\":\"mismatching_label\",\"annotation_ids\":[{\"obj_id\":89,\"job_id\":27,\"type\":\"shape\",\"shape_type\":\"points\"},{\"obj_id\":123,\"job_id\":28,\"type\":\"shape\",\"shape_type\":\"points\"}],\"severity\":\"error\"},{\"frame_id\":0,\"type\":\"mismatching_label\",\"annotation_ids\":[{\"obj_id\":69,\"job_id\":27,\"type\":\"shape\",\"shape_type\":\"mask\"},{\"obj_id\":97,\"job_id\":28,\"type\":\"shape\",\"shape_type\":\"polygon\"}],\"severity\":\"error\"},{\"frame_id\":0,\"type\":\"mismatching_direction\",\"annotation_ids\":[{\"obj_id\":67,\"job_id\":27,\"type\":\"shape\",\"shape_type\":\"polyline\"},{\"obj_id\":99,\"job_id\":28,\"type\":\"shape\",\"shape_type\":\"polyline\"}],\"severity\":\"warning\"},{\"frame_id\":0,\"type\":\"covered_annotation\",\"annotation_ids\":[{\"obj_id\":69,\"job_id\":27,\"type\":\"shape\",\"shape_type\":\"mask\"}],\"severity\":\"warning\"},{\"frame_id\":0,\"type\":\"mismatching_attributes\",\"annotation_ids\":[{\"obj_id\":65,\"job_id\":27,\"type\":\"shape\",\"shape_type\":\"rectangle\"},{\"obj_id\":101,\"job_id\":28,\"type\":\"shape\",\"shape_type\":\"rectangle\"}],\"severity\":\"warning\"},{\"frame_id\":0,\"type\":\"mismatching_groups\",\"annotation_ids\":[{\"obj_id\":82,\"job_id\":27,\"type\":\"shape\",\"shape_type\":\"rectangle\"},{\"obj_id\":103,\"job_id\":28,\"type\":\"shape\",\"shape_type\":\"rectangle\"}],\"severity\":\"warning\"},{\"frame_id\":0,\"type\":\"mismatching_groups\",\"annotation_ids\":[{\"obj_id\":81,\"job_id\":27,\"type\":\"shape\",\"shape_type\":\"rectangle\"},{\"obj_id\":104,\"job_id\":28,\"type\":\"shape\",\"shape_type\":\"rectangle\"}],\"severity\":\"warning\"},{\"frame_id\":0,\"type\":\"mismatching_groups\",\"annotation_ids\":[{\"obj_id\":83,\"job_id\":27,\"type\":\"shape\",\"shape_type\":\"rectangle\"},{\"obj_id\":105,\"job_id\":28,\"type\":\"shape\",\"shape_type\":\"rectangle\"}],\"severity\":\"warning\"},{\"frame_id\":0,\"type\":\"mismatching_groups\",\"annotation_ids\":[{\"obj_id\":87,\"job_id\":27,\"type\":\"shape\",\"shape_type\":\"rectangle\"},{\"obj_id\":106,\"job_id\":28,\"type\":\"shape\",\"shape_type\":\"rectangle\"}],\"severity\":\"warning\"},{\"frame_id\":0,\"type\":\"mismatching_groups\",\"annotation_ids\":[{\"obj_id\":80,\"job_id\":27,\"type\":\"shape\",\"shape_type\":\"rectangle\"},{\"obj_id\":111,\"job_id\":28,\"type\":\"shape\",\"shape_type\":\"rectangle\"}],\"severity\":\"warning\"},{\"frame_id\":0,\"type\":\"mismatching_groups\",\"annotation_ids\":[{\"obj_id\":77,\"job_id\":27,\"type\":\"shape\",\"shape_type\":\"rectangle\"},{\"obj_id\":114,\"job_id\":28,\"type\":\"shape\",\"shape_type\":\"rectangle\"}],\"severity\":\"warning\"}],\"annotations\":{\"valid_count\":22,\"missing_count\":5,\"extra_count\":11,\"total_count\":41,\"ds_count\":36,\"gt_count\":30,\"confusion_matrix\":{\"labels\":[\"dog\",\"cat\",\"skele\",\"unmatched\"],\"rows\":[[0,2,0,3],[1,21,0,7],[0,0,1,1],[1,3,1,0]],\"precision\":[0.0,0.7241379310344828,0.5,0.0],\"recall\":[0.0,0.8076923076923077,0.5,0.0],\"accuracy\":[0.8292682926829268,0.6829268292682927,0.9512195121951219,0.6097560975609756],\"jaccard_index\":[0.0,0.6176470588235294,0.3333333333333333,0.0],\"axes\":{\"cols\":\"gt\",\"rows\":\"ds\"}},\"accuracy\":0.5365853658536586,\"precision\":0.6111111111111112,\"recall\":0.7333333333333333},\"annotation_components\":{\"shape\":{\"valid_count\":25,\"missing_count\":4,\"extra_count\":11,\"total_count\":40,\"ds_count\":36,\"gt_count\":29,\"mean_iou\":0.55702524096093,\"accuracy\":0.625},\"label\":{\"valid_count\":22,\"invalid_count\":3,\"total_count\":25,\"accuracy\":0.88}},\"conflict_count\":35,\"warning_count\":16,\"error_count\":19,\"conflicts_by_type\":{\"low_overlap\":7,\"missing_annotation\":5,\"extra_annotation\":11,\"mismatching_label\":3,\"mismatching_direction\":1,\"covered_annotation\":1,\"mismatching_attributes\":1,\"mismatching_groups\":6}},\"1\":{\"conflicts\":[{\"frame_id\":1,\"type\":\"missing_annotation\",\"annotation_ids\":[{\"obj_id\":130,\"job_id\":28,\"type\":\"shape\",\"shape_type\":\"rectangle\"}],\"severity\":\"error\"},{\"frame_id\":1,\"type\":\"missing_annotation\",\"annotation_ids\":[{\"obj_id\":128,\"job_id\":28,\"type\":\"shape\",\"shape_type\":\"points\"}],\"severity\":\"error\"},{\"frame_id\":1,\"type\":\"missing_annotation\",\"annotation_ids\":[{\"obj_id\":124,\"job_id\":28,\"type\":\"shape\",\"shape_type\":\"polygon\"}],\"severity\":\"error\"},{\"frame_id\":1,\"type\":\"missing_annotation\",\"annotation_ids\":[{\"obj_id\":125,\"job_id\":28,\"type\":\"shape\",\"shape_type\":\"ellipse\"}],\"severity\":\"error\"},{\"frame_id\":1,\"type\":\"missing_annotation\",\"annotation_ids\":[{\"obj_id\":127,\"job_id\":28,\"type\":\"shape\",\"shape_type\":\"mask\"}],\"severity\":\"error\"},{\"frame_id\":1,\"type\":\"missing_annotation\",\"annotation_ids\":[{\"obj_id\":129,\"job_id\":28,\"type\":\"shape\",\"shape_type\":\"polyline\"}],\"severity\":\"error\"},{\"frame_id\":1,\"type\":\"missing_annotation\",\"annotation_ids\":[{\"obj_id\":8,\"job_id\":28,\"type\":\"tag\",\"shape_type\":null}],\"severity\":\"error\"}],\"annotations\":{\"valid_count\":0,\"missing_count\":7,\"extra_count\":0,\"total_count\":7,\"ds_count\":0,\"gt_count\":7,\"confusion_matrix\":{\"labels\":[\"dog\",\"cat\",\"skele\",\"unmatched\"],\"rows\":[[0,0,0,0],[0,0,0,0],[0,0,0,0],[0,7,0,0]],\"precision\":[0.0,0.0,0.0,0.0],\"recall\":[0.0,0.0,0.0,0.0],\"accuracy\":[1.0,0.0,1.0,0.0],\"jaccard_index\":[0.0,0.0,0.0,0.0],\"axes\":{\"cols\":\"gt\",\"rows\":\"ds\"}},\"accuracy\":0.0,\"precision\":0.0,\"recall\":0.0},\"annotation_components\":{\"shape\":{\"valid_count\":0,\"missing_count\":6,\"extra_count\":0,\"total_count\":6,\"ds_count\":0,\"gt_count\":6,\"mean_iou\":0.0,\"accuracy\":0.0},\"label\":{\"valid_count\":0,\"invalid_count\":0,\"total_count\":0,\"accuracy\":0.0}},\"conflict_count\":7,\"warning_count\":0,\"error_count\":7,\"conflicts_by_type\":{\"missing_annotation\":7}},\"2\":{\"conflicts\":[],\"annotations\":{\"valid_count\":0,\"missing_count\":0,\"extra_count\":0,\"total_count\":0,\"ds_count\":0,\"gt_count\":0,\"confusion_matrix\":{\"labels\":[\"dog\",\"cat\",\"skele\",\"unmatched\"],\"rows\":[[0,0,0,0],[0,0,0,0],[0,0,0,0],[0,0,0,0]],\"precision\":[0.0,0.0,0.0,0.0],\"recall\":[0.0,0.0,0.0,0.0],\"accuracy\":[0.0,0.0,0.0,0.0],\"jaccard_index\":[0.0,0.0,0.0,0.0],\"axes\":{\"cols\":\"gt\",\"rows\":\"ds\"}},\"accuracy\":0.0,\"precision\":0.0,\"recall\":0.0},\"annotation_components\":{\"shape\":{\"valid_count\":0,\"missing_count\":0,\"extra_count\":0,\"total_count\":0,\"ds_count\":0,\"gt_count\":0,\"mean_iou\":0,\"accuracy\":0.0},\"label\":{\"valid_count\":0,\"invalid_count\":0,\"total_count\":0,\"accuracy\":0.0}},\"conflict_count\":0,\"warning_count\":0,\"error_count\":0,\"conflicts_by_type\":{}}}}"
  }
},
{
  "model": "quality_control.annotationconflict",
  "pk": 1,
  "fields": {
    "report": 2,
    "frame": 0,
    "type": "low_overlap",
    "severity": "warning"
  }
},
{
  "model": "quality_control.annotationconflict",
  "pk": 2,
  "fields": {
    "report": 2,
    "frame": 0,
    "type": "low_overlap",
    "severity": "warning"
  }
},
{
  "model": "quality_control.annotationconflict",
  "pk": 3,
  "fields": {
    "report": 2,
    "frame": 0,
    "type": "low_overlap",
    "severity": "warning"
  }
},
{
  "model": "quality_control.annotationconflict",
  "pk": 4,
  "fields": {
    "report": 2,
    "frame": 0,
    "type": "low_overlap",
    "severity": "warning"
  }
},
{
  "model": "quality_control.annotationconflict",
  "pk": 5,
  "fields": {
    "report": 2,
    "frame": 0,
    "type": "low_overlap",
    "severity": "warning"
  }
},
{
  "model": "quality_control.annotationconflict",
  "pk": 6,
  "fields": {
    "report": 2,
    "frame": 0,
    "type": "low_overlap",
    "severity": "warning"
  }
},
{
  "model": "quality_control.annotationconflict",
  "pk": 7,
  "fields": {
    "report": 2,
    "frame": 0,
    "type": "missing_annotation",
    "severity": "error"
  }
},
{
  "model": "quality_control.annotationconflict",
  "pk": 8,
  "fields": {
    "report": 2,
    "frame": 0,
    "type": "missing_annotation",
    "severity": "error"
  }
},
{
  "model": "quality_control.annotationconflict",
  "pk": 9,
  "fields": {
    "report": 2,
    "frame": 0,
    "type": "missing_annotation",
    "severity": "error"
  }
},
{
  "model": "quality_control.annotationconflict",
  "pk": 10,
  "fields": {
    "report": 2,
    "frame": 0,
    "type": "extra_annotation",
    "severity": "error"
  }
},
{
  "model": "quality_control.annotationconflict",
  "pk": 11,
  "fields": {
    "report": 2,
    "frame": 0,
    "type": "extra_annotation",
    "severity": "error"
  }
},
{
  "model": "quality_control.annotationconflict",
  "pk": 12,
  "fields": {
    "report": 2,
    "frame": 0,
    "type": "extra_annotation",
    "severity": "error"
  }
},
{
  "model": "quality_control.annotationconflict",
  "pk": 13,
  "fields": {
    "report": 2,
    "frame": 0,
    "type": "extra_annotation",
    "severity": "error"
  }
},
{
  "model": "quality_control.annotationconflict",
  "pk": 14,
  "fields": {
    "report": 2,
    "frame": 0,
    "type": "extra_annotation",
    "severity": "error"
  }
},
{
  "model": "quality_control.annotationconflict",
  "pk": 15,
  "fields": {
    "report": 2,
    "frame": 0,
    "type": "extra_annotation",
    "severity": "error"
  }
},
{
  "model": "quality_control.annotationconflict",
  "pk": 16,
  "fields": {
    "report": 2,
    "frame": 0,
    "type": "extra_annotation",
    "severity": "error"
  }
},
{
  "model": "quality_control.annotationconflict",
  "pk": 17,
  "fields": {
    "report": 2,
    "frame": 0,
    "type": "extra_annotation",
    "severity": "error"
  }
},
{
  "model": "quality_control.annotationconflict",
  "pk": 18,
  "fields": {
    "report": 2,
    "frame": 0,
    "type": "extra_annotation",
    "severity": "error"
  }
},
{
  "model": "quality_control.annotationconflict",
  "pk": 19,
  "fields": {
    "report": 2,
    "frame": 0,
    "type": "extra_annotation",
    "severity": "error"
  }
},
{
  "model": "quality_control.annotationconflict",
  "pk": 20,
  "fields": {
    "report": 2,
    "frame": 0,
    "type": "mismatching_label",
    "severity": "error"
  }
},
{
  "model": "quality_control.annotationconflict",
  "pk": 21,
  "fields": {
    "report": 2,
    "frame": 0,
    "type": "mismatching_label",
    "severity": "error"
  }
},
{
  "model": "quality_control.annotationconflict",
  "pk": 22,
  "fields": {
    "report": 2,
    "frame": 0,
    "type": "mismatching_label",
    "severity": "error"
  }
},
{
  "model": "quality_control.annotationconflict",
  "pk": 23,
  "fields": {
    "report": 2,
    "frame": 0,
    "type": "mismatching_direction",
    "severity": "warning"
  }
},
{
  "model": "quality_control.annotationconflict",
  "pk": 24,
  "fields": {
    "report": 2,
    "frame": 0,
    "type": "covered_annotation",
    "severity": "warning"
  }
},
{
  "model": "quality_control.annotationconflict",
  "pk": 25,
  "fields": {
    "report": 2,
    "frame": 0,
    "type": "mismatching_attributes",
    "severity": "warning"
  }
},
{
  "model": "quality_control.annotationconflict",
  "pk": 26,
  "fields": {
    "report": 2,
    "frame": 0,
    "type": "mismatching_groups",
    "severity": "warning"
  }
},
{
  "model": "quality_control.annotationconflict",
  "pk": 27,
  "fields": {
    "report": 2,
    "frame": 0,
    "type": "mismatching_groups",
    "severity": "warning"
  }
},
{
  "model": "quality_control.annotationconflict",
  "pk": 28,
  "fields": {
    "report": 2,
    "frame": 0,
    "type": "mismatching_groups",
    "severity": "warning"
  }
},
{
  "model": "quality_control.annotationconflict",
  "pk": 29,
  "fields": {
    "report": 2,
    "frame": 0,
    "type": "mismatching_groups",
    "severity": "warning"
  }
},
{
  "model": "quality_control.annotationconflict",
  "pk": 30,
  "fields": {
    "report": 2,
    "frame": 0,
    "type": "mismatching_groups",
    "severity": "warning"
  }
},
{
  "model": "quality_control.annotationconflict",
  "pk": 31,
  "fields": {
    "report": 2,
    "frame": 0,
    "type": "mismatching_groups",
    "severity": "warning"
  }
},
{
  "model": "quality_control.annotationconflict",
  "pk": 32,
  "fields": {
    "report": 2,
    "frame": 1,
    "type": "missing_annotation",
    "severity": "error"
  }
},
{
  "model": "quality_control.annotationconflict",
  "pk": 33,
  "fields": {
    "report": 2,
    "frame": 1,
    "type": "missing_annotation",
    "severity": "error"
  }
},
{
  "model": "quality_control.annotationconflict",
  "pk": 34,
  "fields": {
    "report": 2,
    "frame": 1,
    "type": "missing_annotation",
    "severity": "error"
  }
},
{
  "model": "quality_control.annotationconflict",
  "pk": 35,
  "fields": {
    "report": 2,
    "frame": 1,
    "type": "missing_annotation",
    "severity": "error"
  }
},
{
  "model": "quality_control.annotationconflict",
  "pk": 36,
  "fields": {
    "report": 2,
    "frame": 1,
    "type": "missing_annotation",
    "severity": "error"
  }
},
{
  "model": "quality_control.annotationconflict",
  "pk": 37,
  "fields": {
    "report": 2,
    "frame": 1,
    "type": "missing_annotation",
    "severity": "error"
  }
},
{
  "model": "quality_control.annotationconflict",
  "pk": 38,
  "fields": {
    "report": 4,
    "frame": 0,
    "type": "low_overlap",
    "severity": "warning"
  }
},
{
  "model": "quality_control.annotationconflict",
  "pk": 39,
  "fields": {
    "report": 4,
    "frame": 0,
    "type": "low_overlap",
    "severity": "warning"
  }
},
{
  "model": "quality_control.annotationconflict",
  "pk": 40,
  "fields": {
    "report": 4,
    "frame": 0,
    "type": "low_overlap",
    "severity": "warning"
  }
},
{
  "model": "quality_control.annotationconflict",
  "pk": 41,
  "fields": {
    "report": 4,
    "frame": 0,
    "type": "low_overlap",
    "severity": "warning"
  }
},
{
  "model": "quality_control.annotationconflict",
  "pk": 42,
  "fields": {
    "report": 4,
    "frame": 0,
    "type": "low_overlap",
    "severity": "warning"
  }
},
{
  "model": "quality_control.annotationconflict",
  "pk": 43,
  "fields": {
    "report": 4,
    "frame": 0,
    "type": "low_overlap",
    "severity": "warning"
  }
},
{
  "model": "quality_control.annotationconflict",
  "pk": 44,
  "fields": {
    "report": 4,
    "frame": 0,
    "type": "low_overlap",
    "severity": "warning"
  }
},
{
  "model": "quality_control.annotationconflict",
  "pk": 45,
  "fields": {
    "report": 4,
    "frame": 0,
    "type": "missing_annotation",
    "severity": "error"
  }
},
{
  "model": "quality_control.annotationconflict",
  "pk": 46,
  "fields": {
    "report": 4,
    "frame": 0,
    "type": "missing_annotation",
    "severity": "error"
  }
},
{
  "model": "quality_control.annotationconflict",
  "pk": 47,
  "fields": {
    "report": 4,
    "frame": 0,
    "type": "missing_annotation",
    "severity": "error"
  }
},
{
  "model": "quality_control.annotationconflict",
  "pk": 48,
  "fields": {
    "report": 4,
    "frame": 0,
    "type": "missing_annotation",
    "severity": "error"
  }
},
{
  "model": "quality_control.annotationconflict",
  "pk": 49,
  "fields": {
    "report": 4,
    "frame": 0,
    "type": "extra_annotation",
    "severity": "error"
  }
},
{
  "model": "quality_control.annotationconflict",
  "pk": 50,
  "fields": {
    "report": 4,
    "frame": 0,
    "type": "extra_annotation",
    "severity": "error"
  }
},
{
  "model": "quality_control.annotationconflict",
  "pk": 51,
  "fields": {
    "report": 4,
    "frame": 0,
    "type": "extra_annotation",
    "severity": "error"
  }
},
{
  "model": "quality_control.annotationconflict",
  "pk": 52,
  "fields": {
    "report": 4,
    "frame": 0,
    "type": "extra_annotation",
    "severity": "error"
  }
},
{
  "model": "quality_control.annotationconflict",
  "pk": 53,
  "fields": {
    "report": 4,
    "frame": 0,
    "type": "extra_annotation",
    "severity": "error"
  }
},
{
  "model": "quality_control.annotationconflict",
  "pk": 54,
  "fields": {
    "report": 4,
    "frame": 0,
    "type": "extra_annotation",
    "severity": "error"
  }
},
{
  "model": "quality_control.annotationconflict",
  "pk": 55,
  "fields": {
    "report": 4,
    "frame": 0,
    "type": "extra_annotation",
    "severity": "error"
  }
},
{
  "model": "quality_control.annotationconflict",
  "pk": 56,
  "fields": {
    "report": 4,
    "frame": 0,
    "type": "extra_annotation",
    "severity": "error"
  }
},
{
  "model": "quality_control.annotationconflict",
  "pk": 57,
  "fields": {
    "report": 4,
    "frame": 0,
    "type": "extra_annotation",
    "severity": "error"
  }
},
{
  "model": "quality_control.annotationconflict",
  "pk": 58,
  "fields": {
    "report": 4,
    "frame": 0,
    "type": "extra_annotation",
    "severity": "error"
  }
},
{
  "model": "quality_control.annotationconflict",
  "pk": 59,
  "fields": {
    "report": 4,
    "frame": 0,
    "type": "extra_annotation",
    "severity": "error"
  }
},
{
  "model": "quality_control.annotationconflict",
  "pk": 60,
  "fields": {
    "report": 4,
    "frame": 0,
    "type": "mismatching_label",
    "severity": "error"
  }
},
{
  "model": "quality_control.annotationconflict",
  "pk": 61,
  "fields": {
    "report": 4,
    "frame": 0,
    "type": "mismatching_label",
    "severity": "error"
  }
},
{
  "model": "quality_control.annotationconflict",
  "pk": 62,
  "fields": {
    "report": 4,
    "frame": 0,
    "type": "mismatching_label",
    "severity": "error"
  }
},
{
  "model": "quality_control.annotationconflict",
  "pk": 63,
  "fields": {
    "report": 4,
    "frame": 0,
    "type": "mismatching_direction",
    "severity": "warning"
  }
},
{
  "model": "quality_control.annotationconflict",
  "pk": 64,
  "fields": {
    "report": 4,
    "frame": 0,
    "type": "covered_annotation",
    "severity": "warning"
  }
},
{
  "model": "quality_control.annotationconflict",
  "pk": 65,
  "fields": {
    "report": 4,
    "frame": 0,
    "type": "mismatching_attributes",
    "severity": "warning"
  }
},
{
  "model": "quality_control.annotationconflict",
  "pk": 66,
  "fields": {
    "report": 4,
    "frame": 0,
    "type": "mismatching_groups",
    "severity": "warning"
  }
},
{
  "model": "quality_control.annotationconflict",
  "pk": 67,
  "fields": {
    "report": 4,
    "frame": 0,
    "type": "mismatching_groups",
    "severity": "warning"
  }
},
{
  "model": "quality_control.annotationconflict",
  "pk": 68,
  "fields": {
    "report": 4,
    "frame": 0,
    "type": "mismatching_groups",
    "severity": "warning"
  }
},
{
  "model": "quality_control.annotationconflict",
  "pk": 69,
  "fields": {
    "report": 4,
    "frame": 0,
    "type": "mismatching_groups",
    "severity": "warning"
  }
},
{
  "model": "quality_control.annotationconflict",
  "pk": 70,
  "fields": {
    "report": 4,
    "frame": 0,
    "type": "mismatching_groups",
    "severity": "warning"
  }
},
{
  "model": "quality_control.annotationconflict",
  "pk": 71,
  "fields": {
    "report": 4,
    "frame": 0,
    "type": "mismatching_groups",
    "severity": "warning"
  }
},
{
  "model": "quality_control.annotationconflict",
  "pk": 72,
  "fields": {
    "report": 4,
    "frame": 1,
    "type": "missing_annotation",
    "severity": "error"
  }
},
{
  "model": "quality_control.annotationconflict",
  "pk": 73,
  "fields": {
    "report": 4,
    "frame": 1,
    "type": "missing_annotation",
    "severity": "error"
  }
},
{
  "model": "quality_control.annotationconflict",
  "pk": 74,
  "fields": {
    "report": 4,
    "frame": 1,
    "type": "missing_annotation",
    "severity": "error"
  }
},
{
  "model": "quality_control.annotationconflict",
  "pk": 75,
  "fields": {
    "report": 4,
    "frame": 1,
    "type": "missing_annotation",
    "severity": "error"
  }
},
{
  "model": "quality_control.annotationconflict",
  "pk": 76,
  "fields": {
    "report": 4,
    "frame": 1,
    "type": "missing_annotation",
    "severity": "error"
  }
},
{
  "model": "quality_control.annotationconflict",
  "pk": 77,
  "fields": {
    "report": 4,
    "frame": 1,
    "type": "missing_annotation",
    "severity": "error"
  }
},
{
  "model": "quality_control.annotationconflict",
  "pk": 78,
  "fields": {
    "report": 6,
    "frame": 0,
    "type": "low_overlap",
    "severity": "warning"
  }
},
{
  "model": "quality_control.annotationconflict",
  "pk": 79,
  "fields": {
    "report": 6,
    "frame": 0,
    "type": "low_overlap",
    "severity": "warning"
  }
},
{
  "model": "quality_control.annotationconflict",
  "pk": 80,
  "fields": {
    "report": 6,
    "frame": 0,
    "type": "low_overlap",
    "severity": "warning"
  }
},
{
  "model": "quality_control.annotationconflict",
  "pk": 81,
  "fields": {
    "report": 6,
    "frame": 0,
    "type": "low_overlap",
    "severity": "warning"
  }
},
{
  "model": "quality_control.annotationconflict",
  "pk": 82,
  "fields": {
    "report": 6,
    "frame": 0,
    "type": "low_overlap",
    "severity": "warning"
  }
},
{
  "model": "quality_control.annotationconflict",
  "pk": 83,
  "fields": {
    "report": 6,
    "frame": 0,
    "type": "low_overlap",
    "severity": "warning"
  }
},
{
  "model": "quality_control.annotationconflict",
  "pk": 84,
  "fields": {
    "report": 6,
    "frame": 0,
    "type": "low_overlap",
    "severity": "warning"
  }
},
{
  "model": "quality_control.annotationconflict",
  "pk": 85,
  "fields": {
    "report": 6,
    "frame": 0,
    "type": "missing_annotation",
    "severity": "error"
  }
},
{
  "model": "quality_control.annotationconflict",
  "pk": 86,
  "fields": {
    "report": 6,
    "frame": 0,
    "type": "missing_annotation",
    "severity": "error"
  }
},
{
  "model": "quality_control.annotationconflict",
  "pk": 87,
  "fields": {
    "report": 6,
    "frame": 0,
    "type": "missing_annotation",
    "severity": "error"
  }
},
{
  "model": "quality_control.annotationconflict",
  "pk": 88,
  "fields": {
    "report": 6,
    "frame": 0,
    "type": "missing_annotation",
    "severity": "error"
  }
},
{
  "model": "quality_control.annotationconflict",
  "pk": 89,
  "fields": {
    "report": 6,
    "frame": 0,
    "type": "extra_annotation",
    "severity": "error"
  }
},
{
  "model": "quality_control.annotationconflict",
  "pk": 90,
  "fields": {
    "report": 6,
    "frame": 0,
    "type": "extra_annotation",
    "severity": "error"
  }
},
{
  "model": "quality_control.annotationconflict",
  "pk": 91,
  "fields": {
    "report": 6,
    "frame": 0,
    "type": "extra_annotation",
    "severity": "error"
  }
},
{
  "model": "quality_control.annotationconflict",
  "pk": 92,
  "fields": {
    "report": 6,
    "frame": 0,
    "type": "extra_annotation",
    "severity": "error"
  }
},
{
  "model": "quality_control.annotationconflict",
  "pk": 93,
  "fields": {
    "report": 6,
    "frame": 0,
    "type": "extra_annotation",
    "severity": "error"
  }
},
{
  "model": "quality_control.annotationconflict",
  "pk": 94,
  "fields": {
    "report": 6,
    "frame": 0,
    "type": "extra_annotation",
    "severity": "error"
  }
},
{
  "model": "quality_control.annotationconflict",
  "pk": 95,
  "fields": {
    "report": 6,
    "frame": 0,
    "type": "extra_annotation",
    "severity": "error"
  }
},
{
  "model": "quality_control.annotationconflict",
  "pk": 96,
  "fields": {
    "report": 6,
    "frame": 0,
    "type": "extra_annotation",
    "severity": "error"
  }
},
{
  "model": "quality_control.annotationconflict",
  "pk": 97,
  "fields": {
    "report": 6,
    "frame": 0,
    "type": "extra_annotation",
    "severity": "error"
  }
},
{
  "model": "quality_control.annotationconflict",
  "pk": 98,
  "fields": {
    "report": 6,
    "frame": 0,
    "type": "extra_annotation",
    "severity": "error"
  }
},
{
  "model": "quality_control.annotationconflict",
  "pk": 99,
  "fields": {
    "report": 6,
    "frame": 0,
    "type": "extra_annotation",
    "severity": "error"
  }
},
{
  "model": "quality_control.annotationconflict",
  "pk": 100,
  "fields": {
    "report": 6,
    "frame": 0,
    "type": "mismatching_label",
    "severity": "error"
  }
},
{
  "model": "quality_control.annotationconflict",
  "pk": 101,
  "fields": {
    "report": 6,
    "frame": 0,
    "type": "mismatching_label",
    "severity": "error"
  }
},
{
  "model": "quality_control.annotationconflict",
  "pk": 102,
  "fields": {
    "report": 6,
    "frame": 0,
    "type": "mismatching_label",
    "severity": "error"
  }
},
{
  "model": "quality_control.annotationconflict",
  "pk": 103,
  "fields": {
    "report": 6,
    "frame": 0,
    "type": "mismatching_direction",
    "severity": "warning"
  }
},
{
  "model": "quality_control.annotationconflict",
  "pk": 104,
  "fields": {
    "report": 6,
    "frame": 0,
    "type": "covered_annotation",
    "severity": "warning"
  }
},
{
  "model": "quality_control.annotationconflict",
  "pk": 105,
  "fields": {
    "report": 6,
    "frame": 0,
    "type": "mismatching_attributes",
    "severity": "warning"
  }
},
{
  "model": "quality_control.annotationconflict",
  "pk": 106,
  "fields": {
    "report": 6,
    "frame": 0,
    "type": "mismatching_groups",
    "severity": "warning"
  }
},
{
  "model": "quality_control.annotationconflict",
  "pk": 107,
  "fields": {
    "report": 6,
    "frame": 0,
    "type": "mismatching_groups",
    "severity": "warning"
  }
},
{
  "model": "quality_control.annotationconflict",
  "pk": 108,
  "fields": {
    "report": 6,
    "frame": 0,
    "type": "mismatching_groups",
    "severity": "warning"
  }
},
{
  "model": "quality_control.annotationconflict",
  "pk": 109,
  "fields": {
    "report": 6,
    "frame": 0,
    "type": "mismatching_groups",
    "severity": "warning"
  }
},
{
  "model": "quality_control.annotationconflict",
  "pk": 110,
  "fields": {
    "report": 6,
    "frame": 0,
    "type": "mismatching_groups",
    "severity": "warning"
  }
},
{
  "model": "quality_control.annotationconflict",
  "pk": 111,
  "fields": {
    "report": 6,
    "frame": 0,
    "type": "mismatching_groups",
    "severity": "warning"
  }
},
{
  "model": "quality_control.annotationconflict",
  "pk": 112,
  "fields": {
    "report": 6,
    "frame": 1,
    "type": "missing_annotation",
    "severity": "error"
  }
},
{
  "model": "quality_control.annotationconflict",
  "pk": 113,
  "fields": {
    "report": 6,
    "frame": 1,
    "type": "missing_annotation",
    "severity": "error"
  }
},
{
  "model": "quality_control.annotationconflict",
  "pk": 114,
  "fields": {
    "report": 6,
    "frame": 1,
    "type": "missing_annotation",
    "severity": "error"
  }
},
{
  "model": "quality_control.annotationconflict",
  "pk": 115,
  "fields": {
    "report": 6,
    "frame": 1,
    "type": "missing_annotation",
    "severity": "error"
  }
},
{
  "model": "quality_control.annotationconflict",
  "pk": 116,
  "fields": {
    "report": 6,
    "frame": 1,
    "type": "missing_annotation",
    "severity": "error"
  }
},
{
  "model": "quality_control.annotationconflict",
  "pk": 117,
  "fields": {
    "report": 6,
    "frame": 1,
    "type": "missing_annotation",
    "severity": "error"
  }
},
{
  "model": "quality_control.annotationconflict",
  "pk": 118,
  "fields": {
    "report": 9,
    "frame": 5,
    "type": "low_overlap",
    "severity": "warning"
  }
},
{
  "model": "quality_control.annotationconflict",
  "pk": 119,
  "fields": {
    "report": 10,
    "frame": 4,
    "type": "missing_annotation",
    "severity": "error"
  }
},
{
  "model": "quality_control.annotationconflict",
  "pk": 120,
  "fields": {
    "report": 10,
    "frame": 4,
    "type": "extra_annotation",
    "severity": "error"
  }
},
{
  "model": "quality_control.annotationconflict",
  "pk": 121,
  "fields": {
    "report": 12,
    "frame": 0,
    "type": "low_overlap",
    "severity": "warning"
  }
},
{
  "model": "quality_control.annotationconflict",
  "pk": 122,
  "fields": {
    "report": 12,
    "frame": 0,
    "type": "low_overlap",
    "severity": "warning"
  }
},
{
  "model": "quality_control.annotationconflict",
  "pk": 123,
  "fields": {
    "report": 12,
    "frame": 0,
    "type": "low_overlap",
    "severity": "warning"
  }
},
{
  "model": "quality_control.annotationconflict",
  "pk": 124,
  "fields": {
    "report": 12,
    "frame": 0,
    "type": "low_overlap",
    "severity": "warning"
  }
},
{
  "model": "quality_control.annotationconflict",
  "pk": 125,
  "fields": {
    "report": 12,
    "frame": 0,
    "type": "low_overlap",
    "severity": "warning"
  }
},
{
  "model": "quality_control.annotationconflict",
  "pk": 126,
  "fields": {
    "report": 12,
    "frame": 0,
    "type": "low_overlap",
    "severity": "warning"
  }
},
{
  "model": "quality_control.annotationconflict",
  "pk": 127,
  "fields": {
    "report": 12,
    "frame": 0,
    "type": "low_overlap",
    "severity": "warning"
  }
},
{
  "model": "quality_control.annotationconflict",
  "pk": 128,
  "fields": {
    "report": 12,
    "frame": 0,
    "type": "missing_annotation",
    "severity": "error"
  }
},
{
  "model": "quality_control.annotationconflict",
  "pk": 129,
  "fields": {
    "report": 12,
    "frame": 0,
    "type": "missing_annotation",
    "severity": "error"
  }
},
{
  "model": "quality_control.annotationconflict",
  "pk": 130,
  "fields": {
    "report": 12,
    "frame": 0,
    "type": "missing_annotation",
    "severity": "error"
  }
},
{
  "model": "quality_control.annotationconflict",
  "pk": 131,
  "fields": {
    "report": 12,
    "frame": 0,
    "type": "missing_annotation",
    "severity": "error"
  }
},
{
  "model": "quality_control.annotationconflict",
  "pk": 132,
  "fields": {
    "report": 12,
    "frame": 0,
    "type": "missing_annotation",
    "severity": "error"
  }
},
{
  "model": "quality_control.annotationconflict",
  "pk": 133,
  "fields": {
    "report": 12,
    "frame": 0,
    "type": "extra_annotation",
    "severity": "error"
  }
},
{
  "model": "quality_control.annotationconflict",
  "pk": 134,
  "fields": {
    "report": 12,
    "frame": 0,
    "type": "extra_annotation",
    "severity": "error"
  }
},
{
  "model": "quality_control.annotationconflict",
  "pk": 135,
  "fields": {
    "report": 12,
    "frame": 0,
    "type": "extra_annotation",
    "severity": "error"
  }
},
{
  "model": "quality_control.annotationconflict",
  "pk": 136,
  "fields": {
    "report": 12,
    "frame": 0,
    "type": "extra_annotation",
    "severity": "error"
  }
},
{
  "model": "quality_control.annotationconflict",
  "pk": 137,
  "fields": {
    "report": 12,
    "frame": 0,
    "type": "extra_annotation",
    "severity": "error"
  }
},
{
  "model": "quality_control.annotationconflict",
  "pk": 138,
  "fields": {
    "report": 12,
    "frame": 0,
    "type": "extra_annotation",
    "severity": "error"
  }
},
{
  "model": "quality_control.annotationconflict",
  "pk": 139,
  "fields": {
    "report": 12,
    "frame": 0,
    "type": "extra_annotation",
    "severity": "error"
  }
},
{
  "model": "quality_control.annotationconflict",
  "pk": 140,
  "fields": {
    "report": 12,
    "frame": 0,
    "type": "extra_annotation",
    "severity": "error"
  }
},
{
  "model": "quality_control.annotationconflict",
  "pk": 141,
  "fields": {
    "report": 12,
    "frame": 0,
    "type": "extra_annotation",
    "severity": "error"
  }
},
{
  "model": "quality_control.annotationconflict",
  "pk": 142,
  "fields": {
    "report": 12,
    "frame": 0,
    "type": "extra_annotation",
    "severity": "error"
  }
},
{
  "model": "quality_control.annotationconflict",
  "pk": 143,
  "fields": {
    "report": 12,
    "frame": 0,
    "type": "extra_annotation",
    "severity": "error"
  }
},
{
  "model": "quality_control.annotationconflict",
  "pk": 144,
  "fields": {
    "report": 12,
    "frame": 0,
    "type": "mismatching_label",
    "severity": "error"
  }
},
{
  "model": "quality_control.annotationconflict",
  "pk": 145,
  "fields": {
    "report": 12,
    "frame": 0,
    "type": "mismatching_label",
    "severity": "error"
  }
},
{
  "model": "quality_control.annotationconflict",
  "pk": 146,
  "fields": {
    "report": 12,
    "frame": 0,
    "type": "mismatching_label",
    "severity": "error"
  }
},
{
  "model": "quality_control.annotationconflict",
  "pk": 147,
  "fields": {
    "report": 12,
    "frame": 0,
    "type": "mismatching_direction",
    "severity": "warning"
  }
},
{
  "model": "quality_control.annotationconflict",
  "pk": 148,
  "fields": {
    "report": 12,
    "frame": 0,
    "type": "covered_annotation",
    "severity": "warning"
  }
},
{
  "model": "quality_control.annotationconflict",
  "pk": 149,
  "fields": {
    "report": 12,
    "frame": 0,
    "type": "mismatching_attributes",
    "severity": "warning"
  }
},
{
  "model": "quality_control.annotationconflict",
  "pk": 150,
  "fields": {
    "report": 12,
    "frame": 0,
    "type": "mismatching_groups",
    "severity": "warning"
  }
},
{
  "model": "quality_control.annotationconflict",
  "pk": 151,
  "fields": {
    "report": 12,
    "frame": 0,
    "type": "mismatching_groups",
    "severity": "warning"
  }
},
{
  "model": "quality_control.annotationconflict",
  "pk": 152,
  "fields": {
    "report": 12,
    "frame": 0,
    "type": "mismatching_groups",
    "severity": "warning"
  }
},
{
  "model": "quality_control.annotationconflict",
  "pk": 153,
  "fields": {
    "report": 12,
    "frame": 0,
    "type": "mismatching_groups",
    "severity": "warning"
  }
},
{
  "model": "quality_control.annotationconflict",
  "pk": 154,
  "fields": {
    "report": 12,
    "frame": 0,
    "type": "mismatching_groups",
    "severity": "warning"
  }
},
{
  "model": "quality_control.annotationconflict",
  "pk": 155,
  "fields": {
    "report": 12,
    "frame": 0,
    "type": "mismatching_groups",
    "severity": "warning"
  }
},
{
  "model": "quality_control.annotationconflict",
  "pk": 156,
  "fields": {
    "report": 12,
    "frame": 1,
    "type": "missing_annotation",
    "severity": "error"
  }
},
{
  "model": "quality_control.annotationconflict",
  "pk": 157,
  "fields": {
    "report": 12,
    "frame": 1,
    "type": "missing_annotation",
    "severity": "error"
  }
},
{
  "model": "quality_control.annotationconflict",
  "pk": 158,
  "fields": {
    "report": 12,
    "frame": 1,
    "type": "missing_annotation",
    "severity": "error"
  }
},
{
  "model": "quality_control.annotationconflict",
  "pk": 159,
  "fields": {
    "report": 12,
    "frame": 1,
    "type": "missing_annotation",
    "severity": "error"
  }
},
{
  "model": "quality_control.annotationconflict",
  "pk": 160,
  "fields": {
    "report": 12,
    "frame": 1,
    "type": "missing_annotation",
    "severity": "error"
  }
},
{
  "model": "quality_control.annotationconflict",
  "pk": 161,
  "fields": {
    "report": 12,
    "frame": 1,
    "type": "missing_annotation",
    "severity": "error"
  }
},
{
  "model": "quality_control.annotationconflict",
  "pk": 162,
  "fields": {
    "report": 12,
    "frame": 1,
    "type": "missing_annotation",
    "severity": "error"
  }
},
{
  "model": "quality_control.annotationid",
  "pk": 1,
  "fields": {
    "conflict": 1,
    "obj_id": 65,
    "job_id": 27,
    "type": "shape",
    "shape_type": "rectangle"
  }
},
{
  "model": "quality_control.annotationid",
  "pk": 2,
  "fields": {
    "conflict": 1,
    "obj_id": 101,
    "job_id": 28,
    "type": "shape",
    "shape_type": "rectangle"
  }
},
{
  "model": "quality_control.annotationid",
  "pk": 3,
  "fields": {
    "conflict": 2,
    "obj_id": 91,
    "job_id": 27,
    "type": "shape",
    "shape_type": "rectangle"
  }
},
{
  "model": "quality_control.annotationid",
  "pk": 4,
  "fields": {
    "conflict": 2,
    "obj_id": 118,
    "job_id": 28,
    "type": "shape",
    "shape_type": "rectangle"
  }
},
{
  "model": "quality_control.annotationid",
  "pk": 5,
  "fields": {
    "conflict": 3,
    "obj_id": 88,
    "job_id": 27,
    "type": "shape",
    "shape_type": "points"
  }
},
{
  "model": "quality_control.annotationid",
  "pk": 6,
  "fields": {
    "conflict": 3,
    "obj_id": 102,
    "job_id": 28,
    "type": "shape",
    "shape_type": "points"
  }
},
{
  "model": "quality_control.annotationid",
  "pk": 7,
  "fields": {
    "conflict": 4,
    "obj_id": 68,
    "job_id": 27,
    "type": "shape",
    "shape_type": "polygon"
  }
},
{
  "model": "quality_control.annotationid",
  "pk": 8,
  "fields": {
    "conflict": 4,
    "obj_id": 98,
    "job_id": 28,
    "type": "shape",
    "shape_type": "polygon"
  }
},
{
  "model": "quality_control.annotationid",
  "pk": 9,
  "fields": {
    "conflict": 5,
    "obj_id": 67,
    "job_id": 27,
    "type": "shape",
    "shape_type": "polyline"
  }
},
{
  "model": "quality_control.annotationid",
  "pk": 10,
  "fields": {
    "conflict": 5,
    "obj_id": 99,
    "job_id": 28,
    "type": "shape",
    "shape_type": "polyline"
  }
},
{
  "model": "quality_control.annotationid",
  "pk": 11,
  "fields": {
    "conflict": 6,
    "obj_id": 92,
    "job_id": 27,
    "type": "shape",
    "shape_type": "points"
  }
},
{
  "model": "quality_control.annotationid",
  "pk": 12,
  "fields": {
    "conflict": 6,
    "obj_id": 119,
    "job_id": 28,
    "type": "shape",
    "shape_type": "points"
  }
},
{
  "model": "quality_control.annotationid",
  "pk": 13,
  "fields": {
    "conflict": 7,
    "obj_id": 107,
    "job_id": 28,
    "type": "shape",
    "shape_type": "rectangle"
  }
},
{
  "model": "quality_control.annotationid",
  "pk": 14,
  "fields": {
    "conflict": 8,
    "obj_id": 121,
    "job_id": 28,
    "type": "shape",
    "shape_type": "points"
  }
},
{
  "model": "quality_control.annotationid",
  "pk": 15,
  "fields": {
    "conflict": 9,
    "obj_id": 122,
    "job_id": 28,
    "type": "shape",
    "shape_type": "points"
  }
},
{
  "model": "quality_control.annotationid",
  "pk": 16,
  "fields": {
    "conflict": 10,
    "obj_id": 70,
    "job_id": 27,
    "type": "shape",
    "shape_type": "rectangle"
  }
},
{
  "model": "quality_control.annotationid",
  "pk": 17,
  "fields": {
    "conflict": 11,
    "obj_id": 76,
    "job_id": 27,
    "type": "shape",
    "shape_type": "rectangle"
  }
},
{
  "model": "quality_control.annotationid",
  "pk": 18,
  "fields": {
    "conflict": 12,
    "obj_id": 93,
    "job_id": 27,
    "type": "shape",
    "shape_type": "points"
  }
},
{
  "model": "quality_control.annotationid",
  "pk": 19,
  "fields": {
    "conflict": 13,
    "obj_id": 74,
    "job_id": 27,
    "type": "shape",
    "shape_type": "polygon"
  }
},
{
  "model": "quality_control.annotationid",
  "pk": 20,
  "fields": {
    "conflict": 14,
    "obj_id": 95,
    "job_id": 27,
    "type": "shape",
    "shape_type": "polygon"
  }
},
{
  "model": "quality_control.annotationid",
  "pk": 21,
  "fields": {
    "conflict": 15,
    "obj_id": 73,
    "job_id": 27,
    "type": "shape",
    "shape_type": "polygon"
  }
},
{
  "model": "quality_control.annotationid",
  "pk": 22,
  "fields": {
    "conflict": 16,
    "obj_id": 96,
    "job_id": 27,
    "type": "shape",
    "shape_type": "ellipse"
  }
},
{
  "model": "quality_control.annotationid",
  "pk": 23,
  "fields": {
    "conflict": 17,
    "obj_id": 64,
    "job_id": 27,
    "type": "shape",
    "shape_type": "polyline"
  }
},
{
  "model": "quality_control.annotationid",
  "pk": 24,
  "fields": {
    "conflict": 18,
    "obj_id": 66,
    "job_id": 27,
    "type": "shape",
    "shape_type": "polyline"
  }
},
{
  "model": "quality_control.annotationid",
  "pk": 25,
  "fields": {
    "conflict": 19,
    "obj_id": 94,
    "job_id": 27,
    "type": "shape",
    "shape_type": "polyline"
  }
},
{
  "model": "quality_control.annotationid",
  "pk": 26,
  "fields": {
    "conflict": 20,
    "obj_id": 89,
    "job_id": 27,
    "type": "shape",
    "shape_type": "points"
  }
},
{
  "model": "quality_control.annotationid",
  "pk": 27,
  "fields": {
    "conflict": 20,
    "obj_id": 123,
    "job_id": 28,
    "type": "shape",
    "shape_type": "points"
  }
},
{
  "model": "quality_control.annotationid",
  "pk": 28,
  "fields": {
    "conflict": 21,
    "obj_id": 92,
    "job_id": 27,
    "type": "shape",
    "shape_type": "points"
  }
},
{
  "model": "quality_control.annotationid",
  "pk": 29,
  "fields": {
    "conflict": 21,
    "obj_id": 119,
    "job_id": 28,
    "type": "shape",
    "shape_type": "points"
  }
},
{
  "model": "quality_control.annotationid",
  "pk": 30,
  "fields": {
    "conflict": 22,
    "obj_id": 69,
    "job_id": 27,
    "type": "shape",
    "shape_type": "mask"
  }
},
{
  "model": "quality_control.annotationid",
  "pk": 31,
  "fields": {
    "conflict": 22,
    "obj_id": 97,
    "job_id": 28,
    "type": "shape",
    "shape_type": "polygon"
  }
},
{
  "model": "quality_control.annotationid",
  "pk": 32,
  "fields": {
    "conflict": 23,
    "obj_id": 67,
    "job_id": 27,
    "type": "shape",
    "shape_type": "polyline"
  }
},
{
  "model": "quality_control.annotationid",
  "pk": 33,
  "fields": {
    "conflict": 23,
    "obj_id": 99,
    "job_id": 28,
    "type": "shape",
    "shape_type": "polyline"
  }
},
{
  "model": "quality_control.annotationid",
  "pk": 34,
  "fields": {
    "conflict": 24,
    "obj_id": 69,
    "job_id": 27,
    "type": "shape",
    "shape_type": "mask"
  }
},
{
  "model": "quality_control.annotationid",
  "pk": 35,
  "fields": {
    "conflict": 25,
    "obj_id": 65,
    "job_id": 27,
    "type": "shape",
    "shape_type": "rectangle"
  }
},
{
  "model": "quality_control.annotationid",
  "pk": 36,
  "fields": {
    "conflict": 25,
    "obj_id": 101,
    "job_id": 28,
    "type": "shape",
    "shape_type": "rectangle"
  }
},
{
  "model": "quality_control.annotationid",
  "pk": 37,
  "fields": {
    "conflict": 26,
    "obj_id": 82,
    "job_id": 27,
    "type": "shape",
    "shape_type": "rectangle"
  }
},
{
  "model": "quality_control.annotationid",
  "pk": 38,
  "fields": {
    "conflict": 26,
    "obj_id": 103,
    "job_id": 28,
    "type": "shape",
    "shape_type": "rectangle"
  }
},
{
  "model": "quality_control.annotationid",
  "pk": 39,
  "fields": {
    "conflict": 27,
    "obj_id": 81,
    "job_id": 27,
    "type": "shape",
    "shape_type": "rectangle"
  }
},
{
  "model": "quality_control.annotationid",
  "pk": 40,
  "fields": {
    "conflict": 27,
    "obj_id": 104,
    "job_id": 28,
    "type": "shape",
    "shape_type": "rectangle"
  }
},
{
  "model": "quality_control.annotationid",
  "pk": 41,
  "fields": {
    "conflict": 28,
    "obj_id": 83,
    "job_id": 27,
    "type": "shape",
    "shape_type": "rectangle"
  }
},
{
  "model": "quality_control.annotationid",
  "pk": 42,
  "fields": {
    "conflict": 28,
    "obj_id": 105,
    "job_id": 28,
    "type": "shape",
    "shape_type": "rectangle"
  }
},
{
  "model": "quality_control.annotationid",
  "pk": 43,
  "fields": {
    "conflict": 29,
    "obj_id": 87,
    "job_id": 27,
    "type": "shape",
    "shape_type": "rectangle"
  }
},
{
  "model": "quality_control.annotationid",
  "pk": 44,
  "fields": {
    "conflict": 29,
    "obj_id": 106,
    "job_id": 28,
    "type": "shape",
    "shape_type": "rectangle"
  }
},
{
  "model": "quality_control.annotationid",
  "pk": 45,
  "fields": {
    "conflict": 30,
    "obj_id": 80,
    "job_id": 27,
    "type": "shape",
    "shape_type": "rectangle"
  }
},
{
  "model": "quality_control.annotationid",
  "pk": 46,
  "fields": {
    "conflict": 30,
    "obj_id": 111,
    "job_id": 28,
    "type": "shape",
    "shape_type": "rectangle"
  }
},
{
  "model": "quality_control.annotationid",
  "pk": 47,
  "fields": {
    "conflict": 31,
    "obj_id": 77,
    "job_id": 27,
    "type": "shape",
    "shape_type": "rectangle"
  }
},
{
  "model": "quality_control.annotationid",
  "pk": 48,
  "fields": {
    "conflict": 31,
    "obj_id": 114,
    "job_id": 28,
    "type": "shape",
    "shape_type": "rectangle"
  }
},
{
  "model": "quality_control.annotationid",
  "pk": 49,
  "fields": {
    "conflict": 32,
    "obj_id": 130,
    "job_id": 28,
    "type": "shape",
    "shape_type": "rectangle"
  }
},
{
  "model": "quality_control.annotationid",
  "pk": 50,
  "fields": {
    "conflict": 33,
    "obj_id": 128,
    "job_id": 28,
    "type": "shape",
    "shape_type": "points"
  }
},
{
  "model": "quality_control.annotationid",
  "pk": 51,
  "fields": {
    "conflict": 34,
    "obj_id": 124,
    "job_id": 28,
    "type": "shape",
    "shape_type": "polygon"
  }
},
{
  "model": "quality_control.annotationid",
  "pk": 52,
  "fields": {
    "conflict": 35,
    "obj_id": 125,
    "job_id": 28,
    "type": "shape",
    "shape_type": "ellipse"
  }
},
{
  "model": "quality_control.annotationid",
  "pk": 53,
  "fields": {
    "conflict": 36,
    "obj_id": 127,
    "job_id": 28,
    "type": "shape",
    "shape_type": "mask"
  }
},
{
  "model": "quality_control.annotationid",
  "pk": 54,
  "fields": {
    "conflict": 37,
    "obj_id": 129,
    "job_id": 28,
    "type": "shape",
    "shape_type": "polyline"
  }
},
{
  "model": "quality_control.annotationid",
  "pk": 55,
  "fields": {
    "conflict": 38,
    "obj_id": 65,
    "job_id": 27,
    "type": "shape",
    "shape_type": "rectangle"
  }
},
{
  "model": "quality_control.annotationid",
  "pk": 56,
  "fields": {
    "conflict": 38,
    "obj_id": 101,
    "job_id": 28,
    "type": "shape",
    "shape_type": "rectangle"
  }
},
{
  "model": "quality_control.annotationid",
  "pk": 57,
  "fields": {
    "conflict": 39,
    "obj_id": 91,
    "job_id": 27,
    "type": "shape",
    "shape_type": "rectangle"
  }
},
{
  "model": "quality_control.annotationid",
  "pk": 58,
  "fields": {
    "conflict": 39,
    "obj_id": 118,
    "job_id": 28,
    "type": "shape",
    "shape_type": "rectangle"
  }
},
{
  "model": "quality_control.annotationid",
  "pk": 59,
  "fields": {
    "conflict": 40,
    "obj_id": 88,
    "job_id": 27,
    "type": "shape",
    "shape_type": "points"
  }
},
{
  "model": "quality_control.annotationid",
  "pk": 60,
  "fields": {
    "conflict": 40,
    "obj_id": 102,
    "job_id": 28,
    "type": "shape",
    "shape_type": "points"
  }
},
{
  "model": "quality_control.annotationid",
  "pk": 61,
  "fields": {
    "conflict": 41,
    "obj_id": 68,
    "job_id": 27,
    "type": "shape",
    "shape_type": "polygon"
  }
},
{
  "model": "quality_control.annotationid",
  "pk": 62,
  "fields": {
    "conflict": 41,
    "obj_id": 98,
    "job_id": 28,
    "type": "shape",
    "shape_type": "polygon"
  }
},
{
  "model": "quality_control.annotationid",
  "pk": 63,
  "fields": {
    "conflict": 42,
    "obj_id": 67,
    "job_id": 27,
    "type": "shape",
    "shape_type": "polyline"
  }
},
{
  "model": "quality_control.annotationid",
  "pk": 64,
  "fields": {
    "conflict": 42,
    "obj_id": 99,
    "job_id": 28,
    "type": "shape",
    "shape_type": "polyline"
  }
},
{
  "model": "quality_control.annotationid",
  "pk": 65,
  "fields": {
    "conflict": 43,
    "obj_id": 141,
    "job_id": 27,
    "type": "shape",
    "shape_type": "skeleton"
  }
},
{
  "model": "quality_control.annotationid",
  "pk": 66,
  "fields": {
    "conflict": 43,
    "obj_id": 132,
    "job_id": 28,
    "type": "shape",
    "shape_type": "skeleton"
  }
},
{
  "model": "quality_control.annotationid",
  "pk": 67,
  "fields": {
    "conflict": 44,
    "obj_id": 92,
    "job_id": 27,
    "type": "shape",
    "shape_type": "points"
  }
},
{
  "model": "quality_control.annotationid",
  "pk": 68,
  "fields": {
    "conflict": 44,
    "obj_id": 119,
    "job_id": 28,
    "type": "shape",
    "shape_type": "points"
  }
},
{
  "model": "quality_control.annotationid",
  "pk": 69,
  "fields": {
    "conflict": 45,
    "obj_id": 107,
    "job_id": 28,
    "type": "shape",
    "shape_type": "rectangle"
  }
},
{
  "model": "quality_control.annotationid",
  "pk": 70,
  "fields": {
    "conflict": 46,
    "obj_id": 121,
    "job_id": 28,
    "type": "shape",
    "shape_type": "points"
  }
},
{
  "model": "quality_control.annotationid",
  "pk": 71,
  "fields": {
    "conflict": 47,
    "obj_id": 122,
    "job_id": 28,
    "type": "shape",
    "shape_type": "points"
  }
},
{
  "model": "quality_control.annotationid",
  "pk": 72,
  "fields": {
    "conflict": 48,
    "obj_id": 131,
    "job_id": 28,
    "type": "shape",
    "shape_type": "skeleton"
  }
},
{
  "model": "quality_control.annotationid",
  "pk": 73,
  "fields": {
    "conflict": 49,
    "obj_id": 70,
    "job_id": 27,
    "type": "shape",
    "shape_type": "rectangle"
  }
},
{
  "model": "quality_control.annotationid",
  "pk": 74,
  "fields": {
    "conflict": 50,
    "obj_id": 76,
    "job_id": 27,
    "type": "shape",
    "shape_type": "rectangle"
  }
},
{
  "model": "quality_control.annotationid",
  "pk": 75,
  "fields": {
    "conflict": 51,
    "obj_id": 93,
    "job_id": 27,
    "type": "shape",
    "shape_type": "points"
  }
},
{
  "model": "quality_control.annotationid",
  "pk": 76,
  "fields": {
    "conflict": 52,
    "obj_id": 74,
    "job_id": 27,
    "type": "shape",
    "shape_type": "polygon"
  }
},
{
  "model": "quality_control.annotationid",
  "pk": 77,
  "fields": {
    "conflict": 53,
    "obj_id": 95,
    "job_id": 27,
    "type": "shape",
    "shape_type": "polygon"
  }
},
{
  "model": "quality_control.annotationid",
  "pk": 78,
  "fields": {
    "conflict": 54,
    "obj_id": 73,
    "job_id": 27,
    "type": "shape",
    "shape_type": "polygon"
  }
},
{
  "model": "quality_control.annotationid",
  "pk": 79,
  "fields": {
    "conflict": 55,
    "obj_id": 96,
    "job_id": 27,
    "type": "shape",
    "shape_type": "ellipse"
  }
},
{
  "model": "quality_control.annotationid",
  "pk": 80,
  "fields": {
    "conflict": 56,
    "obj_id": 64,
    "job_id": 27,
    "type": "shape",
    "shape_type": "polyline"
  }
},
{
  "model": "quality_control.annotationid",
  "pk": 81,
  "fields": {
    "conflict": 57,
    "obj_id": 66,
    "job_id": 27,
    "type": "shape",
    "shape_type": "polyline"
  }
},
{
  "model": "quality_control.annotationid",
  "pk": 82,
  "fields": {
    "conflict": 58,
    "obj_id": 94,
    "job_id": 27,
    "type": "shape",
    "shape_type": "polyline"
  }
},
{
  "model": "quality_control.annotationid",
  "pk": 83,
  "fields": {
    "conflict": 59,
    "obj_id": 142,
    "job_id": 27,
    "type": "shape",
    "shape_type": "skeleton"
  }
},
{
  "model": "quality_control.annotationid",
  "pk": 84,
  "fields": {
    "conflict": 60,
    "obj_id": 92,
    "job_id": 27,
    "type": "shape",
    "shape_type": "points"
  }
},
{
  "model": "quality_control.annotationid",
  "pk": 85,
  "fields": {
    "conflict": 60,
    "obj_id": 119,
    "job_id": 28,
    "type": "shape",
    "shape_type": "points"
  }
},
{
  "model": "quality_control.annotationid",
  "pk": 86,
  "fields": {
    "conflict": 61,
    "obj_id": 89,
    "job_id": 27,
    "type": "shape",
    "shape_type": "points"
  }
},
{
  "model": "quality_control.annotationid",
  "pk": 87,
  "fields": {
    "conflict": 61,
    "obj_id": 123,
    "job_id": 28,
    "type": "shape",
    "shape_type": "points"
  }
},
{
  "model": "quality_control.annotationid",
  "pk": 88,
  "fields": {
    "conflict": 62,
    "obj_id": 69,
    "job_id": 27,
    "type": "shape",
    "shape_type": "mask"
  }
},
{
  "model": "quality_control.annotationid",
  "pk": 89,
  "fields": {
    "conflict": 62,
    "obj_id": 97,
    "job_id": 28,
    "type": "shape",
    "shape_type": "polygon"
  }
},
{
  "model": "quality_control.annotationid",
  "pk": 90,
  "fields": {
    "conflict": 63,
    "obj_id": 67,
    "job_id": 27,
    "type": "shape",
    "shape_type": "polyline"
  }
},
{
  "model": "quality_control.annotationid",
  "pk": 91,
  "fields": {
    "conflict": 63,
    "obj_id": 99,
    "job_id": 28,
    "type": "shape",
    "shape_type": "polyline"
  }
},
{
  "model": "quality_control.annotationid",
  "pk": 92,
  "fields": {
    "conflict": 64,
    "obj_id": 69,
    "job_id": 27,
    "type": "shape",
    "shape_type": "mask"
  }
},
{
  "model": "quality_control.annotationid",
  "pk": 93,
  "fields": {
    "conflict": 65,
    "obj_id": 65,
    "job_id": 27,
    "type": "shape",
    "shape_type": "rectangle"
  }
},
{
  "model": "quality_control.annotationid",
  "pk": 94,
  "fields": {
    "conflict": 65,
    "obj_id": 101,
    "job_id": 28,
    "type": "shape",
    "shape_type": "rectangle"
  }
},
{
  "model": "quality_control.annotationid",
  "pk": 95,
  "fields": {
    "conflict": 66,
    "obj_id": 82,
    "job_id": 27,
    "type": "shape",
    "shape_type": "rectangle"
  }
},
{
  "model": "quality_control.annotationid",
  "pk": 96,
  "fields": {
    "conflict": 66,
    "obj_id": 103,
    "job_id": 28,
    "type": "shape",
    "shape_type": "rectangle"
  }
},
{
  "model": "quality_control.annotationid",
  "pk": 97,
  "fields": {
    "conflict": 67,
    "obj_id": 81,
    "job_id": 27,
    "type": "shape",
    "shape_type": "rectangle"
  }
},
{
  "model": "quality_control.annotationid",
  "pk": 98,
  "fields": {
    "conflict": 67,
    "obj_id": 104,
    "job_id": 28,
    "type": "shape",
    "shape_type": "rectangle"
  }
},
{
  "model": "quality_control.annotationid",
  "pk": 99,
  "fields": {
    "conflict": 68,
    "obj_id": 83,
    "job_id": 27,
    "type": "shape",
    "shape_type": "rectangle"
  }
},
{
  "model": "quality_control.annotationid",
  "pk": 100,
  "fields": {
    "conflict": 68,
    "obj_id": 105,
    "job_id": 28,
    "type": "shape",
    "shape_type": "rectangle"
  }
},
{
  "model": "quality_control.annotationid",
  "pk": 101,
  "fields": {
    "conflict": 69,
    "obj_id": 87,
    "job_id": 27,
    "type": "shape",
    "shape_type": "rectangle"
  }
},
{
  "model": "quality_control.annotationid",
  "pk": 102,
  "fields": {
    "conflict": 69,
    "obj_id": 106,
    "job_id": 28,
    "type": "shape",
    "shape_type": "rectangle"
  }
},
{
  "model": "quality_control.annotationid",
  "pk": 103,
  "fields": {
    "conflict": 70,
    "obj_id": 80,
    "job_id": 27,
    "type": "shape",
    "shape_type": "rectangle"
  }
},
{
  "model": "quality_control.annotationid",
  "pk": 104,
  "fields": {
    "conflict": 70,
    "obj_id": 111,
    "job_id": 28,
    "type": "shape",
    "shape_type": "rectangle"
  }
},
{
  "model": "quality_control.annotationid",
  "pk": 105,
  "fields": {
    "conflict": 71,
    "obj_id": 77,
    "job_id": 27,
    "type": "shape",
    "shape_type": "rectangle"
  }
},
{
  "model": "quality_control.annotationid",
  "pk": 106,
  "fields": {
    "conflict": 71,
    "obj_id": 114,
    "job_id": 28,
    "type": "shape",
    "shape_type": "rectangle"
  }
},
{
  "model": "quality_control.annotationid",
  "pk": 107,
  "fields": {
    "conflict": 72,
    "obj_id": 130,
    "job_id": 28,
    "type": "shape",
    "shape_type": "rectangle"
  }
},
{
  "model": "quality_control.annotationid",
  "pk": 108,
  "fields": {
    "conflict": 73,
    "obj_id": 128,
    "job_id": 28,
    "type": "shape",
    "shape_type": "points"
  }
},
{
  "model": "quality_control.annotationid",
  "pk": 109,
  "fields": {
    "conflict": 74,
    "obj_id": 124,
    "job_id": 28,
    "type": "shape",
    "shape_type": "polygon"
  }
},
{
  "model": "quality_control.annotationid",
  "pk": 110,
  "fields": {
    "conflict": 75,
    "obj_id": 125,
    "job_id": 28,
    "type": "shape",
    "shape_type": "ellipse"
  }
},
{
  "model": "quality_control.annotationid",
  "pk": 111,
  "fields": {
    "conflict": 76,
    "obj_id": 127,
    "job_id": 28,
    "type": "shape",
    "shape_type": "mask"
  }
},
{
  "model": "quality_control.annotationid",
  "pk": 112,
  "fields": {
    "conflict": 77,
    "obj_id": 129,
    "job_id": 28,
    "type": "shape",
    "shape_type": "polyline"
  }
},
{
  "model": "quality_control.annotationid",
  "pk": 113,
  "fields": {
    "conflict": 78,
    "obj_id": 65,
    "job_id": 27,
    "type": "shape",
    "shape_type": "rectangle"
  }
},
{
  "model": "quality_control.annotationid",
  "pk": 114,
  "fields": {
    "conflict": 78,
    "obj_id": 101,
    "job_id": 28,
    "type": "shape",
    "shape_type": "rectangle"
  }
},
{
  "model": "quality_control.annotationid",
  "pk": 115,
  "fields": {
    "conflict": 79,
    "obj_id": 91,
    "job_id": 27,
    "type": "shape",
    "shape_type": "rectangle"
  }
},
{
  "model": "quality_control.annotationid",
  "pk": 116,
  "fields": {
    "conflict": 79,
    "obj_id": 118,
    "job_id": 28,
    "type": "shape",
    "shape_type": "rectangle"
  }
},
{
  "model": "quality_control.annotationid",
  "pk": 117,
  "fields": {
    "conflict": 80,
    "obj_id": 88,
    "job_id": 27,
    "type": "shape",
    "shape_type": "points"
  }
},
{
  "model": "quality_control.annotationid",
  "pk": 118,
  "fields": {
    "conflict": 80,
    "obj_id": 102,
    "job_id": 28,
    "type": "shape",
    "shape_type": "points"
  }
},
{
  "model": "quality_control.annotationid",
  "pk": 119,
  "fields": {
    "conflict": 81,
    "obj_id": 68,
    "job_id": 27,
    "type": "shape",
    "shape_type": "polygon"
  }
},
{
  "model": "quality_control.annotationid",
  "pk": 120,
  "fields": {
    "conflict": 81,
    "obj_id": 98,
    "job_id": 28,
    "type": "shape",
    "shape_type": "polygon"
  }
},
{
  "model": "quality_control.annotationid",
  "pk": 121,
  "fields": {
    "conflict": 82,
    "obj_id": 67,
    "job_id": 27,
    "type": "shape",
    "shape_type": "polyline"
  }
},
{
  "model": "quality_control.annotationid",
  "pk": 122,
  "fields": {
    "conflict": 82,
    "obj_id": 99,
    "job_id": 28,
    "type": "shape",
    "shape_type": "polyline"
  }
},
{
  "model": "quality_control.annotationid",
  "pk": 123,
  "fields": {
    "conflict": 83,
    "obj_id": 141,
    "job_id": 27,
    "type": "shape",
    "shape_type": "skeleton"
  }
},
{
  "model": "quality_control.annotationid",
  "pk": 124,
  "fields": {
    "conflict": 83,
    "obj_id": 132,
    "job_id": 28,
    "type": "shape",
    "shape_type": "skeleton"
  }
},
{
  "model": "quality_control.annotationid",
  "pk": 125,
  "fields": {
    "conflict": 84,
    "obj_id": 92,
    "job_id": 27,
    "type": "shape",
    "shape_type": "points"
  }
},
{
  "model": "quality_control.annotationid",
  "pk": 126,
  "fields": {
    "conflict": 84,
    "obj_id": 119,
    "job_id": 28,
    "type": "shape",
    "shape_type": "points"
  }
},
{
  "model": "quality_control.annotationid",
  "pk": 127,
  "fields": {
    "conflict": 85,
    "obj_id": 107,
    "job_id": 28,
    "type": "shape",
    "shape_type": "rectangle"
  }
},
{
  "model": "quality_control.annotationid",
  "pk": 128,
  "fields": {
    "conflict": 86,
    "obj_id": 121,
    "job_id": 28,
    "type": "shape",
    "shape_type": "points"
  }
},
{
  "model": "quality_control.annotationid",
  "pk": 129,
  "fields": {
    "conflict": 87,
    "obj_id": 122,
    "job_id": 28,
    "type": "shape",
    "shape_type": "points"
  }
},
{
  "model": "quality_control.annotationid",
  "pk": 130,
  "fields": {
    "conflict": 88,
    "obj_id": 131,
    "job_id": 28,
    "type": "shape",
    "shape_type": "skeleton"
  }
},
{
  "model": "quality_control.annotationid",
  "pk": 131,
  "fields": {
    "conflict": 89,
    "obj_id": 70,
    "job_id": 27,
    "type": "shape",
    "shape_type": "rectangle"
  }
},
{
  "model": "quality_control.annotationid",
  "pk": 132,
  "fields": {
    "conflict": 90,
    "obj_id": 76,
    "job_id": 27,
    "type": "shape",
    "shape_type": "rectangle"
  }
},
{
  "model": "quality_control.annotationid",
  "pk": 133,
  "fields": {
    "conflict": 91,
    "obj_id": 93,
    "job_id": 27,
    "type": "shape",
    "shape_type": "points"
  }
},
{
  "model": "quality_control.annotationid",
  "pk": 134,
  "fields": {
    "conflict": 92,
    "obj_id": 74,
    "job_id": 27,
    "type": "shape",
    "shape_type": "polygon"
  }
},
{
  "model": "quality_control.annotationid",
  "pk": 135,
  "fields": {
    "conflict": 93,
    "obj_id": 95,
    "job_id": 27,
    "type": "shape",
    "shape_type": "polygon"
  }
},
{
  "model": "quality_control.annotationid",
  "pk": 136,
  "fields": {
    "conflict": 94,
    "obj_id": 73,
    "job_id": 27,
    "type": "shape",
    "shape_type": "polygon"
  }
},
{
  "model": "quality_control.annotationid",
  "pk": 137,
  "fields": {
    "conflict": 95,
    "obj_id": 96,
    "job_id": 27,
    "type": "shape",
    "shape_type": "ellipse"
  }
},
{
  "model": "quality_control.annotationid",
  "pk": 138,
  "fields": {
    "conflict": 96,
    "obj_id": 64,
    "job_id": 27,
    "type": "shape",
    "shape_type": "polyline"
  }
},
{
  "model": "quality_control.annotationid",
  "pk": 139,
  "fields": {
    "conflict": 97,
    "obj_id": 66,
    "job_id": 27,
    "type": "shape",
    "shape_type": "polyline"
  }
},
{
  "model": "quality_control.annotationid",
  "pk": 140,
  "fields": {
    "conflict": 98,
    "obj_id": 94,
    "job_id": 27,
    "type": "shape",
    "shape_type": "polyline"
  }
},
{
  "model": "quality_control.annotationid",
  "pk": 141,
  "fields": {
    "conflict": 99,
    "obj_id": 142,
    "job_id": 27,
    "type": "shape",
    "shape_type": "skeleton"
  }
},
{
  "model": "quality_control.annotationid",
  "pk": 142,
  "fields": {
    "conflict": 100,
    "obj_id": 92,
    "job_id": 27,
    "type": "shape",
    "shape_type": "points"
  }
},
{
  "model": "quality_control.annotationid",
  "pk": 143,
  "fields": {
    "conflict": 100,
    "obj_id": 119,
    "job_id": 28,
    "type": "shape",
    "shape_type": "points"
  }
},
{
  "model": "quality_control.annotationid",
  "pk": 144,
  "fields": {
    "conflict": 101,
    "obj_id": 89,
    "job_id": 27,
    "type": "shape",
    "shape_type": "points"
  }
},
{
  "model": "quality_control.annotationid",
  "pk": 145,
  "fields": {
    "conflict": 101,
    "obj_id": 123,
    "job_id": 28,
    "type": "shape",
    "shape_type": "points"
  }
},
{
  "model": "quality_control.annotationid",
  "pk": 146,
  "fields": {
    "conflict": 102,
    "obj_id": 69,
    "job_id": 27,
    "type": "shape",
    "shape_type": "mask"
  }
},
{
  "model": "quality_control.annotationid",
  "pk": 147,
  "fields": {
    "conflict": 102,
    "obj_id": 97,
    "job_id": 28,
    "type": "shape",
    "shape_type": "polygon"
  }
},
{
  "model": "quality_control.annotationid",
  "pk": 148,
  "fields": {
    "conflict": 103,
    "obj_id": 67,
    "job_id": 27,
    "type": "shape",
    "shape_type": "polyline"
  }
},
{
  "model": "quality_control.annotationid",
  "pk": 149,
  "fields": {
    "conflict": 103,
    "obj_id": 99,
    "job_id": 28,
    "type": "shape",
    "shape_type": "polyline"
  }
},
{
  "model": "quality_control.annotationid",
  "pk": 150,
  "fields": {
    "conflict": 104,
    "obj_id": 69,
    "job_id": 27,
    "type": "shape",
    "shape_type": "mask"
  }
},
{
  "model": "quality_control.annotationid",
  "pk": 151,
  "fields": {
    "conflict": 105,
    "obj_id": 65,
    "job_id": 27,
    "type": "shape",
    "shape_type": "rectangle"
  }
},
{
  "model": "quality_control.annotationid",
  "pk": 152,
  "fields": {
    "conflict": 105,
    "obj_id": 101,
    "job_id": 28,
    "type": "shape",
    "shape_type": "rectangle"
  }
},
{
  "model": "quality_control.annotationid",
  "pk": 153,
  "fields": {
    "conflict": 106,
    "obj_id": 82,
    "job_id": 27,
    "type": "shape",
    "shape_type": "rectangle"
  }
},
{
  "model": "quality_control.annotationid",
  "pk": 154,
  "fields": {
    "conflict": 106,
    "obj_id": 103,
    "job_id": 28,
    "type": "shape",
    "shape_type": "rectangle"
  }
},
{
  "model": "quality_control.annotationid",
  "pk": 155,
  "fields": {
    "conflict": 107,
    "obj_id": 81,
    "job_id": 27,
    "type": "shape",
    "shape_type": "rectangle"
  }
},
{
  "model": "quality_control.annotationid",
  "pk": 156,
  "fields": {
    "conflict": 107,
    "obj_id": 104,
    "job_id": 28,
    "type": "shape",
    "shape_type": "rectangle"
  }
},
{
  "model": "quality_control.annotationid",
  "pk": 157,
  "fields": {
    "conflict": 108,
    "obj_id": 83,
    "job_id": 27,
    "type": "shape",
    "shape_type": "rectangle"
  }
},
{
  "model": "quality_control.annotationid",
  "pk": 158,
  "fields": {
    "conflict": 108,
    "obj_id": 105,
    "job_id": 28,
    "type": "shape",
    "shape_type": "rectangle"
  }
},
{
  "model": "quality_control.annotationid",
  "pk": 159,
  "fields": {
    "conflict": 109,
    "obj_id": 87,
    "job_id": 27,
    "type": "shape",
    "shape_type": "rectangle"
  }
},
{
  "model": "quality_control.annotationid",
  "pk": 160,
  "fields": {
    "conflict": 109,
    "obj_id": 106,
    "job_id": 28,
    "type": "shape",
    "shape_type": "rectangle"
  }
},
{
  "model": "quality_control.annotationid",
  "pk": 161,
  "fields": {
    "conflict": 110,
    "obj_id": 80,
    "job_id": 27,
    "type": "shape",
    "shape_type": "rectangle"
  }
},
{
  "model": "quality_control.annotationid",
  "pk": 162,
  "fields": {
    "conflict": 110,
    "obj_id": 111,
    "job_id": 28,
    "type": "shape",
    "shape_type": "rectangle"
  }
},
{
  "model": "quality_control.annotationid",
  "pk": 163,
  "fields": {
    "conflict": 111,
    "obj_id": 77,
    "job_id": 27,
    "type": "shape",
    "shape_type": "rectangle"
  }
},
{
  "model": "quality_control.annotationid",
  "pk": 164,
  "fields": {
    "conflict": 111,
    "obj_id": 114,
    "job_id": 28,
    "type": "shape",
    "shape_type": "rectangle"
  }
},
{
  "model": "quality_control.annotationid",
  "pk": 165,
  "fields": {
    "conflict": 112,
    "obj_id": 130,
    "job_id": 28,
    "type": "shape",
    "shape_type": "rectangle"
  }
},
{
  "model": "quality_control.annotationid",
  "pk": 166,
  "fields": {
    "conflict": 113,
    "obj_id": 128,
    "job_id": 28,
    "type": "shape",
    "shape_type": "points"
  }
},
{
  "model": "quality_control.annotationid",
  "pk": 167,
  "fields": {
    "conflict": 114,
    "obj_id": 124,
    "job_id": 28,
    "type": "shape",
    "shape_type": "polygon"
  }
},
{
  "model": "quality_control.annotationid",
  "pk": 168,
  "fields": {
    "conflict": 115,
    "obj_id": 125,
    "job_id": 28,
    "type": "shape",
    "shape_type": "ellipse"
  }
},
{
  "model": "quality_control.annotationid",
  "pk": 169,
  "fields": {
    "conflict": 116,
    "obj_id": 127,
    "job_id": 28,
    "type": "shape",
    "shape_type": "mask"
  }
},
{
  "model": "quality_control.annotationid",
  "pk": 170,
  "fields": {
    "conflict": 117,
    "obj_id": 129,
    "job_id": 28,
    "type": "shape",
    "shape_type": "polyline"
  }
},
{
  "model": "quality_control.annotationid",
  "pk": 171,
  "fields": {
    "conflict": 118,
    "obj_id": 156,
    "job_id": 30,
    "type": "shape",
    "shape_type": "rectangle"
  }
},
{
  "model": "quality_control.annotationid",
  "pk": 172,
  "fields": {
    "conflict": 118,
    "obj_id": 163,
    "job_id": 32,
    "type": "shape",
    "shape_type": "rectangle"
  }
},
{
  "model": "quality_control.annotationid",
  "pk": 173,
  "fields": {
    "conflict": 119,
    "obj_id": 162,
    "job_id": 32,
    "type": "shape",
    "shape_type": "rectangle"
  }
},
{
  "model": "quality_control.annotationid",
  "pk": 174,
  "fields": {
    "conflict": 120,
    "obj_id": 155,
    "job_id": 29,
    "type": "shape",
    "shape_type": "rectangle"
  }
},
{
  "model": "quality_control.annotationid",
  "pk": 175,
  "fields": {
    "conflict": 121,
    "obj_id": 65,
    "job_id": 27,
    "type": "shape",
    "shape_type": "rectangle"
  }
},
{
  "model": "quality_control.annotationid",
  "pk": 176,
  "fields": {
    "conflict": 121,
    "obj_id": 101,
    "job_id": 28,
    "type": "shape",
    "shape_type": "rectangle"
  }
},
{
  "model": "quality_control.annotationid",
  "pk": 177,
  "fields": {
    "conflict": 122,
    "obj_id": 91,
    "job_id": 27,
    "type": "shape",
    "shape_type": "rectangle"
  }
},
{
  "model": "quality_control.annotationid",
  "pk": 178,
  "fields": {
    "conflict": 122,
    "obj_id": 118,
    "job_id": 28,
    "type": "shape",
    "shape_type": "rectangle"
  }
},
{
  "model": "quality_control.annotationid",
  "pk": 179,
  "fields": {
    "conflict": 123,
    "obj_id": 88,
    "job_id": 27,
    "type": "shape",
    "shape_type": "points"
  }
},
{
  "model": "quality_control.annotationid",
  "pk": 180,
  "fields": {
    "conflict": 123,
    "obj_id": 102,
    "job_id": 28,
    "type": "shape",
    "shape_type": "points"
  }
},
{
  "model": "quality_control.annotationid",
  "pk": 181,
  "fields": {
    "conflict": 124,
    "obj_id": 68,
    "job_id": 27,
    "type": "shape",
    "shape_type": "polygon"
  }
},
{
  "model": "quality_control.annotationid",
  "pk": 182,
  "fields": {
    "conflict": 124,
    "obj_id": 98,
    "job_id": 28,
    "type": "shape",
    "shape_type": "polygon"
  }
},
{
  "model": "quality_control.annotationid",
  "pk": 183,
  "fields": {
    "conflict": 125,
    "obj_id": 67,
    "job_id": 27,
    "type": "shape",
    "shape_type": "polyline"
  }
},
{
  "model": "quality_control.annotationid",
  "pk": 184,
  "fields": {
    "conflict": 125,
    "obj_id": 99,
    "job_id": 28,
    "type": "shape",
    "shape_type": "polyline"
  }
},
{
  "model": "quality_control.annotationid",
  "pk": 185,
  "fields": {
    "conflict": 126,
    "obj_id": 141,
    "job_id": 27,
    "type": "shape",
    "shape_type": "skeleton"
  }
},
{
  "model": "quality_control.annotationid",
  "pk": 186,
  "fields": {
    "conflict": 126,
    "obj_id": 132,
    "job_id": 28,
    "type": "shape",
    "shape_type": "skeleton"
  }
},
{
  "model": "quality_control.annotationid",
  "pk": 187,
  "fields": {
    "conflict": 127,
    "obj_id": 92,
    "job_id": 27,
    "type": "shape",
    "shape_type": "points"
  }
},
{
  "model": "quality_control.annotationid",
  "pk": 188,
  "fields": {
    "conflict": 127,
    "obj_id": 119,
    "job_id": 28,
    "type": "shape",
    "shape_type": "points"
  }
},
{
  "model": "quality_control.annotationid",
  "pk": 189,
  "fields": {
    "conflict": 128,
    "obj_id": 107,
    "job_id": 28,
    "type": "shape",
    "shape_type": "rectangle"
  }
},
{
  "model": "quality_control.annotationid",
  "pk": 190,
  "fields": {
    "conflict": 129,
    "obj_id": 121,
    "job_id": 28,
    "type": "shape",
    "shape_type": "points"
  }
},
{
  "model": "quality_control.annotationid",
  "pk": 191,
  "fields": {
    "conflict": 130,
    "obj_id": 122,
    "job_id": 28,
    "type": "shape",
    "shape_type": "points"
  }
},
{
  "model": "quality_control.annotationid",
  "pk": 192,
  "fields": {
    "conflict": 131,
    "obj_id": 131,
    "job_id": 28,
    "type": "shape",
    "shape_type": "skeleton"
  }
},
{
  "model": "quality_control.annotationid",
  "pk": 193,
  "fields": {
    "conflict": 132,
    "obj_id": 7,
    "job_id": 28,
    "type": "tag",
    "shape_type": null
  }
},
{
  "model": "quality_control.annotationid",
  "pk": 194,
  "fields": {
    "conflict": 133,
    "obj_id": 70,
    "job_id": 27,
    "type": "shape",
    "shape_type": "rectangle"
  }
},
{
  "model": "quality_control.annotationid",
  "pk": 195,
  "fields": {
    "conflict": 134,
    "obj_id": 76,
    "job_id": 27,
    "type": "shape",
    "shape_type": "rectangle"
  }
},
{
  "model": "quality_control.annotationid",
  "pk": 196,
  "fields": {
    "conflict": 135,
    "obj_id": 93,
    "job_id": 27,
    "type": "shape",
    "shape_type": "points"
  }
},
{
  "model": "quality_control.annotationid",
  "pk": 197,
  "fields": {
    "conflict": 136,
    "obj_id": 74,
    "job_id": 27,
    "type": "shape",
    "shape_type": "polygon"
  }
},
{
  "model": "quality_control.annotationid",
  "pk": 198,
  "fields": {
    "conflict": 137,
    "obj_id": 95,
    "job_id": 27,
    "type": "shape",
    "shape_type": "polygon"
  }
},
{
  "model": "quality_control.annotationid",
  "pk": 199,
  "fields": {
    "conflict": 138,
    "obj_id": 73,
    "job_id": 27,
    "type": "shape",
    "shape_type": "polygon"
  }
},
{
  "model": "quality_control.annotationid",
  "pk": 200,
  "fields": {
    "conflict": 139,
    "obj_id": 96,
    "job_id": 27,
    "type": "shape",
    "shape_type": "ellipse"
  }
},
{
  "model": "quality_control.annotationid",
  "pk": 201,
  "fields": {
    "conflict": 140,
    "obj_id": 64,
    "job_id": 27,
    "type": "shape",
    "shape_type": "polyline"
  }
},
{
  "model": "quality_control.annotationid",
  "pk": 202,
  "fields": {
    "conflict": 141,
    "obj_id": 66,
    "job_id": 27,
    "type": "shape",
    "shape_type": "polyline"
  }
},
{
  "model": "quality_control.annotationid",
  "pk": 203,
  "fields": {
    "conflict": 142,
    "obj_id": 94,
    "job_id": 27,
    "type": "shape",
    "shape_type": "polyline"
  }
},
{
  "model": "quality_control.annotationid",
  "pk": 204,
  "fields": {
    "conflict": 143,
    "obj_id": 142,
    "job_id": 27,
    "type": "shape",
    "shape_type": "skeleton"
  }
},
{
  "model": "quality_control.annotationid",
  "pk": 205,
  "fields": {
    "conflict": 144,
    "obj_id": 92,
    "job_id": 27,
    "type": "shape",
    "shape_type": "points"
  }
},
{
  "model": "quality_control.annotationid",
  "pk": 206,
  "fields": {
    "conflict": 144,
    "obj_id": 119,
    "job_id": 28,
    "type": "shape",
    "shape_type": "points"
  }
},
{
  "model": "quality_control.annotationid",
  "pk": 207,
  "fields": {
    "conflict": 145,
    "obj_id": 89,
    "job_id": 27,
    "type": "shape",
    "shape_type": "points"
  }
},
{
  "model": "quality_control.annotationid",
  "pk": 208,
  "fields": {
    "conflict": 145,
    "obj_id": 123,
    "job_id": 28,
    "type": "shape",
    "shape_type": "points"
  }
},
{
  "model": "quality_control.annotationid",
  "pk": 209,
  "fields": {
    "conflict": 146,
    "obj_id": 69,
    "job_id": 27,
    "type": "shape",
    "shape_type": "mask"
  }
},
{
  "model": "quality_control.annotationid",
  "pk": 210,
  "fields": {
    "conflict": 146,
    "obj_id": 97,
    "job_id": 28,
    "type": "shape",
    "shape_type": "polygon"
  }
},
{
  "model": "quality_control.annotationid",
  "pk": 211,
  "fields": {
    "conflict": 147,
    "obj_id": 67,
    "job_id": 27,
    "type": "shape",
    "shape_type": "polyline"
  }
},
{
  "model": "quality_control.annotationid",
  "pk": 212,
  "fields": {
    "conflict": 147,
    "obj_id": 99,
    "job_id": 28,
    "type": "shape",
    "shape_type": "polyline"
  }
},
{
  "model": "quality_control.annotationid",
  "pk": 213,
  "fields": {
    "conflict": 148,
    "obj_id": 69,
    "job_id": 27,
    "type": "shape",
    "shape_type": "mask"
  }
},
{
  "model": "quality_control.annotationid",
  "pk": 214,
  "fields": {
    "conflict": 149,
    "obj_id": 65,
    "job_id": 27,
    "type": "shape",
    "shape_type": "rectangle"
  }
},
{
  "model": "quality_control.annotationid",
  "pk": 215,
  "fields": {
    "conflict": 149,
    "obj_id": 101,
    "job_id": 28,
    "type": "shape",
    "shape_type": "rectangle"
  }
},
{
  "model": "quality_control.annotationid",
  "pk": 216,
  "fields": {
    "conflict": 150,
    "obj_id": 82,
    "job_id": 27,
    "type": "shape",
    "shape_type": "rectangle"
  }
},
{
  "model": "quality_control.annotationid",
  "pk": 217,
  "fields": {
    "conflict": 150,
    "obj_id": 103,
    "job_id": 28,
    "type": "shape",
    "shape_type": "rectangle"
  }
},
{
  "model": "quality_control.annotationid",
  "pk": 218,
  "fields": {
    "conflict": 151,
    "obj_id": 81,
    "job_id": 27,
    "type": "shape",
    "shape_type": "rectangle"
  }
},
{
  "model": "quality_control.annotationid",
  "pk": 219,
  "fields": {
    "conflict": 151,
    "obj_id": 104,
    "job_id": 28,
    "type": "shape",
    "shape_type": "rectangle"
  }
},
{
  "model": "quality_control.annotationid",
  "pk": 220,
  "fields": {
    "conflict": 152,
    "obj_id": 83,
    "job_id": 27,
    "type": "shape",
    "shape_type": "rectangle"
  }
},
{
  "model": "quality_control.annotationid",
  "pk": 221,
  "fields": {
    "conflict": 152,
    "obj_id": 105,
    "job_id": 28,
    "type": "shape",
    "shape_type": "rectangle"
  }
},
{
  "model": "quality_control.annotationid",
  "pk": 222,
  "fields": {
    "conflict": 153,
    "obj_id": 87,
    "job_id": 27,
    "type": "shape",
    "shape_type": "rectangle"
  }
},
{
  "model": "quality_control.annotationid",
  "pk": 223,
  "fields": {
    "conflict": 153,
    "obj_id": 106,
    "job_id": 28,
    "type": "shape",
    "shape_type": "rectangle"
  }
},
{
  "model": "quality_control.annotationid",
  "pk": 224,
  "fields": {
    "conflict": 154,
    "obj_id": 80,
    "job_id": 27,
    "type": "shape",
    "shape_type": "rectangle"
  }
},
{
  "model": "quality_control.annotationid",
  "pk": 225,
  "fields": {
    "conflict": 154,
    "obj_id": 111,
    "job_id": 28,
    "type": "shape",
    "shape_type": "rectangle"
  }
},
{
  "model": "quality_control.annotationid",
  "pk": 226,
  "fields": {
    "conflict": 155,
    "obj_id": 77,
    "job_id": 27,
    "type": "shape",
    "shape_type": "rectangle"
  }
},
{
  "model": "quality_control.annotationid",
  "pk": 227,
  "fields": {
    "conflict": 155,
    "obj_id": 114,
    "job_id": 28,
    "type": "shape",
    "shape_type": "rectangle"
  }
},
{
  "model": "quality_control.annotationid",
  "pk": 228,
  "fields": {
    "conflict": 156,
    "obj_id": 130,
    "job_id": 28,
    "type": "shape",
    "shape_type": "rectangle"
  }
},
{
  "model": "quality_control.annotationid",
  "pk": 229,
  "fields": {
    "conflict": 157,
    "obj_id": 128,
    "job_id": 28,
    "type": "shape",
    "shape_type": "points"
  }
},
{
  "model": "quality_control.annotationid",
  "pk": 230,
  "fields": {
    "conflict": 158,
    "obj_id": 124,
    "job_id": 28,
    "type": "shape",
    "shape_type": "polygon"
  }
},
{
  "model": "quality_control.annotationid",
  "pk": 231,
  "fields": {
    "conflict": 159,
    "obj_id": 125,
    "job_id": 28,
    "type": "shape",
    "shape_type": "ellipse"
  }
},
{
  "model": "quality_control.annotationid",
  "pk": 232,
  "fields": {
    "conflict": 160,
    "obj_id": 127,
    "job_id": 28,
    "type": "shape",
    "shape_type": "mask"
  }
},
{
  "model": "quality_control.annotationid",
  "pk": 233,
  "fields": {
    "conflict": 161,
    "obj_id": 129,
    "job_id": 28,
    "type": "shape",
    "shape_type": "polyline"
  }
},
{
  "model": "quality_control.annotationid",
  "pk": 234,
  "fields": {
    "conflict": 162,
    "obj_id": 8,
    "job_id": 28,
    "type": "tag",
    "shape_type": null
  }
},
{
  "model": "quality_control.qualitysettings",
  "pk": 1,
  "fields": {
    "task": 2,
    "iou_threshold": 0.4,
    "oks_sigma": 0.09,
    "line_thickness": 0.01,
    "low_overlap_threshold": 0.8,
    "point_size_base": "group_bbox_size",
    "compare_line_orientation": true,
    "line_orientation_threshold": 0.1,
    "compare_groups": true,
    "group_match_threshold": 0.5,
    "check_covered_annotations": true,
    "object_visibility_threshold": 0.05,
    "panoptic_comparison": true,
    "compare_attributes": true,
    "empty_is_annotated": false,
    "target_metric": "accuracy",
    "target_metric_threshold": 0.7,
    "max_validations_per_job": 0
  }
},
{
  "model": "quality_control.qualitysettings",
  "pk": 2,
  "fields": {
    "task": 5,
    "iou_threshold": 0.4,
    "oks_sigma": 0.09,
    "line_thickness": 0.01,
    "low_overlap_threshold": 0.8,
    "point_size_base": "group_bbox_size",
    "compare_line_orientation": true,
    "line_orientation_threshold": 0.1,
    "compare_groups": true,
    "group_match_threshold": 0.5,
    "check_covered_annotations": true,
    "object_visibility_threshold": 0.05,
    "panoptic_comparison": true,
    "compare_attributes": true,
    "empty_is_annotated": false,
    "target_metric": "accuracy",
    "target_metric_threshold": 0.7,
    "max_validations_per_job": 0
  }
},
{
  "model": "quality_control.qualitysettings",
  "pk": 3,
  "fields": {
    "task": 6,
    "iou_threshold": 0.4,
    "oks_sigma": 0.09,
    "line_thickness": 0.01,
    "low_overlap_threshold": 0.8,
    "point_size_base": "group_bbox_size",
    "compare_line_orientation": true,
    "line_orientation_threshold": 0.1,
    "compare_groups": true,
    "group_match_threshold": 0.5,
    "check_covered_annotations": true,
    "object_visibility_threshold": 0.05,
    "panoptic_comparison": true,
    "compare_attributes": true,
    "empty_is_annotated": false,
    "target_metric": "accuracy",
    "target_metric_threshold": 0.7,
    "max_validations_per_job": 0
  }
},
{
  "model": "quality_control.qualitysettings",
  "pk": 4,
  "fields": {
    "task": 7,
    "iou_threshold": 0.4,
    "oks_sigma": 0.09,
    "line_thickness": 0.01,
    "low_overlap_threshold": 0.8,
    "point_size_base": "group_bbox_size",
    "compare_line_orientation": true,
    "line_orientation_threshold": 0.1,
    "compare_groups": true,
    "group_match_threshold": 0.5,
    "check_covered_annotations": true,
    "object_visibility_threshold": 0.05,
    "panoptic_comparison": true,
    "compare_attributes": true,
    "empty_is_annotated": false,
    "target_metric": "accuracy",
    "target_metric_threshold": 0.7,
    "max_validations_per_job": 0
  }
},
{
  "model": "quality_control.qualitysettings",
  "pk": 5,
  "fields": {
    "task": 8,
    "iou_threshold": 0.4,
    "oks_sigma": 0.09,
    "line_thickness": 0.01,
    "low_overlap_threshold": 0.8,
    "point_size_base": "group_bbox_size",
    "compare_line_orientation": true,
    "line_orientation_threshold": 0.1,
    "compare_groups": true,
    "group_match_threshold": 0.5,
    "check_covered_annotations": true,
    "object_visibility_threshold": 0.05,
    "panoptic_comparison": true,
    "compare_attributes": true,
    "empty_is_annotated": false,
    "target_metric": "accuracy",
    "target_metric_threshold": 0.7,
    "max_validations_per_job": 0
  }
},
{
  "model": "quality_control.qualitysettings",
  "pk": 6,
  "fields": {
    "task": 9,
    "iou_threshold": 0.4,
    "oks_sigma": 0.09,
    "line_thickness": 0.01,
    "low_overlap_threshold": 0.8,
    "point_size_base": "group_bbox_size",
    "compare_line_orientation": true,
    "line_orientation_threshold": 0.1,
    "compare_groups": true,
    "group_match_threshold": 0.5,
    "check_covered_annotations": true,
    "object_visibility_threshold": 0.05,
    "panoptic_comparison": true,
    "compare_attributes": true,
    "empty_is_annotated": false,
    "target_metric": "accuracy",
    "target_metric_threshold": 0.7,
    "max_validations_per_job": 0
  }
},
{
  "model": "quality_control.qualitysettings",
  "pk": 7,
  "fields": {
    "task": 11,
    "iou_threshold": 0.4,
    "oks_sigma": 0.09,
    "line_thickness": 0.01,
    "low_overlap_threshold": 0.8,
    "point_size_base": "group_bbox_size",
    "compare_line_orientation": true,
    "line_orientation_threshold": 0.1,
    "compare_groups": true,
    "group_match_threshold": 0.5,
    "check_covered_annotations": true,
    "object_visibility_threshold": 0.05,
    "panoptic_comparison": true,
    "compare_attributes": true,
    "empty_is_annotated": false,
    "target_metric": "accuracy",
    "target_metric_threshold": 0.7,
    "max_validations_per_job": 0
  }
},
{
  "model": "quality_control.qualitysettings",
  "pk": 8,
  "fields": {
    "task": 12,
    "iou_threshold": 0.4,
    "oks_sigma": 0.09,
    "line_thickness": 0.01,
    "low_overlap_threshold": 0.8,
    "point_size_base": "group_bbox_size",
    "compare_line_orientation": true,
    "line_orientation_threshold": 0.1,
    "compare_groups": true,
    "group_match_threshold": 0.5,
    "check_covered_annotations": true,
    "object_visibility_threshold": 0.05,
    "panoptic_comparison": true,
    "compare_attributes": true,
    "empty_is_annotated": false,
    "target_metric": "accuracy",
    "target_metric_threshold": 0.7,
    "max_validations_per_job": 0
  }
},
{
  "model": "quality_control.qualitysettings",
  "pk": 9,
  "fields": {
    "task": 13,
    "iou_threshold": 0.4,
    "oks_sigma": 0.09,
    "line_thickness": 0.01,
    "low_overlap_threshold": 0.8,
    "point_size_base": "group_bbox_size",
    "compare_line_orientation": true,
    "line_orientation_threshold": 0.1,
    "compare_groups": true,
    "group_match_threshold": 0.5,
    "check_covered_annotations": true,
    "object_visibility_threshold": 0.05,
    "panoptic_comparison": true,
    "compare_attributes": true,
    "empty_is_annotated": false,
    "target_metric": "accuracy",
    "target_metric_threshold": 0.7,
    "max_validations_per_job": 0
  }
},
{
  "model": "quality_control.qualitysettings",
  "pk": 10,
  "fields": {
    "task": 14,
    "iou_threshold": 0.4,
    "oks_sigma": 0.09,
    "line_thickness": 0.01,
    "low_overlap_threshold": 0.8,
    "point_size_base": "group_bbox_size",
    "compare_line_orientation": true,
    "line_orientation_threshold": 0.1,
    "compare_groups": true,
    "group_match_threshold": 0.5,
    "check_covered_annotations": true,
    "object_visibility_threshold": 0.05,
    "panoptic_comparison": true,
    "compare_attributes": true,
    "empty_is_annotated": false,
    "target_metric": "accuracy",
    "target_metric_threshold": 0.7,
    "max_validations_per_job": 0
  }
},
{
  "model": "quality_control.qualitysettings",
  "pk": 11,
  "fields": {
    "task": 15,
    "iou_threshold": 0.4,
    "oks_sigma": 0.09,
    "line_thickness": 0.01,
    "low_overlap_threshold": 0.8,
    "point_size_base": "group_bbox_size",
    "compare_line_orientation": true,
    "line_orientation_threshold": 0.1,
    "compare_groups": true,
    "group_match_threshold": 0.5,
    "check_covered_annotations": true,
    "object_visibility_threshold": 0.05,
    "panoptic_comparison": true,
    "compare_attributes": true,
    "empty_is_annotated": false,
    "target_metric": "accuracy",
    "target_metric_threshold": 0.7,
    "max_validations_per_job": 0
  }
},
{
  "model": "quality_control.qualitysettings",
  "pk": 12,
  "fields": {
    "task": 17,
    "iou_threshold": 0.4,
    "oks_sigma": 0.09,
    "line_thickness": 0.01,
    "low_overlap_threshold": 0.8,
    "point_size_base": "group_bbox_size",
    "compare_line_orientation": true,
    "line_orientation_threshold": 0.1,
    "compare_groups": true,
    "group_match_threshold": 0.5,
    "check_covered_annotations": true,
    "object_visibility_threshold": 0.05,
    "panoptic_comparison": true,
    "compare_attributes": true,
    "empty_is_annotated": false,
    "target_metric": "accuracy",
    "target_metric_threshold": 0.7,
    "max_validations_per_job": 0
  }
},
{
  "model": "quality_control.qualitysettings",
  "pk": 13,
  "fields": {
    "task": 18,
    "iou_threshold": 0.4,
    "oks_sigma": 0.09,
    "line_thickness": 0.01,
    "low_overlap_threshold": 0.8,
    "point_size_base": "group_bbox_size",
    "compare_line_orientation": true,
    "line_orientation_threshold": 0.1,
    "compare_groups": true,
    "group_match_threshold": 0.5,
    "check_covered_annotations": true,
    "object_visibility_threshold": 0.05,
    "panoptic_comparison": true,
    "compare_attributes": true,
    "empty_is_annotated": false,
    "target_metric": "accuracy",
    "target_metric_threshold": 0.7,
    "max_validations_per_job": 0
  }
},
{
  "model": "quality_control.qualitysettings",
  "pk": 14,
  "fields": {
    "task": 19,
    "iou_threshold": 0.4,
    "oks_sigma": 0.09,
    "line_thickness": 0.01,
    "low_overlap_threshold": 0.8,
    "point_size_base": "group_bbox_size",
    "compare_line_orientation": true,
    "line_orientation_threshold": 0.1,
    "compare_groups": true,
    "group_match_threshold": 0.5,
    "check_covered_annotations": true,
    "object_visibility_threshold": 0.05,
    "panoptic_comparison": true,
    "compare_attributes": true,
    "empty_is_annotated": false,
    "target_metric": "accuracy",
    "target_metric_threshold": 0.7,
    "max_validations_per_job": 0
  }
},
{
  "model": "quality_control.qualitysettings",
  "pk": 15,
  "fields": {
    "task": 20,
    "iou_threshold": 0.4,
    "oks_sigma": 0.09,
    "line_thickness": 0.01,
    "low_overlap_threshold": 0.8,
    "point_size_base": "group_bbox_size",
    "compare_line_orientation": true,
    "line_orientation_threshold": 0.1,
    "compare_groups": true,
    "group_match_threshold": 0.5,
    "check_covered_annotations": true,
    "object_visibility_threshold": 0.05,
    "panoptic_comparison": true,
    "compare_attributes": true,
    "empty_is_annotated": false,
    "target_metric": "accuracy",
    "target_metric_threshold": 0.7,
    "max_validations_per_job": 0
  }
},
{
  "model": "quality_control.qualitysettings",
  "pk": 16,
  "fields": {
    "task": 21,
    "iou_threshold": 0.4,
    "oks_sigma": 0.09,
    "line_thickness": 0.01,
    "low_overlap_threshold": 0.8,
    "point_size_base": "group_bbox_size",
    "compare_line_orientation": true,
    "line_orientation_threshold": 0.1,
    "compare_groups": true,
    "group_match_threshold": 0.5,
    "check_covered_annotations": true,
    "object_visibility_threshold": 0.05,
    "panoptic_comparison": true,
    "compare_attributes": true,
    "empty_is_annotated": false,
    "target_metric": "accuracy",
    "target_metric_threshold": 0.7,
    "max_validations_per_job": 0
  }
},
{
  "model": "quality_control.qualitysettings",
  "pk": 17,
  "fields": {
    "task": 22,
    "iou_threshold": 0.4,
    "oks_sigma": 0.09,
    "line_thickness": 0.01,
    "low_overlap_threshold": 0.8,
    "point_size_base": "group_bbox_size",
    "compare_line_orientation": true,
    "line_orientation_threshold": 0.1,
    "compare_groups": true,
    "group_match_threshold": 0.5,
    "check_covered_annotations": true,
    "object_visibility_threshold": 0.05,
    "panoptic_comparison": true,
    "compare_attributes": true,
    "empty_is_annotated": false,
    "target_metric": "accuracy",
    "target_metric_threshold": 0.7,
    "max_validations_per_job": 0
  }
},
{
  "model": "quality_control.qualitysettings",
  "pk": 18,
  "fields": {
    "task": 23,
    "iou_threshold": 0.4,
    "oks_sigma": 0.09,
    "line_thickness": 0.01,
    "low_overlap_threshold": 0.8,
    "point_size_base": "group_bbox_size",
    "compare_line_orientation": true,
    "line_orientation_threshold": 0.1,
    "compare_groups": true,
    "group_match_threshold": 0.5,
    "check_covered_annotations": true,
    "object_visibility_threshold": 0.05,
    "panoptic_comparison": true,
    "compare_attributes": true,
    "empty_is_annotated": false,
    "target_metric": "accuracy",
    "target_metric_threshold": 0.7,
    "max_validations_per_job": 0
  }
},
{
  "model": "quality_control.qualitysettings",
  "pk": 19,
  "fields": {
    "task": 24,
    "iou_threshold": 0.4,
    "oks_sigma": 0.09,
    "line_thickness": 0.01,
    "low_overlap_threshold": 0.8,
    "point_size_base": "group_bbox_size",
    "compare_line_orientation": true,
    "line_orientation_threshold": 0.1,
    "compare_groups": true,
    "group_match_threshold": 0.5,
    "check_covered_annotations": true,
    "object_visibility_threshold": 0.05,
    "panoptic_comparison": true,
    "compare_attributes": true,
    "empty_is_annotated": false,
    "target_metric": "accuracy",
    "target_metric_threshold": 0.7,
    "max_validations_per_job": 0
  }
},
{
  "model": "quality_control.qualitysettings",
  "pk": 20,
  "fields": {
    "task": 25,
    "iou_threshold": 0.4,
    "oks_sigma": 0.09,
    "line_thickness": 0.01,
    "low_overlap_threshold": 0.8,
    "point_size_base": "group_bbox_size",
    "compare_line_orientation": true,
    "line_orientation_threshold": 0.1,
    "compare_groups": true,
    "group_match_threshold": 0.5,
    "check_covered_annotations": true,
    "object_visibility_threshold": 0.05,
    "panoptic_comparison": true,
    "compare_attributes": true,
    "empty_is_annotated": false,
    "target_metric": "accuracy",
    "target_metric_threshold": 0.7,
    "max_validations_per_job": 0
  }
},
{
  "model": "quality_control.qualitysettings",
  "pk": 21,
  "fields": {
    "task": 26,
    "iou_threshold": 0.4,
    "oks_sigma": 0.09,
    "line_thickness": 0.01,
    "low_overlap_threshold": 0.8,
    "point_size_base": "group_bbox_size",
    "compare_line_orientation": true,
    "line_orientation_threshold": 0.1,
    "compare_groups": true,
    "group_match_threshold": 0.5,
    "check_covered_annotations": true,
    "object_visibility_threshold": 0.05,
    "panoptic_comparison": true,
    "compare_attributes": true,
    "empty_is_annotated": false,
    "target_metric": "accuracy",
    "target_metric_threshold": 0.7,
    "max_validations_per_job": 0
  }
},
{
  "model": "quality_control.qualitysettings",
  "pk": 22,
  "fields": {
    "task": 27,
    "iou_threshold": 0.4,
    "oks_sigma": 0.09,
    "line_thickness": 0.01,
    "low_overlap_threshold": 0.8,
    "point_size_base": "group_bbox_size",
    "compare_line_orientation": true,
    "line_orientation_threshold": 0.1,
    "compare_groups": true,
    "group_match_threshold": 0.5,
    "check_covered_annotations": true,
    "object_visibility_threshold": 0.05,
    "panoptic_comparison": true,
    "compare_attributes": true,
    "empty_is_annotated": false,
    "target_metric": "accuracy",
    "target_metric_threshold": 0.7,
    "max_validations_per_job": 0
  }
},
{
  "model": "quality_control.qualitysettings",
  "pk": 23,
  "fields": {
    "task": 28,
    "iou_threshold": 0.4,
    "oks_sigma": 0.09,
    "line_thickness": 0.01,
    "low_overlap_threshold": 0.8,
    "point_size_base": "group_bbox_size",
    "compare_line_orientation": true,
    "line_orientation_threshold": 0.1,
    "compare_groups": true,
    "group_match_threshold": 0.5,
    "check_covered_annotations": true,
    "object_visibility_threshold": 0.05,
    "panoptic_comparison": true,
    "compare_attributes": true,
    "empty_is_annotated": false,
    "target_metric": "accuracy",
    "target_metric_threshold": 0.7,
    "max_validations_per_job": 0
  }
},
{
  "model": "quality_control.qualitysettings",
  "pk": 24,
  "fields": {
    "task": 29,
    "iou_threshold": 0.4,
    "oks_sigma": 0.09,
    "line_thickness": 0.01,
    "low_overlap_threshold": 0.8,
    "point_size_base": "group_bbox_size",
    "compare_line_orientation": true,
    "line_orientation_threshold": 0.1,
    "compare_groups": true,
    "group_match_threshold": 0.5,
    "check_covered_annotations": true,
    "object_visibility_threshold": 0.05,
    "panoptic_comparison": true,
    "compare_attributes": true,
    "empty_is_annotated": false,
    "target_metric": "accuracy",
    "target_metric_threshold": 0.7,
    "max_validations_per_job": 0
  }
},
{
  "model": "quality_control.qualitysettings",
  "pk": 25,
  "fields": {
    "task": 30,
    "iou_threshold": 0.4,
    "oks_sigma": 0.09,
    "line_thickness": 0.01,
    "low_overlap_threshold": 0.8,
    "point_size_base": "group_bbox_size",
    "compare_line_orientation": true,
    "line_orientation_threshold": 0.1,
    "compare_groups": true,
    "group_match_threshold": 0.5,
    "check_covered_annotations": true,
    "object_visibility_threshold": 0.05,
    "panoptic_comparison": true,
    "compare_attributes": true,
    "empty_is_annotated": false,
    "target_metric": "accuracy",
    "target_metric_threshold": 0.7,
    "max_validations_per_job": 0
  }
},
{
  "model": "admin.logentry",
  "pk": 1,
  "fields": {
    "action_time": "2021-12-14T18:20:01.999Z",
    "user": [
      "admin1"
    ],
    "content_type": [
      "auth",
      "user"
    ],
    "object_id": "1",
    "object_repr": "admin",
    "action_flag": 2,
    "change_message": "[{\"changed\": {\"fields\": [\"Email address\"]}}]"
  }
},
{
  "model": "admin.logentry",
  "pk": 2,
  "fields": {
    "action_time": "2021-12-14T18:21:09.151Z",
    "user": [
      "admin1"
    ],
    "content_type": [
      "auth",
      "user"
    ],
    "object_id": "2",
    "object_repr": "user1",
    "action_flag": 1,
    "change_message": "[{\"added\": {}}]"
  }
},
{
  "model": "admin.logentry",
  "pk": 3,
  "fields": {
    "action_time": "2021-12-14T18:23:58.718Z",
    "user": [
      "admin1"
    ],
    "content_type": [
      "auth",
      "user"
    ],
    "object_id": "2",
    "object_repr": "user1",
    "action_flag": 2,
    "change_message": "[{\"changed\": {\"fields\": [\"First name\", \"Last name\", \"Email address\"]}}]"
  }
},
{
  "model": "admin.logentry",
  "pk": 4,
  "fields": {
    "action_time": "2021-12-14T18:24:12.553Z",
    "user": [
      "admin1"
    ],
    "content_type": [
      "auth",
      "user"
    ],
    "object_id": "3",
    "object_repr": "user2",
    "action_flag": 1,
    "change_message": "[{\"added\": {}}]"
  }
},
{
  "model": "admin.logentry",
  "pk": 5,
  "fields": {
    "action_time": "2021-12-14T18:24:24.326Z",
    "user": [
      "admin1"
    ],
    "content_type": [
      "auth",
      "user"
    ],
    "object_id": "3",
    "object_repr": "user2",
    "action_flag": 2,
    "change_message": "[{\"changed\": {\"fields\": [\"First name\", \"Last name\", \"Email address\"]}}]"
  }
},
{
  "model": "admin.logentry",
  "pk": 6,
  "fields": {
    "action_time": "2021-12-14T18:24:39.624Z",
    "user": [
      "admin1"
    ],
    "content_type": [
      "auth",
      "user"
    ],
    "object_id": "4",
    "object_repr": "user3",
    "action_flag": 1,
    "change_message": "[{\"added\": {}}]"
  }
},
{
  "model": "admin.logentry",
  "pk": 7,
  "fields": {
    "action_time": "2021-12-14T18:24:53.704Z",
    "user": [
      "admin1"
    ],
    "content_type": [
      "auth",
      "user"
    ],
    "object_id": "4",
    "object_repr": "user3",
    "action_flag": 2,
    "change_message": "[{\"changed\": {\"fields\": [\"First name\", \"Last name\", \"Email address\"]}}]"
  }
},
{
  "model": "admin.logentry",
  "pk": 8,
  "fields": {
    "action_time": "2021-12-14T18:25:10.952Z",
    "user": [
      "admin1"
    ],
    "content_type": [
      "auth",
      "user"
    ],
    "object_id": "5",
    "object_repr": "user4",
    "action_flag": 1,
    "change_message": "[{\"added\": {}}]"
  }
},
{
  "model": "admin.logentry",
  "pk": 9,
  "fields": {
    "action_time": "2021-12-14T18:25:31.451Z",
    "user": [
      "admin1"
    ],
    "content_type": [
      "auth",
      "user"
    ],
    "object_id": "5",
    "object_repr": "user4",
    "action_flag": 2,
    "change_message": "[{\"changed\": {\"fields\": [\"First name\", \"Last name\", \"Email address\"]}}]"
  }
},
{
  "model": "admin.logentry",
  "pk": 10,
  "fields": {
    "action_time": "2021-12-14T18:30:00.390Z",
    "user": [
      "admin1"
    ],
    "content_type": [
      "auth",
      "user"
    ],
    "object_id": "6",
    "object_repr": "worker1",
    "action_flag": 1,
    "change_message": "[{\"added\": {}}]"
  }
},
{
  "model": "admin.logentry",
  "pk": 11,
  "fields": {
    "action_time": "2021-12-14T18:30:20.019Z",
    "user": [
      "admin1"
    ],
    "content_type": [
      "auth",
      "user"
    ],
    "object_id": "6",
    "object_repr": "worker1",
    "action_flag": 2,
    "change_message": "[{\"changed\": {\"fields\": [\"First name\", \"Last name\", \"Email address\", \"Groups\"]}}]"
  }
},
{
  "model": "admin.logentry",
  "pk": 12,
  "fields": {
    "action_time": "2021-12-14T18:30:43.380Z",
    "user": [
      "admin1"
    ],
    "content_type": [
      "auth",
      "user"
    ],
    "object_id": "7",
    "object_repr": "worker2",
    "action_flag": 1,
    "change_message": "[{\"added\": {}}]"
  }
},
{
  "model": "admin.logentry",
  "pk": 13,
  "fields": {
    "action_time": "2021-12-14T18:31:05.739Z",
    "user": [
      "admin1"
    ],
    "content_type": [
      "auth",
      "user"
    ],
    "object_id": "7",
    "object_repr": "worker2",
    "action_flag": 2,
    "change_message": "[{\"changed\": {\"fields\": [\"First name\", \"Last name\", \"Email address\", \"Groups\"]}}]"
  }
},
{
  "model": "admin.logentry",
  "pk": 14,
  "fields": {
    "action_time": "2021-12-14T18:31:25.912Z",
    "user": [
      "admin1"
    ],
    "content_type": [
      "auth",
      "user"
    ],
    "object_id": "8",
    "object_repr": "worker3",
    "action_flag": 1,
    "change_message": "[{\"added\": {}}]"
  }
},
{
  "model": "admin.logentry",
  "pk": 15,
  "fields": {
    "action_time": "2021-12-14T18:31:46.096Z",
    "user": [
      "admin1"
    ],
    "content_type": [
      "auth",
      "user"
    ],
    "object_id": "8",
    "object_repr": "worker3",
    "action_flag": 2,
    "change_message": "[{\"changed\": {\"fields\": [\"First name\", \"Last name\", \"Email address\", \"Groups\"]}}]"
  }
},
{
  "model": "admin.logentry",
  "pk": 16,
  "fields": {
    "action_time": "2021-12-14T18:32:01.519Z",
    "user": [
      "admin1"
    ],
    "content_type": [
      "auth",
      "user"
    ],
    "object_id": "9",
    "object_repr": "worker4",
    "action_flag": 1,
    "change_message": "[{\"added\": {}}]"
  }
},
{
  "model": "admin.logentry",
  "pk": 17,
  "fields": {
    "action_time": "2021-12-14T18:32:21.067Z",
    "user": [
      "admin1"
    ],
    "content_type": [
      "auth",
      "user"
    ],
    "object_id": "9",
    "object_repr": "worker4",
    "action_flag": 2,
    "change_message": "[{\"changed\": {\"fields\": [\"First name\", \"Last name\", \"Email address\", \"Groups\"]}}]"
  }
},
{
  "model": "admin.logentry",
  "pk": 18,
  "fields": {
    "action_time": "2021-12-14T18:33:06.933Z",
    "user": [
      "admin1"
    ],
    "content_type": [
      "auth",
      "user"
    ],
    "object_id": "10",
    "object_repr": "user7",
    "action_flag": 1,
    "change_message": "[{\"added\": {}}]"
  }
},
{
  "model": "admin.logentry",
  "pk": 19,
  "fields": {
    "action_time": "2021-12-14T18:33:12.541Z",
    "user": [
      "admin1"
    ],
    "content_type": [
      "auth",
      "user"
    ],
    "object_id": "10",
    "object_repr": "user7",
    "action_flag": 2,
    "change_message": "[{\"changed\": {\"fields\": [\"First name\", \"Last name\"]}}]"
  }
},
{
  "model": "admin.logentry",
  "pk": 20,
  "fields": {
    "action_time": "2021-12-14T18:33:28.422Z",
    "user": [
      "admin1"
    ],
    "content_type": [
      "auth",
      "user"
    ],
    "object_id": "10",
    "object_repr": "user7",
    "action_flag": 2,
    "change_message": "[{\"changed\": {\"fields\": [\"Last name\", \"Email address\", \"Groups\"]}}]"
  }
},
{
  "model": "admin.logentry",
  "pk": 21,
  "fields": {
    "action_time": "2021-12-14T18:34:02.007Z",
    "user": [
      "admin1"
    ],
    "content_type": [
      "auth",
      "user"
    ],
    "object_id": "11",
    "object_repr": "user8",
    "action_flag": 1,
    "change_message": "[{\"added\": {}}]"
  }
},
{
  "model": "admin.logentry",
  "pk": 22,
  "fields": {
    "action_time": "2021-12-14T18:34:18.560Z",
    "user": [
      "admin1"
    ],
    "content_type": [
      "auth",
      "user"
    ],
    "object_id": "11",
    "object_repr": "user8",
    "action_flag": 2,
    "change_message": "[{\"changed\": {\"fields\": [\"First name\", \"Last name\", \"Email address\", \"Groups\"]}}]"
  }
},
{
  "model": "admin.logentry",
  "pk": 23,
  "fields": {
    "action_time": "2021-12-14T18:34:34.313Z",
    "user": [
      "admin1"
    ],
    "content_type": [
      "auth",
      "user"
    ],
    "object_id": "12",
    "object_repr": "user9",
    "action_flag": 1,
    "change_message": "[{\"added\": {}}]"
  }
},
{
  "model": "admin.logentry",
  "pk": 24,
  "fields": {
    "action_time": "2021-12-14T18:34:54.186Z",
    "user": [
      "admin1"
    ],
    "content_type": [
      "auth",
      "user"
    ],
    "object_id": "12",
    "object_repr": "user9",
    "action_flag": 2,
    "change_message": "[{\"changed\": {\"fields\": [\"First name\", \"Last name\", \"Email address\", \"Groups\"]}}]"
  }
},
{
  "model": "admin.logentry",
  "pk": 25,
  "fields": {
    "action_time": "2021-12-14T18:35:15.352Z",
    "user": [
      "admin1"
    ],
    "content_type": [
      "auth",
      "user"
    ],
    "object_id": "13",
    "object_repr": "user10",
    "action_flag": 1,
    "change_message": "[{\"added\": {}}]"
  }
},
{
  "model": "admin.logentry",
  "pk": 26,
  "fields": {
    "action_time": "2021-12-14T18:35:31.459Z",
    "user": [
      "admin1"
    ],
    "content_type": [
      "auth",
      "user"
    ],
    "object_id": "13",
    "object_repr": "user10",
    "action_flag": 2,
    "change_message": "[{\"changed\": {\"fields\": [\"First name\", \"Last name\", \"Email address\", \"Groups\"]}}]"
  }
},
{
  "model": "admin.logentry",
  "pk": 27,
  "fields": {
    "action_time": "2021-12-14T18:36:00.882Z",
    "user": [
      "admin1"
    ],
    "content_type": [
      "auth",
      "user"
    ],
    "object_id": "14",
    "object_repr": "dummy1",
    "action_flag": 1,
    "change_message": "[{\"added\": {}}]"
  }
},
{
  "model": "admin.logentry",
  "pk": 28,
  "fields": {
    "action_time": "2021-12-14T18:36:16.686Z",
    "user": [
      "admin1"
    ],
    "content_type": [
      "auth",
      "user"
    ],
    "object_id": "14",
    "object_repr": "dummy1",
    "action_flag": 2,
    "change_message": "[{\"changed\": {\"fields\": [\"First name\", \"Last name\", \"Email address\", \"Groups\"]}}]"
  }
},
{
  "model": "admin.logentry",
  "pk": 29,
  "fields": {
    "action_time": "2021-12-14T18:36:31.775Z",
    "user": [
      "admin1"
    ],
    "content_type": [
      "auth",
      "user"
    ],
    "object_id": "15",
    "object_repr": "dummy2",
    "action_flag": 1,
    "change_message": "[{\"added\": {}}]"
  }
},
{
  "model": "admin.logentry",
  "pk": 30,
  "fields": {
    "action_time": "2021-12-14T18:36:47.117Z",
    "user": [
      "admin1"
    ],
    "content_type": [
      "auth",
      "user"
    ],
    "object_id": "15",
    "object_repr": "dummy2",
    "action_flag": 2,
    "change_message": "[{\"changed\": {\"fields\": [\"First name\", \"Last name\", \"Email address\", \"Groups\"]}}]"
  }
},
{
  "model": "admin.logentry",
  "pk": 31,
  "fields": {
    "action_time": "2021-12-14T18:37:09.321Z",
    "user": [
      "admin1"
    ],
    "content_type": [
      "auth",
      "user"
    ],
    "object_id": "16",
    "object_repr": "dummy3",
    "action_flag": 1,
    "change_message": "[{\"added\": {}}]"
  }
},
{
  "model": "admin.logentry",
  "pk": 32,
  "fields": {
    "action_time": "2021-12-14T18:37:25.887Z",
    "user": [
      "admin1"
    ],
    "content_type": [
      "auth",
      "user"
    ],
    "object_id": "16",
    "object_repr": "dummy3",
    "action_flag": 2,
    "change_message": "[{\"changed\": {\"fields\": [\"First name\", \"Last name\", \"Email address\", \"Groups\"]}}]"
  }
},
{
  "model": "admin.logentry",
  "pk": 33,
  "fields": {
    "action_time": "2021-12-14T18:37:41.262Z",
    "user": [
      "admin1"
    ],
    "content_type": [
      "auth",
      "user"
    ],
    "object_id": "17",
    "object_repr": "dummy4",
    "action_flag": 1,
    "change_message": "[{\"added\": {}}]"
  }
},
{
  "model": "admin.logentry",
  "pk": 34,
  "fields": {
    "action_time": "2021-12-14T18:38:00.903Z",
    "user": [
      "admin1"
    ],
    "content_type": [
      "auth",
      "user"
    ],
    "object_id": "17",
    "object_repr": "dummy4",
    "action_flag": 2,
    "change_message": "[{\"changed\": {\"fields\": [\"First name\", \"Last name\", \"Email address\", \"Groups\"]}}]"
  }
},
{
  "model": "admin.logentry",
  "pk": 35,
  "fields": {
    "action_time": "2021-12-14T18:38:21.968Z",
    "user": [
      "admin1"
    ],
    "content_type": [
      "auth",
      "user"
    ],
    "object_id": "1",
    "object_repr": "admin1",
    "action_flag": 2,
    "change_message": "[{\"changed\": {\"fields\": [\"Username\", \"First name\", \"Last name\", \"Email address\"]}}]"
  }
},
{
  "model": "admin.logentry",
  "pk": 36,
  "fields": {
    "action_time": "2021-12-14T18:38:27.813Z",
    "user": [
      "admin1"
    ],
    "content_type": [
      "auth",
      "user"
    ],
    "object_id": "1",
    "object_repr": "admin1",
    "action_flag": 2,
    "change_message": "[{\"changed\": {\"fields\": [\"Last name\"]}}]"
  }
},
{
  "model": "admin.logentry",
  "pk": 37,
  "fields": {
    "action_time": "2021-12-14T18:38:46.549Z",
    "user": [
      "admin1"
    ],
    "content_type": [
      "auth",
      "user"
    ],
    "object_id": "18",
    "object_repr": "admin2",
    "action_flag": 1,
    "change_message": "[{\"added\": {}}]"
  }
},
{
  "model": "admin.logentry",
  "pk": 38,
  "fields": {
    "action_time": "2021-12-14T18:39:13.940Z",
    "user": [
      "admin1"
    ],
    "content_type": [
      "auth",
      "user"
    ],
    "object_id": "18",
    "object_repr": "admin2",
    "action_flag": 2,
    "change_message": "[{\"changed\": {\"fields\": [\"First name\", \"Last name\", \"Email address\", \"Groups\"]}}]"
  }
},
{
  "model": "admin.logentry",
  "pk": 39,
  "fields": {
    "action_time": "2021-12-14T18:41:27.383Z",
    "user": [
      "admin1"
    ],
    "content_type": [
      "auth",
      "user"
    ],
    "object_id": "18",
    "object_repr": "admin2",
    "action_flag": 2,
    "change_message": "[{\"changed\": {\"fields\": [\"Staff status\", \"Superuser status\"]}}]"
  }
},
{
  "model": "admin.logentry",
  "pk": 40,
  "fields": {
    "action_time": "2021-12-14T18:41:37.492Z",
    "user": [
      "admin1"
    ],
    "content_type": [
      "auth",
      "user"
    ],
    "object_id": "18",
    "object_repr": "admin2",
    "action_flag": 2,
    "change_message": "[{\"changed\": {\"fields\": [\"password\"]}}]"
  }
},
{
  "model": "admin.logentry",
  "pk": 41,
  "fields": {
    "action_time": "2021-12-14T18:41:50.468Z",
    "user": [
      "admin1"
    ],
    "content_type": [
      "auth",
      "user"
    ],
    "object_id": "1",
    "object_repr": "admin1",
    "action_flag": 2,
    "change_message": "[{\"changed\": {\"fields\": [\"password\"]}}]"
  }
},
{
  "model": "admin.logentry",
  "pk": 42,
  "fields": {
    "action_time": "2022-02-24T20:45:07.810Z",
    "user": [
      "admin1"
    ],
    "content_type": [
      "auth",
      "user"
    ],
    "object_id": "19",
    "object_repr": "user5",
    "action_flag": 1,
    "change_message": "[{\"added\": {}}]"
  }
},
{
  "model": "admin.logentry",
  "pk": 43,
  "fields": {
    "action_time": "2022-02-24T20:45:13.620Z",
    "user": [
      "admin1"
    ],
    "content_type": [
      "auth",
      "user"
    ],
    "object_id": "19",
    "object_repr": "user5",
    "action_flag": 2,
    "change_message": "[{\"changed\": {\"fields\": [\"First name\", \"Last name\", \"Email address\"]}}]"
  }
},
{
  "model": "admin.logentry",
  "pk": 44,
  "fields": {
    "action_time": "2022-02-24T20:45:19.301Z",
    "user": [
      "admin1"
    ],
    "content_type": [
      "auth",
      "user"
    ],
    "object_id": "20",
    "object_repr": "user6",
    "action_flag": 1,
    "change_message": "[{\"added\": {}}]"
  }
},
{
  "model": "admin.logentry",
  "pk": 45,
  "fields": {
    "action_time": "2022-02-24T20:45:25.772Z",
    "user": [
      "admin1"
    ],
    "content_type": [
      "auth",
      "user"
    ],
    "object_id": "20",
    "object_repr": "user6",
    "action_flag": 2,
    "change_message": "[{\"changed\": {\"fields\": [\"First name\", \"Last name\", \"Email address\"]}}]"
  }
}
]
