[
{
  "model": "auth.group",
  "pk": 1,
  "fields": {
    "name": "admin",
    "permissions": []
  }
},
{
  "model": "auth.group",
  "pk": 2,
  "fields": {
    "name": "business",
    "permissions": []
  }
},
{
  "model": "auth.group",
  "pk": 3,
  "fields": {
    "name": "user",
    "permissions": []
  }
},
{
  "model": "auth.group",
  "pk": 4,
  "fields": {
    "name": "worker",
    "permissions": []
  }
},
{
  "model": "auth.user",
  "pk": 1,
  "fields": {
    "password": "pbkdf2_sha256$260000$DevmxlmLwciP1P6sZs2Qag$U9DFtjTWx96Sk95qY6UXVcvpdQEP2LcoFBftk5D2RKY=",
    "last_login": "2023-03-27T19:06:41.550Z",
    "is_superuser": true,
    "username": "admin1",
    "first_name": "Admin",
    "last_name": "First",
    "email": "admin1@cvat.org",
    "is_staff": true,
    "is_active": true,
    "date_joined": "2021-12-14T18:04:57Z",
    "groups": [
      [
        "admin"
      ]
    ],
    "user_permissions": []
  }
},
{
  "model": "auth.user",
  "pk": 2,
  "fields": {
    "password": "pbkdf2_sha256$260000$Pf2xYWXBedoAJ504jyDD8e$8sJ244Ai0xhZrUTelapPNHlEg7CV0cCUaxbcxZtfaug=",
    "last_login": "2022-09-28T12:15:35.182Z",
    "is_superuser": false,
    "username": "user1",
    "first_name": "User",
    "last_name": "First",
    "email": "user1@cvat.org",
    "is_staff": false,
    "is_active": true,
    "date_joined": "2021-12-14T18:21:09Z",
    "groups": [
      [
        "user"
      ]
    ],
    "user_permissions": []
  }
},
{
  "model": "auth.user",
  "pk": 3,
  "fields": {
    "password": "pbkdf2_sha256$260000$9YZSJ0xF4Kvjsm2Fwflciy$zRpcqAMLaJBbqTRS09NkZovOHtcdy6haZxu++AeoWFo=",
    "last_login": "2022-09-28T12:19:33.698Z",
    "is_superuser": false,
    "username": "user2",
    "first_name": "User",
    "last_name": "Second",
    "email": "user2@cvat.org",
    "is_staff": false,
    "is_active": true,
    "date_joined": "2021-12-14T18:24:12Z",
    "groups": [
      [
        "user"
      ]
    ],
    "user_permissions": []
  }
},
{
  "model": "auth.user",
  "pk": 4,
  "fields": {
    "password": "pbkdf2_sha256$260000$100pcg3A4DB6ewFLQFhfc8$YokGMdr0t2ZayTurcYpUyjaCbN4CeHPkoLCv5krrAhw=",
    "last_login": null,
    "is_superuser": false,
    "username": "user3",
    "first_name": "User",
    "last_name": "Third",
    "email": "user3@cvat.org",
    "is_staff": false,
    "is_active": true,
    "date_joined": "2021-12-14T18:24:39Z",
    "groups": [
      [
        "user"
      ]
    ],
    "user_permissions": []
  }
},
{
  "model": "auth.user",
  "pk": 5,
  "fields": {
    "password": "pbkdf2_sha256$260000$O87TrQZ5e1FdAjz2K5Xn3q$czWORxw/fCBgnZAEVjX/ki7JRHCsnaqRimCGYmULKfc=",
    "last_login": null,
    "is_superuser": false,
    "username": "user4",
    "first_name": "User",
    "last_name": "Fourth",
    "email": "user4@cvat.org",
    "is_staff": false,
    "is_active": true,
    "date_joined": "2021-12-14T18:25:10Z",
    "groups": [
      [
        "user"
      ]
    ],
    "user_permissions": []
  }
},
{
  "model": "auth.user",
  "pk": 6,
  "fields": {
    "password": "pbkdf2_sha256$260000$15iUjDNh5gPg5683u1HhOG$fF8hW6AR90o9SCsO/MomzdQFkgQsMUW3YQUlwwiC1vA=",
    "last_login": "2022-09-06T07:57:19.879Z",
    "is_superuser": false,
    "username": "worker1",
    "first_name": "Worker",
    "last_name": "First",
    "email": "worker1@cvat.org",
    "is_staff": false,
    "is_active": true,
    "date_joined": "2021-12-14T18:30:00Z",
    "groups": [
      [
        "worker"
      ]
    ],
    "user_permissions": []
  }
},
{
  "model": "auth.user",
  "pk": 7,
  "fields": {
    "password": "pbkdf2_sha256$260000$EtdCZTYNPHPX50kM67A7kA$JxuHkmB25RkeMszSV9Pd58E9AFdSu3Rx2UYSAKu/q4k=",
    "last_login": null,
    "is_superuser": false,
    "username": "worker2",
    "first_name": "Worker",
    "last_name": "Second",
    "email": "worker2@cvat.org",
    "is_staff": false,
    "is_active": true,
    "date_joined": "2021-12-14T18:30:43Z",
    "groups": [
      [
        "worker"
      ]
    ],
    "user_permissions": []
  }
},
{
  "model": "auth.user",
  "pk": 8,
  "fields": {
    "password": "pbkdf2_sha256$260000$PNnmu5EKgxZCY9HQgNLfta$JjsE9zrFYJ3ISUHANjjwnxuiGNRGIyVamqnqrkqR9fQ=",
    "last_login": null,
    "is_superuser": false,
    "username": "worker3",
    "first_name": "Worker",
    "last_name": "Third",
    "email": "worker3@cvat.org",
    "is_staff": false,
    "is_active": true,
    "date_joined": "2021-12-14T18:31:25Z",
    "groups": [
      [
        "worker"
      ]
    ],
    "user_permissions": []
  }
},
{
  "model": "auth.user",
  "pk": 9,
  "fields": {
    "password": "pbkdf2_sha256$260000$ipL3D6HSba1Cn7pzb5Q7bh$OFx/xO6Q3Q5sBGq3W3MBsmqFhVjkPmVVfaQdnJ8FAtg=",
    "last_login": null,
    "is_superuser": false,
    "username": "worker4",
    "first_name": "Worker",
    "last_name": "Fourth",
    "email": "worker4@cvat.org",
    "is_staff": false,
    "is_active": true,
    "date_joined": "2021-12-14T18:32:01Z",
    "groups": [
      [
        "worker"
      ]
    ],
    "user_permissions": []
  }
},
{
  "model": "auth.user",
  "pk": 10,
  "fields": {
    "password": "pbkdf2_sha256$260000$X4F89IRqnBtojZuHidrwQG$j1+EpXfyvMesHdod4N+dNUfF4WKS2NWFfeGDec/43as=",
    "last_login": "2022-09-28T12:17:51.373Z",
    "is_superuser": false,
    "username": "business1",
    "first_name": "Business",
    "last_name": "First",
    "email": "business1@cvat.org",
    "is_staff": false,
    "is_active": true,
    "date_joined": "2021-12-14T18:33:06Z",
    "groups": [
      [
        "business"
      ]
    ],
    "user_permissions": []
  }
},
{
  "model": "auth.user",
  "pk": 11,
  "fields": {
    "password": "pbkdf2_sha256$260000$Zw76ANIvIsDngZGsTv2G8O$piTVoqHrpTskW8rI1FBT9rzM2dcpjhrcOfI3pDgtjbo=",
    "last_login": "2022-03-17T07:22:55.930Z",
    "is_superuser": false,
    "username": "business2",
    "first_name": "Business",
    "last_name": "Second",
    "email": "business2@cvat.org",
    "is_staff": false,
    "is_active": true,
    "date_joined": "2021-12-14T18:34:01Z",
    "groups": [
      [
        "business"
      ]
    ],
    "user_permissions": []
  }
},
{
  "model": "auth.user",
  "pk": 12,
  "fields": {
    "password": "pbkdf2_sha256$260000$KcNRm6RwodBaGfWhh7ngqB$SsKUBx7vF1Ee0WBDwExd/JI39w1Ee0cBoox7lqNbhCk=",
    "last_login": null,
    "is_superuser": false,
    "username": "business3",
    "first_name": "Business",
    "last_name": "Third",
    "email": "business3@cvat.org",
    "is_staff": false,
    "is_active": true,
    "date_joined": "2021-12-14T18:34:34Z",
    "groups": [
      [
        "business"
      ]
    ],
    "user_permissions": []
  }
},
{
  "model": "auth.user",
  "pk": 13,
  "fields": {
    "password": "pbkdf2_sha256$260000$BbdWU6TKtVfIAW00Dk4Qyb$mkqf3VrZULPrzfH5NFEeEYCnzBPLaBBsVgdeTCve4lA=",
    "last_login": null,
    "is_superuser": false,
    "username": "business4",
    "first_name": "Business",
    "last_name": "Fourth",
    "email": "business4@cvat.org",
    "is_staff": false,
    "is_active": true,
    "date_joined": "2021-12-14T18:35:15Z",
    "groups": [
      [
        "business"
      ]
    ],
    "user_permissions": []
  }
},
{
  "model": "auth.user",
  "pk": 14,
  "fields": {
    "password": "pbkdf2_sha256$260000$47xWwGNsT3dvBc1qZDcLvC$fLC2y72acILlhGFiVp3nA/bnCxY/mRb7xOqOh7Es95k=",
    "last_login": null,
    "is_superuser": false,
    "username": "dummy1",
    "first_name": "Dummy",
    "last_name": "First",
    "email": "dummy1@cvat.org",
    "is_staff": false,
    "is_active": true,
    "date_joined": "2021-12-14T18:36:00Z",
    "groups": [],
    "user_permissions": []
  }
},
{
  "model": "auth.user",
  "pk": 15,
  "fields": {
    "password": "pbkdf2_sha256$260000$g0en7cElWDD2HJlVV2Vhns$U7eJco9WdvEy/GDpZcoGu2rGGF+3TIMS0v/aRaCqWwo=",
    "last_login": null,
    "is_superuser": false,
    "username": "dummy2",
    "first_name": "Dummy",
    "last_name": "Second",
    "email": "dummy2@cvat.org",
    "is_staff": false,
    "is_active": true,
    "date_joined": "2021-12-14T18:36:31Z",
    "groups": [],
    "user_permissions": []
  }
},
{
  "model": "auth.user",
  "pk": 16,
  "fields": {
    "password": "pbkdf2_sha256$260000$48BDv2UDlqhl8DUBc73KiH$Sl4mklcY7vuFyhZh9y1XozQbb35xT3ZgYAUhrUqpV6c=",
    "last_login": null,
    "is_superuser": false,
    "username": "dummy3",
    "first_name": "Dummy",
    "last_name": "Third",
    "email": "dummy3@cvat.org",
    "is_staff": false,
    "is_active": true,
    "date_joined": "2021-12-14T18:37:09Z",
    "groups": [],
    "user_permissions": []
  }
},
{
  "model": "auth.user",
  "pk": 17,
  "fields": {
    "password": "pbkdf2_sha256$260000$ZgcuAD4y4yevdl8uH9uDkv$D89cXpicXu+B4Vs+Nlew/sXYpZvO4kOO1IMoyYs1AvE=",
    "last_login": null,
    "is_superuser": false,
    "username": "dummy4",
    "first_name": "Dummy",
    "last_name": "Fourth",
    "email": "dummy4@cvat.org",
    "is_staff": false,
    "is_active": true,
    "date_joined": "2021-12-14T18:37:41Z",
    "groups": [],
    "user_permissions": []
  }
},
{
  "model": "auth.user",
  "pk": 18,
  "fields": {
    "password": "pbkdf2_sha256$260000$uOqP32bk2zHuvO0sdGBGmu$hMbzA1yBWcY5rIU670sZ3SHXRLUa7bCkbrMnrEDGSRM=",
    "last_login": "2022-03-05T09:37:01.636Z",
    "is_superuser": true,
    "username": "admin2",
    "first_name": "Admin",
    "last_name": "Second",
    "email": "admin2@cvat.org",
    "is_staff": true,
    "is_active": true,
    "date_joined": "2021-12-14T18:38:46Z",
    "groups": [
      [
        "admin"
      ]
    ],
    "user_permissions": []
  }
},
{
  "model": "auth.user",
  "pk": 19,
  "fields": {
    "password": "pbkdf2_sha256$260000$sKpnXRfALvvS3bBUj8e2SD$wcq2zoyeXxa+gnn6007p6DGtNd+ND6H4pGOq9ekb9t0=",
    "last_login": null,
    "is_superuser": false,
    "username": "user5",
    "first_name": "User",
    "last_name": "Fifth",
    "email": "user5@cvat.org",
    "is_staff": false,
    "is_active": true,
    "date_joined": "2022-02-24T20:45:07Z",
    "groups": [
      [
        "user"
      ]
    ],
    "user_permissions": []
  }
},
{
  "model": "auth.user",
  "pk": 20,
  "fields": {
    "password": "pbkdf2_sha256$260000$V3cCtaea9FrYFYQRGJfBGO$nZVdhgyq1iEcv3Ed4QDnMt18ULQViJn0snZDm9ZL2SA=",
    "last_login": null,
    "is_superuser": false,
    "username": "user6",
    "first_name": "User",
    "last_name": "Sixth",
    "email": "user6@cvat.org",
    "is_staff": false,
    "is_active": true,
    "date_joined": "2022-02-24T20:45:19Z",
    "groups": [
      [
        "user"
      ]
    ],
    "user_permissions": []
  }
},
{
  "model": "auth.user",
  "pk": 21,
  "fields": {
    "password": "pbkdf2_sha256$260000$pROH9UgQcjk9vIlTBdUDPD$MdGF+2HcnBv2qI/kuLyBl0oYhMwgvhgKMQgcTsmku8c=",
    "last_login": "2023-03-30T09:37:31.708Z",
    "is_superuser": false,
    "username": "lonely_user",
    "first_name": "Lonely",
    "last_name": "User",
    "email": "lonely_user@cvat.org",
    "is_staff": false,
    "is_active": true,
    "date_joined": "2023-03-30T09:37:31.615Z",
    "groups": [
      [
        "user"
      ]
    ],
    "user_permissions": []
  }
},
{
  "model": "sessions.session",
  "pk": "3p7i7jibc6g827i39r8e0ce5i9f1orzp",
  "fields": {
    "session_data": ".eJxVjDEOAiEQAP9CbQiwgGBp7xsIC6ycGkiOu8r4d0NyhbYzk3mzEPethn2UNSyZXZhkp1-GMT1LmyI_Yrt3nnrb1gX5TPhhB7_1XF7Xo_0b1Djq3AoglJTJACKS9zGB0eAdopNkz6TIWq2LLQ611gkEgjFJCTIChFPs8wX0UDee:1p26BE:nXJF4Fl6fGAvhi1ZZfLr4WJSgvc53poHLXXAM5V6NdU",
    "expire_date": "2022-12-19T07:46:24.799Z"
  }
},
{
  "model": "sessions.session",
  "pk": "5x9v6r58e4l9if78anupog0ittsq2w3j",
  "fields": {
    "session_data": ".eJxVjMEOwiAQRP-FsyEsobL16N1vIAvLStVAUtqT8d9tkx70OPPezFsFWpcS1p7nMLG6KFCn3y5Seua6A35QvTedWl3mKepd0Qft-tY4v66H-3dQqJdt7UU4MedxGKwFh0RoCBFi4niOTsSAHQFA_JaYmI2nTBEdGRRrSX2-CY443A:1nM644:zfo0j_Zkrm04UxrDj8g_nnsXrpWtRzL4oRx3hAdqyqI",
    "expire_date": "2022-03-07T10:37:08.963Z"
  }
},
{
  "model": "sessions.session",
  "pk": "8r8hzr05yskg13ugvyysz5mq67yu0q09",
  "fields": {
    "session_data": ".eJxVjEEOwiAQRe_C2pCh1AIu3fcMZIYZbNVAUtqV8e7apAvd_vfef6mI2zrFrckSZ1YXZdTpdyNMDyk74DuWW9WplnWZSe-KPmjTY2V5Xg_372DCNn3rkIZEASSjiAUx3RkkEHXOsA_kDLAAos0eemvYosvBu5xC1_NAnEC9P_-NOIo:1odoSn:hXr9ZRCpPPwIFiVyFia14QHX4dwZigtH7yGUNgU2Gfg",
    "expire_date": "2022-10-13T08:00:09.738Z"
  }
},
{
  "model": "sessions.session",
  "pk": "9432vwcpkukpdrme8vipuk9rmt4jv6c8",
  "fields": {
    "session_data": ".eJxVjDsOwyAQBe9CHSFgxS9l-pwBAbsEJxFIxq6s3D225CJp38y8jYW4LjWsg-YwIbsyyS6_W4r5Re0A-Izt0XnubZmnxA-Fn3Twe0d6307376DGUfdagfWIgEaBQVUKkSAsoIs2lFPOSiRJdrcgOSlcsd6CspS1dsrLpNnnC_apN98:1oVTwm:l7XK3LDGUWfyscT3hQeh8nOj0iu1-oh4NcdaMIoEEYg",
    "expire_date": "2022-09-20T08:28:40.843Z"
  }
},
{
  "model": "sessions.session",
  "pk": "9rh2r15lb3xra3kdqjtll5n4zw7ebw95",
  "fields": {
    "session_data": ".eJxVjDsOwjAQBe_iGln-xJ9Q0ucM1q69xgFkS3FSIe5OIqWA9s3Me7MA21rC1mkJc2JXptjld0OIT6oHSA-o98Zjq-syIz8UftLOp5bodTvdv4MCvey1tOiNIpGNATlq55IZvaABd4Ao1RCzARLWJ5dRA2kJGqxU1kfjPRL7fAHVPjfN:1nKDkD:rZM4YHHS9MckfKB5KrsvNBVMegYSRdlMqL3uDJRE0Cg",
    "expire_date": "2022-03-02T06:24:53.914Z"
  }
},
{
  "model": "sessions.session",
  "pk": "d3rhbsiax4etv2gtdkl6j883hvlz21rc",
  "fields": {
    "session_data": ".eJxVjMsOwiAQRf-FtSEMDAIu3fcbyPBQqgaS0q6M_y5NutDtOefeN_O0rcVvPS9-TuzCgJ1-WaD4zHUX6UH13nhsdV3mwPeEH7bzqaX8uh7t30GhXsYaQYNDpYMULqECS9IY0uIGxmYUQdoYMCpIeRgYiXVaDXoWgkImZJ8vqTk2zg:1okTc4:kq0YGX6_uyDwCa3VLl1bcp38oBfM6XfHIk0oE4XzpPw",
    "expire_date": "2022-10-31T17:09:16.915Z"
  }
},
{
  "model": "sessions.session",
  "pk": "dpaw6pntyqwr5l6qjv6zq3yoajp301be",
  "fields": {
    "session_data": ".eJxVjEsOwjAMBe-SNYrq_BxYsucMlWO7tIAaqWlXiLujSl3A9s3Me5uetnXst6ZLP4m5GABz-h0L8VPnnciD5nu1XOd1mYrdFXvQZm9V9HU93L-Dkdq41550gJRLCCmJyoBdJmKMmaEEjpwDqmh0wuhc8Q68cmJA7M4OMJjPFyYSODI:1nUkTH:BLJ2UbMcN1AmDEbuOLS5T_O-vbrAzEW_K8oRkQZYt4M",
    "expire_date": "2022-03-31T07:22:55.934Z"
  }
},
{
  "model": "sessions.session",
  "pk": "g5dq9vpt965l4v12hq2e2mtx3cyoofwi",
  "fields": {
    "session_data": ".eJxVjEEOwiAQRe_C2hAZ6BRcuvcMZGagtmogKe3KeHfbpAvd_vfef6tI6zLGteU5TkldlFGn341JnrnsID2o3KuWWpZ5Yr0r-qBN32rKr-vh_h2M1MatZtfjAJ6DdIQZhsw-gO2tSCc-9WiyBxc4kMdBMLnOIhMyuPMmWTDq8wXrITeF:1nyr78:_kk9OqBNFufSHoqDmlrR801u639WewL9v6cDAf-qtsY",
    "expire_date": "2022-06-22T08:32:30.157Z"
  }
},
{
  "model": "sessions.session",
  "pk": "g7a60a11wtv3gyf63z38yo9dynrriy2o",
  "fields": {
    "session_data": ".eJxVjMEOwiAQRP-FsyG7oSB49O43kF22SNVAUtqT8d9tkx70Mod5b-atIq1LiWsf5ziJuihUp9-OKT3HugN5UL03nVpd5on1ruiDdn1rMr6uh_t3UKiXbZ1BbEggBBCyMwSC6PEsgBzYoM0pgHUAnvwQjOFsrDM-DVsIA7H6fAHNgTcq:1obN4y:bkeYqNAs8mjLT_JEXhoEQ5K5wMW1KiEr72ahxoqc1SA",
    "expire_date": "2022-10-06T14:21:28.474Z"
  }
},
{
  "model": "sessions.session",
  "pk": "gcz795933839j3g0t3rjgmikzkzlwse3",
  "fields": {
    "session_data": ".eJxVjEEOwiAQRe_C2hCmUCgu3XsGMjCDVA1NSrsy3l1JutDtf-_9lwi4byXsjdcwkzgLEKffLWJ6cO2A7lhvi0xL3dY5yq7IgzZ5XYifl8P9OyjYSq-9niK4b6A1cfYZnCUEBGuzZxW1UsnYFBV7A9PAIxlMzmmj8pDdyOL9AfdKOC0:1nNKyv:kkKNWtjON5Uk-FR_FbwNa3oJ8t5PEd-rZ1y8BsRyays",
    "expire_date": "2022-03-10T20:44:57.190Z"
  }
},
{
  "model": "sessions.session",
  "pk": "hyu4u2ybvftmposiq86y4fo6ghvwrvaf",
  "fields": {
    "session_data": ".eJxVjLEOwjAMRP8lM4qaOjI1IzvfEDmxSwoolZp2Qvw7qdQBxrv37t4m8LbmsFVdwiTmYpw5_XaR01PLDuTB5T7bNJd1maLdFXvQam-z6Ot6uH8HmWtuaz8QU484IqMAATgl9UgRvQp3vsGIQN51NAAKwdlpwj6OitISmc8Xw5g3Ow:1pXOTL:02xWS64tG_ABlbp8msu52jMSMNbgsXq9-SpQLR8bURc",
    "expire_date": "2023-03-15T15:34:27.895Z"
  }
},
{
  "model": "sessions.session",
  "pk": "ic4rcr36vkoymwaw6p322bjqlryvq2jd",
  "fields": {
    "session_data": ".eJxVjMsOwiAQRf-FtSEDFRhcuu83kBkeUjU0Ke3K-O_apAvd3nPOfYlA21rD1vMSpiQuQonT78YUH7ntIN2p3WYZ57YuE8tdkQftcpxTfl4P9--gUq_fWns0mX22NsLZDlE7INLWAzkyODjFyKwzAnExUQNQUamgRnIOkzLi_QHSyzeb:1mxPj7:Bl2FnM4tKrtDftiy20PMjYuIfpHYUK6FG6IYdZjPS6o",
    "expire_date": "2021-12-29T08:33:29.459Z"
  }
},
{
  "model": "sessions.session",
  "pk": "khn67dfajnzkr0tlusuyyub011gt0aqb",
  "fields": {
    "session_data": ".eJxVjMEOwiAQRP-FsyEsobL16N1vIAvLStVAUtqT8d9tkx70OPPezFsFWpcS1p7nMLG6KFCn3y5Seua6A35QvTedWl3mKepd0Qft-tY4v66H-3dQqJdt7UU4MedxGKwFh0RoCBFi4niOTsSAHQFA_JaYmI2nTBEdGRRrSX2-CY443A:1nM5q9:nf3N_nhzYu-XfEC1O2ICYP2Zt9XXPPVziSLrP5uHSVw",
    "expire_date": "2022-03-07T10:22:45.432Z"
  }
},
{
  "model": "sessions.session",
  "pk": "kxl8ptkbmarqynt3suxkv33cj4ydkvmc",
  "fields": {
    "session_data": ".eJxVjEEOwiAQRe_C2hBKGTq4dO8ZyDCAVA0kpV0Z765NutDtf-_9l_C0rcVvPS1-juIsBnH63QLxI9UdxDvVW5Pc6rrMQe6KPGiX1xbT83K4fweFevnWFLJzkCwlUlqRNiNbNxp0aA1rBMRggBLrSBBwAguKg4sTjNlmPbB4fwDf0jez:1pgsAz:RTj9nJ-XuKRexyoIAYjnSSeB_IjwXNoqh49bdhH9wMc",
    "expire_date": "2023-04-10T19:06:41.555Z"
  }
},
{
  "model": "sessions.session",
  "pk": "lqzut02cip3i7xxinmal28z3mo302vey",
  "fields": {
    "session_data": ".eJxVjEEOwiAQRe_C2hCmUCgu3XsGMjCDVA1NSrsy3l1JutDtf-_9lwi4byXsjdcwkzgLEKffLWJ6cO2A7lhvi0xL3dY5yq7IgzZ5XYifl8P9OyjYSq-9niK4b6A1cfYZnCUEBGuzZxW1UsnYFBV7A9PAIxlMzmmj8pDdyOL9AfdKOC0:1nNLbm:bXtVicsOrZtQ_p4Qr9bOTAmHWYJMHD8_GCUbncB6nzQ",
    "expire_date": "2022-03-10T21:25:06.476Z"
  }
},
{
  "model": "sessions.session",
  "pk": "mnb97kue40xo05g2rwwkw6d34sxrnesw",
  "fields": {
    "session_data": ".eJxVjDsOwjAQBe_iGllO8E-U9JzB2l3v4gBypDipEHfHkVJAOzPvvVWCbS1pa7ykKauLGtTplyHQk-su8gPqfdY013WZUO-JPmzTtznz63q0fwcFWunrgELAEtGgEzcCGTp7I4ZCdA5iN9KRFaA8YARvDXoL7GNgO5Jn9fkCIRs5Sw:1mxQKq:6A9lz-3mKMJukzqDk-DXfGIbDNeLeGul_TgZ7A6Xlf8",
    "expire_date": "2021-12-29T09:12:28.010Z"
  }
},
{
  "model": "sessions.session",
  "pk": "mowah8yfroat6jhey5djwlbhn2y98v7l",
  "fields": {
    "session_data": ".eJxVjMsOwiAURP-FtSE8ysul-34DgctFqgaS0q6M_y5NutBkVmfOzJv4sG_F7x1XvyRyJZxcflkM8MR6FOkR6r1RaHVbl0gPhZ5tp3NL-Lqd7t9BCb2MtTXWKeXyJJWZRAaeXMw2guNKg8IRI5GBGRSZBm1RoAnKMmlBC9Dk8wXZOzfQ:1oDoCM:omYDtljIF2gwQQ5gATz0c8n2Y4QYoBpS0m4RckO8Mn4",
    "expire_date": "2022-08-02T14:27:42.020Z"
  }
},
{
  "model": "sessions.session",
  "pk": "o8j1a2nv54lfpfrrg44h5h93jj7xxh60",
  "fields": {
    "session_data": ".eJxVjMsOwiAQRf-FtSG8EZfu_QYyzIBUDSSlXRn_3TbpQrf3nHPfLMK61LiOPMeJ2IVJdvrdEuAztx3QA9q9c-xtmafEd4UfdPBbp_y6Hu7fQYVRt1pk8rKQdLZQAJc8WqdRepJnkMU5j8qJ4AMFoxUqXaxRIDaEypqiEvt8AeKHN58:1odW3U:8KSfPTBjmZAKj1CGyu6KNB7dVP-lx1qvWe3yAiI0lio",
    "expire_date": "2022-10-12T12:20:48.638Z"
  }
},
{
  "model": "sessions.session",
  "pk": "oy4oy702g9qr34fjne8jnxoxvqaiaq26",
  "fields": {
    "session_data": ".eJxVjDEOwjAMRe-SGUUtwW3MyM4ZIjt2SAElUtNOiLtDpQ6w_vfef5lA65LD2nQOk5iz6Ttz-B2Z4kPLRuRO5VZtrGWZJ7abYnfa7LWKPi-7-3eQqeVvfRR16k8sw5DGiI6J0CH46NmxCgGAAqlg6gGpS270wJCiS4pJGcz7AzCgOXQ:1nQRhU:CENLo_Qbw2AV-CZEYqplcFq3P2SRLzudId1jiN9gyuQ",
    "expire_date": "2022-03-19T10:31:48.862Z"
  }
},
{
  "model": "sessions.session",
  "pk": "po0rbd1yhywmc0i2jfam69r419a66aj8",
  "fields": {
    "session_data": ".eJxVjMsOwiAQRf-FtSE8pB1cuvcbCMMMUjWQlHZl_HdD0oVu7znnvkWI-1bC3nkNC4mL0OL0u2FMT64D0CPWe5Op1W1dUA5FHrTLWyN-XQ_376DEXkY9QeKzIpWVn9gYhEhkI3lyYFg7jTMDg7WkAdF5mCFh9mRZZUhOi88X-eU4dg:1mzwj8:CWx3-u6eXmWLpwiFMK5_yWnoPY3yUSf1QCZY-UdJcF8",
    "expire_date": "2022-01-05T08:11:58.507Z"
  }
},
{
  "model": "sessions.session",
  "pk": "qje4thj4oqumlmj2fe27gae72jg4j6u8",
  "fields": {
    "session_data": ".eJxVjDsOwjAQBe_iGll2Ev8o6TmDtetd4wCypTipEHeHSCmgfTPzXiLCtpa4dV7iTOIstBKn3xEhPbjuhO5Qb02mVtdlRrkr8qBdXhvx83K4fwcFevnWjDT6KfmRlSEHTmGyOfigKA8aR9TZgiXO3jKlwRAr61JGA2YKgZ0S7w8qsjkD:1mxDjE:ktIwpvhQwj3_BtA8Avyq5WmmpmIJD88pF_vSxFzeetA",
    "expire_date": "2021-12-28T19:44:48.529Z"
  }
},
{
  "model": "sessions.session",
  "pk": "rmk4xete2em5m8rbllkk7d2nbd4q4rzg",
  "fields": {
    "session_data": ".eJxVjEEOwiAQRe_C2pDSDjC4dO8ZCMOAVA0kpV0Z765NutDtf-_9l_BhW4vfelr8zOIslDj9bhTiI9Ud8D3UW5Ox1XWZSe6KPGiX18bpeTncv4MSevnWzo0RtZ0MgAEmVg4HS2jdoAxqpAh5cmizNkwBIRlFEJzmEdhkVCTeH7LvNxA:1pabKo:-Qpngoe5m2XSdO9BYT01S3o_V8dldaxml3hDBR9GcNc",
    "expire_date": "2023-03-24T11:54:54.631Z"
  }
},
{
  "model": "sessions.session",
  "pk": "v28l0efbrv9x06z97ilwcf7lwtuf4ctc",
  "fields": {
    "session_data": ".eJxVjDsOwjAQRO_iGlm22fhDSc8ZrLV3gwPIluKkQtydREoBzRTz3sxbRFyXEtfOc5xIXIRW4vRbJsxPrjuhB9Z7k7nVZZ6S3BV50C5vjfh1Pdy_g4K9bGuLXqMDQqdDTtYN6AHIIoGGMIJlQwxB-VFn3gLPzjil3ABkAIBZfL7_vTer:1nABOV:0UAK9VV6D18QF1-189XQ2T9LrQUSdioGNoHdRUzzt7o",
    "expire_date": "2022-02-02T13:52:59.489Z"
  }
},
{
  "model": "sessions.session",
  "pk": "vph7z81qem6c9705bnj7xxvzmzod24ck",
  "fields": {
    "session_data": ".eJxVjEEOgjAQRe_StWlmahlal-45A5npFEFNSSisjHdXEha6_e-9_zI9b-vYbzUv_aTmYhDM6XcUTo9cdqJ3LrfZprmsyyR2V-xBq-1mzc_r4f4djFzHbx2G5oxKA4foXCRS9QlEghKDpwBNExWyEw-Z2owOJSTH2IK24smjeX8A-A43ag:1oVRr1:YjNerWaOn53u4nuATnD-oXeI5uqdL6lAyKX4jCG0b94",
    "expire_date": "2022-09-20T06:14:35.567Z"
  }
},
{
  "model": "sessions.session",
  "pk": "wf6d6vzf4u74l08o0qgbqehei21hibea",
  "fields": {
    "session_data": ".eJxVjDEOwjAMRe-SGUUkpHZgZO8ZIttxSAG1UtNOiLtDpQ6w_vfef5lE61LT2nROQzYX48zhd2OSh44byHcab5OVaVzmge2m2J02209Zn9fd_Tuo1Oq3DrGwD040Ro_-nJmJgkgsqAAIioCi0KGKMhU4Mgip6wjRF6JyMu8PBAI5Mw:1nIXJc:oovNJRods5cbviWOWush4H3jDdP8XklEignva_EnQ8Q",
    "expire_date": "2022-02-25T14:54:28.092Z"
  }
},
{
  "model": "authtoken.token",
  "pk": "2dcf8d2ff5032c3cf7d276549af3a50edb4f11c8",
  "fields": {
    "user": [
      "admin1"
    ],
    "created": "2022-12-05T07:46:24.792Z"
  }
},
{
  "model": "authtoken.token",
  "pk": "53da3ff9e514d84b56b5170059ff0f595c34157b",
  "fields": {
    "user": [
      "business2"
    ],
    "created": "2022-03-17T07:22:55.921Z"
  }
},
{
  "model": "authtoken.token",
  "pk": "7245b803f045dc12002d72473e3479ce6146801c",
  "fields": {
    "user": [
      "lonely_user"
    ],
    "created": "2023-03-30T09:37:31.700Z"
  }
},
{
  "model": "sites.site",
  "pk": 1,
  "fields": {
    "domain": "example.com",
    "name": "example.com"
  }
},
{
  "model": "account.emailaddress",
  "pk": 1,
  "fields": {
    "user": [
      "admin1"
    ],
    "email": "admin1@cvat.org",
    "verified": true,
    "primary": true
  }
},
{
  "model": "account.emailaddress",
  "pk": 2,
  "fields": {
    "user": [
      "admin2"
    ],
    "email": "admin2@cvat.org",
    "verified": true,
    "primary": true
  }
},
{
  "model": "account.emailaddress",
  "pk": 3,
  "fields": {
    "user": [
      "lonely_user"
    ],
    "email": "lonely_user@cvat.org",
    "verified": false,
    "primary": true
  }
},
{
  "model": "organizations.organization",
  "pk": 1,
  "fields": {
    "slug": "org1",
    "name": "organization #1",
    "description": "",
    "created_date": "2021-12-14T18:45:40.172Z",
    "updated_date": "2021-12-14T18:45:40.172Z",
    "contact": {
      "email": "org1@cvat.org"
    },
    "owner": [
      "user1"
    ]
  }
},
{
  "model": "organizations.organization",
  "pk": 2,
  "fields": {
    "slug": "org2",
    "name": "Organization #2",
    "description": "",
    "created_date": "2021-12-14T19:51:38.667Z",
    "updated_date": "2021-12-14T19:51:38.667Z",
    "contact": {
      "email": "org2@cvat.org"
    },
    "owner": [
      "business1"
    ]
  }
},
{
  "model": "organizations.membership",
  "pk": 1,
  "fields": {
    "user": [
      "user1"
    ],
    "organization": 1,
    "is_active": true,
    "joined_date": "2021-12-14T18:45:40.172Z",
    "role": "owner"
  }
},
{
  "model": "organizations.membership",
  "pk": 2,
  "fields": {
    "user": [
      "worker1"
    ],
    "organization": 1,
    "is_active": true,
    "joined_date": "2021-12-14T18:47:39.935Z",
    "role": "worker"
  }
},
{
  "model": "organizations.membership",
  "pk": 3,
  "fields": {
    "user": [
      "worker2"
    ],
    "organization": 1,
    "is_active": true,
    "joined_date": "2021-12-14T18:47:49.322Z",
    "role": "worker"
  }
},
{
  "model": "organizations.membership",
  "pk": 4,
  "fields": {
    "user": [
      "business1"
    ],
    "organization": 1,
    "is_active": true,
    "joined_date": "2021-12-14T18:48:46.579Z",
    "role": "maintainer"
  }
},
{
  "model": "organizations.membership",
  "pk": 5,
  "fields": {
    "user": [
      "business1"
    ],
    "organization": 2,
    "is_active": true,
    "joined_date": "2021-12-14T19:51:38.667Z",
    "role": "owner"
  }
},
{
  "model": "organizations.membership",
  "pk": 6,
  "fields": {
    "user": [
      "business2"
    ],
    "organization": 2,
    "is_active": true,
    "joined_date": "2021-12-14T19:54:33.591Z",
    "role": "maintainer"
  }
},
{
  "model": "organizations.membership",
  "pk": 7,
  "fields": {
    "user": [
      "worker2"
    ],
    "organization": 2,
    "is_active": true,
    "joined_date": "2021-12-14T19:54:46.172Z",
    "role": "worker"
  }
},
{
  "model": "organizations.membership",
  "pk": 8,
  "fields": {
    "user": [
      "worker3"
    ],
    "organization": 2,
    "is_active": true,
    "joined_date": "2021-12-14T19:54:56.431Z",
    "role": "worker"
  }
},
{
  "model": "organizations.membership",
  "pk": 9,
  "fields": {
    "user": [
      "user2"
    ],
    "organization": 2,
    "is_active": true,
    "joined_date": "2021-12-14T19:55:13.745Z",
    "role": "supervisor"
  }
},
{
  "model": "organizations.membership",
  "pk": 10,
  "fields": {
    "user": [
      "user3"
    ],
    "organization": 2,
    "is_active": true,
    "joined_date": "2022-01-19T13:54:42.005Z",
    "role": "supervisor"
  }
},
{
  "model": "organizations.membership",
  "pk": 11,
  "fields": {
    "user": [
      "user4"
    ],
    "organization": 2,
    "is_active": true,
    "joined_date": "2022-01-19T13:54:42.015Z",
    "role": "maintainer"
  }
},
{
  "model": "organizations.membership",
  "pk": 12,
  "fields": {
    "user": [
      "user5"
    ],
    "organization": 2,
    "is_active": true,
    "joined_date": "2022-02-24T21:29:21.978Z",
    "role": "worker"
  }
},
{
  "model": "organizations.membership",
  "pk": 13,
  "fields": {
    "user": [
      "user5"
    ],
    "organization": 1,
    "is_active": true,
    "joined_date": "2022-09-28T13:11:37.839Z",
    "role": "supervisor"
  }
},
{
  "model": "organizations.invitation",
  "pk": "5FjIXya6fTGvlRpauFvi2QN1wDOqo1V9REB5rJinDR8FZO9gr0qmtWpghsCte8Y1",
  "fields": {
    "created_date": "2022-01-19T13:54:42.005Z",
    "owner": [
      "business1"
    ],
    "membership": 10
  }
},
{
  "model": "organizations.invitation",
  "pk": "62HplmGPJuzpTXSyzPWiAlREkq8smCjK30GdtYze3q03J9X5ghQe3oMhlAyQ0WBH",
  "fields": {
    "created_date": "2021-12-14T19:54:46.172Z",
    "owner": [
      "business1"
    ],
    "membership": 7
  }
},
{
  "model": "organizations.invitation",
  "pk": "BrwoDmMNQQ1v9WXOukp9DwQVuqB3RDPjpUECCEq6QcAuG0Pi8k1IYtQ9uz9jg0Bv",
  "fields": {
    "created_date": "2022-01-19T13:54:42.015Z",
    "owner": [
      "business1"
    ],
    "membership": 11
  }
},
{
  "model": "organizations.invitation",
  "pk": "Fi3WRUhFxTWpMiVpdwNR2CGyhgcIXSCUYgPCugPq72QUOgHz9NSMOGiKS3PfJ7Ql",
  "fields": {
    "created_date": "2022-02-24T21:29:21.978Z",
    "owner": [
      "admin1"
    ],
    "membership": 12
  }
},
{
  "model": "organizations.invitation",
  "pk": "Lzyzgo161I7Fej1vC5RXPdyUgCBfbuxsEEhHYeYOJqvbeJe5clPDnqCm7pKOC9tr",
  "fields": {
    "created_date": "2021-12-14T18:47:39.935Z",
    "owner": [
      "user1"
    ],
    "membership": 2
  }
},
{
  "model": "organizations.invitation",
  "pk": "Y1I4FFU27WRqq2rWQLtKjDztMqpvqW7gJgg7q73F7oE4H5kukvXugWjiTLHclPDu",
  "fields": {
    "created_date": "2021-12-14T19:54:33.591Z",
    "owner": [
      "business1"
    ],
    "membership": 6
  }
},
{
  "model": "organizations.invitation",
  "pk": "aViZkw9TaieLoZaswEnkMy8tTet1yYDRof3eKZDtZaHf1BItgCNNM6y6fnjrkrej",
  "fields": {
    "created_date": "2021-12-14T18:47:49.322Z",
    "owner": [
      "user1"
    ],
    "membership": 3
  }
},
{
  "model": "organizations.invitation",
  "pk": "cbmm587Z05WQUYvesIZUCtbTl7CEL4thv1Au6Nr51psflITn9X6BsvNFXcNEkoYn",
  "fields": {
    "created_date": "2021-12-14T18:48:46.579Z",
    "owner": [
      "user1"
    ],
    "membership": 4
  }
},
{
  "model": "organizations.invitation",
  "pk": "h43G28di7vfs4Jv5VrKZ26xvGAfm6Yc2FFv14z9EKhiuIEDQ22pEnzmSCab8MnK1",
  "fields": {
    "created_date": "2021-12-14T19:55:13.745Z",
    "owner": [
      "business1"
    ],
    "membership": 9
  }
},
{
  "model": "organizations.invitation",
  "pk": "hIH9RB3QqZLFwdUDmufaSPc2H8uS5cNjcG6pk8gfAIQ4jg6nJZZWDIQHMN1gFMk9",
  "fields": {
    "created_date": "2022-09-28T13:11:37.839Z",
    "owner": [
      "admin1"
    ],
    "membership": 13
  }
},
{
  "model": "organizations.invitation",
  "pk": "mFpVV2Yh39uUdU8IpigSxvuPegqi8sjxFi6P9Jdy6fBE8Ky9Juzi1KjeGDQsizSS",
  "fields": {
    "created_date": "2021-12-14T19:54:56.431Z",
    "owner": [
      "business1"
    ],
    "membership": 8
  }
},
{
  "model": "engine.data",
  "pk": 2,
  "fields": {
    "chunk_size": 72,
    "size": 23,
    "image_quality": 70,
    "start_frame": 0,
    "stop_frame": 22,
    "frame_filter": "",
    "compressed_chunk_type": "imageset",
    "original_chunk_type": "imageset",
    "storage_method": "cache",
    "storage": "local",
    "cloud_storage": null,
    "sorting_method": "lexicographical",
    "deleted_frames": "[]"
  }
},
{
  "model": "engine.data",
  "pk": 5,
  "fields": {
    "chunk_size": 72,
    "size": 25,
    "image_quality": 70,
    "start_frame": 0,
    "stop_frame": 24,
    "frame_filter": "",
    "compressed_chunk_type": "imageset",
    "original_chunk_type": "video",
    "storage_method": "cache",
    "storage": "local",
    "cloud_storage": null,
    "sorting_method": "lexicographical",
    "deleted_frames": "[]"
  }
},
{
  "model": "engine.data",
  "pk": 6,
  "fields": {
    "chunk_size": 72,
    "size": 1,
    "image_quality": 70,
    "start_frame": 0,
    "stop_frame": 0,
    "frame_filter": "",
    "compressed_chunk_type": "imageset",
    "original_chunk_type": "imageset",
    "storage_method": "cache",
    "storage": "local",
    "cloud_storage": null,
    "sorting_method": "lexicographical",
    "deleted_frames": "[]"
  }
},
{
  "model": "engine.data",
  "pk": 7,
  "fields": {
    "chunk_size": 72,
    "size": 11,
    "image_quality": 70,
    "start_frame": 0,
    "stop_frame": 10,
    "frame_filter": "",
    "compressed_chunk_type": "imageset",
    "original_chunk_type": "imageset",
    "storage_method": "cache",
    "storage": "local",
    "cloud_storage": null,
    "sorting_method": "lexicographical",
    "deleted_frames": "[]"
  }
},
{
  "model": "engine.data",
  "pk": 8,
  "fields": {
    "chunk_size": 72,
    "size": 14,
    "image_quality": 70,
    "start_frame": 0,
    "stop_frame": 13,
    "frame_filter": "",
    "compressed_chunk_type": "imageset",
    "original_chunk_type": "imageset",
    "storage_method": "cache",
    "storage": "local",
    "cloud_storage": null,
    "sorting_method": "lexicographical",
    "deleted_frames": "[]"
  }
},
{
  "model": "engine.data",
  "pk": 9,
  "fields": {
    "chunk_size": 72,
    "size": 20,
    "image_quality": 70,
    "start_frame": 0,
    "stop_frame": 19,
    "frame_filter": "",
    "compressed_chunk_type": "imageset",
    "original_chunk_type": "imageset",
    "storage_method": "cache",
    "storage": "local",
    "cloud_storage": null,
    "sorting_method": "lexicographical",
    "deleted_frames": "[]"
  }
},
{
  "model": "engine.data",
  "pk": 11,
  "fields": {
    "chunk_size": 72,
    "size": 11,
    "image_quality": 70,
    "start_frame": 0,
    "stop_frame": 10,
    "frame_filter": "",
    "compressed_chunk_type": "imageset",
    "original_chunk_type": "imageset",
    "storage_method": "cache",
    "storage": "local",
    "cloud_storage": null,
    "sorting_method": "lexicographical",
    "deleted_frames": "[]"
  }
},
{
  "model": "engine.data",
  "pk": 12,
  "fields": {
    "chunk_size": 72,
    "size": 5,
    "image_quality": 70,
    "start_frame": 0,
    "stop_frame": 4,
    "frame_filter": "",
    "compressed_chunk_type": "imageset",
    "original_chunk_type": "imageset",
    "storage_method": "cache",
    "storage": "local",
    "cloud_storage": null,
    "sorting_method": "lexicographical",
    "deleted_frames": "[]"
  }
},
{
  "model": "engine.data",
  "pk": 13,
  "fields": {
    "chunk_size": 72,
    "size": 8,
    "image_quality": 70,
    "start_frame": 0,
    "stop_frame": 7,
    "frame_filter": "",
    "compressed_chunk_type": "imageset",
    "original_chunk_type": "imageset",
    "storage_method": "cache",
    "storage": "local",
    "cloud_storage": null,
    "sorting_method": "lexicographical",
    "deleted_frames": "[]"
  }
},
{
  "model": "engine.data",
  "pk": 14,
  "fields": {
    "chunk_size": 72,
    "size": 25,
    "image_quality": 70,
    "start_frame": 0,
    "stop_frame": 24,
    "frame_filter": "",
    "compressed_chunk_type": "imageset",
    "original_chunk_type": "video",
    "storage_method": "cache",
    "storage": "local",
    "cloud_storage": null,
    "sorting_method": "lexicographical",
    "deleted_frames": "[]"
  }
},
{
  "model": "engine.data",
  "pk": 16,
  "fields": {
    "chunk_size": 72,
    "size": 5,
    "image_quality": 70,
    "start_frame": 0,
    "stop_frame": 4,
    "frame_filter": "",
    "compressed_chunk_type": "imageset",
    "original_chunk_type": "imageset",
    "storage_method": "cache",
    "storage": "local",
    "cloud_storage": null,
    "sorting_method": "lexicographical",
    "deleted_frames": "[]"
  }
},
{
  "model": "engine.data",
  "pk": 17,
  "fields": {
    "chunk_size": 72,
    "size": 2,
    "image_quality": 70,
    "start_frame": 0,
    "stop_frame": 1,
    "frame_filter": "",
    "compressed_chunk_type": "imageset",
    "original_chunk_type": "imageset",
    "storage_method": "cache",
    "storage": "local",
    "cloud_storage": null,
    "sorting_method": "lexicographical",
    "deleted_frames": "[]"
  }
},
{
  "model": "engine.data",
  "pk": 18,
  "fields": {
    "chunk_size": 72,
    "size": 2,
    "image_quality": 70,
    "start_frame": 0,
    "stop_frame": 1,
    "frame_filter": "",
    "compressed_chunk_type": "imageset",
    "original_chunk_type": "imageset",
    "storage_method": "cache",
    "storage": "local",
    "cloud_storage": null,
    "sorting_method": "lexicographical",
    "deleted_frames": "[]"
  }
},
{
  "model": "engine.data",
  "pk": 19,
  "fields": {
    "chunk_size": 72,
    "size": 2,
    "image_quality": 70,
    "start_frame": 0,
    "stop_frame": 1,
    "frame_filter": "",
    "compressed_chunk_type": "imageset",
    "original_chunk_type": "imageset",
    "storage_method": "cache",
    "storage": "local",
    "cloud_storage": null,
    "sorting_method": "lexicographical",
    "deleted_frames": "[]"
  }
},
{
  "model": "engine.data",
  "pk": 20,
  "fields": {
    "chunk_size": 72,
    "size": 10,
    "image_quality": 70,
    "start_frame": 0,
    "stop_frame": 9,
    "frame_filter": "",
    "compressed_chunk_type": "imageset",
    "original_chunk_type": "imageset",
    "storage_method": "cache",
    "storage": "local",
    "cloud_storage": null,
    "sorting_method": "lexicographical",
    "deleted_frames": "[]"
  }
},
{
  "model": "engine.video",
  "pk": 1,
  "fields": {
    "data": 5,
    "path": "test_video_1.mp4",
    "width": 1280,
    "height": 720
  }
},
{
  "model": "engine.video",
  "pk": 2,
  "fields": {
    "data": 14,
    "path": "test_video_1.mp4",
    "width": 1280,
    "height": 720
  }
},
{
  "model": "engine.image",
  "pk": 131,
  "fields": {
    "data": 2,
    "path": "118.png",
    "frame": 0,
    "width": 940,
    "height": 805
  }
},
{
  "model": "engine.image",
  "pk": 132,
  "fields": {
    "data": 2,
    "path": "119.png",
    "frame": 1,
    "width": 693,
    "height": 357
  }
},
{
  "model": "engine.image",
  "pk": 133,
  "fields": {
    "data": 2,
    "path": "120.png",
    "frame": 2,
    "width": 254,
    "height": 301
  }
},
{
  "model": "engine.image",
  "pk": 134,
  "fields": {
    "data": 2,
    "path": "121.png",
    "frame": 3,
    "width": 918,
    "height": 334
  }
},
{
  "model": "engine.image",
  "pk": 135,
  "fields": {
    "data": 2,
    "path": "122.png",
    "frame": 4,
    "width": 619,
    "height": 115
  }
},
{
  "model": "engine.image",
  "pk": 136,
  "fields": {
    "data": 2,
    "path": "123.png",
    "frame": 5,
    "width": 599,
    "height": 738
  }
},
{
  "model": "engine.image",
  "pk": 137,
  "fields": {
    "data": 2,
    "path": "124.png",
    "frame": 6,
    "width": 306,
    "height": 355
  }
},
{
  "model": "engine.image",
  "pk": 138,
  "fields": {
    "data": 2,
    "path": "125.png",
    "frame": 7,
    "width": 838,
    "height": 507
  }
},
{
  "model": "engine.image",
  "pk": 139,
  "fields": {
    "data": 2,
    "path": "126.png",
    "frame": 8,
    "width": 885,
    "height": 211
  }
},
{
  "model": "engine.image",
  "pk": 140,
  "fields": {
    "data": 2,
    "path": "127.png",
    "frame": 9,
    "width": 553,
    "height": 522
  }
},
{
  "model": "engine.image",
  "pk": 141,
  "fields": {
    "data": 2,
    "path": "128.png",
    "frame": 10,
    "width": 424,
    "height": 826
  }
},
{
  "model": "engine.image",
  "pk": 142,
  "fields": {
    "data": 2,
    "path": "129.png",
    "frame": 11,
    "width": 264,
    "height": 984
  }
},
{
  "model": "engine.image",
  "pk": 143,
  "fields": {
    "data": 2,
    "path": "130.png",
    "frame": 12,
    "width": 698,
    "height": 387
  }
},
{
  "model": "engine.image",
  "pk": 144,
  "fields": {
    "data": 2,
    "path": "131.png",
    "frame": 13,
    "width": 781,
    "height": 901
  }
},
{
  "model": "engine.image",
  "pk": 145,
  "fields": {
    "data": 2,
    "path": "132.png",
    "frame": 14,
    "width": 144,
    "height": 149
  }
},
{
  "model": "engine.image",
  "pk": 146,
  "fields": {
    "data": 2,
    "path": "133.png",
    "frame": 15,
    "width": 989,
    "height": 131
  }
},
{
  "model": "engine.image",
  "pk": 147,
  "fields": {
    "data": 2,
    "path": "134.png",
    "frame": 16,
    "width": 661,
    "height": 328
  }
},
{
  "model": "engine.image",
  "pk": 148,
  "fields": {
    "data": 2,
    "path": "135.png",
    "frame": 17,
    "width": 333,
    "height": 811
  }
},
{
  "model": "engine.image",
  "pk": 149,
  "fields": {
    "data": 2,
    "path": "136.png",
    "frame": 18,
    "width": 292,
    "height": 497
  }
},
{
  "model": "engine.image",
  "pk": 150,
  "fields": {
    "data": 2,
    "path": "137.png",
    "frame": 19,
    "width": 886,
    "height": 238
  }
},
{
  "model": "engine.image",
  "pk": 151,
  "fields": {
    "data": 2,
    "path": "138.png",
    "frame": 20,
    "width": 759,
    "height": 179
  }
},
{
  "model": "engine.image",
  "pk": 152,
  "fields": {
    "data": 2,
    "path": "139.png",
    "frame": 21,
    "width": 769,
    "height": 746
  }
},
{
  "model": "engine.image",
  "pk": 153,
  "fields": {
    "data": 2,
    "path": "140.png",
    "frame": 22,
    "width": 749,
    "height": 833
  }
},
{
  "model": "engine.image",
  "pk": 360,
  "fields": {
    "data": 6,
    "path": "test_pointcloud_pcd/pointcloud/000001.pcd",
    "frame": 0,
    "width": 100,
    "height": 1
  }
},
{
  "model": "engine.image",
  "pk": 361,
  "fields": {
    "data": 7,
    "path": "0.png",
    "frame": 0,
    "width": 827,
    "height": 983
  }
},
{
  "model": "engine.image",
  "pk": 362,
  "fields": {
    "data": 7,
    "path": "1.png",
    "frame": 1,
    "width": 467,
    "height": 547
  }
},
{
  "model": "engine.image",
  "pk": 363,
  "fields": {
    "data": 7,
    "path": "10.png",
    "frame": 2,
    "width": 598,
    "height": 202
  }
},
{
  "model": "engine.image",
  "pk": 364,
  "fields": {
    "data": 7,
    "path": "2.png",
    "frame": 3,
    "width": 449,
    "height": 276
  }
},
{
  "model": "engine.image",
  "pk": 365,
  "fields": {
    "data": 7,
    "path": "3.png",
    "frame": 4,
    "width": 170,
    "height": 999
  }
},
{
  "model": "engine.image",
  "pk": 366,
  "fields": {
    "data": 7,
    "path": "4.png",
    "frame": 5,
    "width": 473,
    "height": 471
  }
},
{
  "model": "engine.image",
  "pk": 367,
  "fields": {
    "data": 7,
    "path": "5.png",
    "frame": 6,
    "width": 607,
    "height": 745
  }
},
{
  "model": "engine.image",
  "pk": 368,
  "fields": {
    "data": 7,
    "path": "6.png",
    "frame": 7,
    "width": 853,
    "height": 578
  }
},
{
  "model": "engine.image",
  "pk": 369,
  "fields": {
    "data": 7,
    "path": "7.png",
    "frame": 8,
    "width": 823,
    "height": 270
  }
},
{
  "model": "engine.image",
  "pk": 370,
  "fields": {
    "data": 7,
    "path": "8.png",
    "frame": 9,
    "width": 545,
    "height": 179
  }
},
{
  "model": "engine.image",
  "pk": 371,
  "fields": {
    "data": 7,
    "path": "9.png",
    "frame": 10,
    "width": 827,
    "height": 932
  }
},
{
  "model": "engine.image",
  "pk": 372,
  "fields": {
    "data": 8,
    "path": "0.png",
    "frame": 0,
    "width": 836,
    "height": 636
  }
},
{
  "model": "engine.image",
  "pk": 373,
  "fields": {
    "data": 8,
    "path": "1.png",
    "frame": 1,
    "width": 396,
    "height": 350
  }
},
{
  "model": "engine.image",
  "pk": 374,
  "fields": {
    "data": 8,
    "path": "10.png",
    "frame": 2,
    "width": 177,
    "height": 862
  }
},
{
  "model": "engine.image",
  "pk": 375,
  "fields": {
    "data": 8,
    "path": "11.png",
    "frame": 3,
    "width": 318,
    "height": 925
  }
},
{
  "model": "engine.image",
  "pk": 376,
  "fields": {
    "data": 8,
    "path": "12.png",
    "frame": 4,
    "width": 734,
    "height": 832
  }
},
{
  "model": "engine.image",
  "pk": 377,
  "fields": {
    "data": 8,
    "path": "13.png",
    "frame": 5,
    "width": 925,
    "height": 934
  }
},
{
  "model": "engine.image",
  "pk": 378,
  "fields": {
    "data": 8,
    "path": "14.png",
    "frame": 6,
    "width": 851,
    "height": 270
  }
},
{
  "model": "engine.image",
  "pk": 379,
  "fields": {
    "data": 8,
    "path": "2.png",
    "frame": 7,
    "width": 776,
    "height": 610
  }
},
{
  "model": "engine.image",
  "pk": 380,
  "fields": {
    "data": 8,
    "path": "3.png",
    "frame": 8,
    "width": 293,
    "height": 265
  }
},
{
  "model": "engine.image",
  "pk": 381,
  "fields": {
    "data": 8,
    "path": "4.png",
    "frame": 9,
    "width": 333,
    "height": 805
  }
},
{
  "model": "engine.image",
  "pk": 382,
  "fields": {
    "data": 8,
    "path": "6.png",
    "frame": 10,
    "width": 403,
    "height": 478
  }
},
{
  "model": "engine.image",
  "pk": 383,
  "fields": {
    "data": 8,
    "path": "7.png",
    "frame": 11,
    "width": 585,
    "height": 721
  }
},
{
  "model": "engine.image",
  "pk": 384,
  "fields": {
    "data": 8,
    "path": "8.png",
    "frame": 12,
    "width": 639,
    "height": 570
  }
},
{
  "model": "engine.image",
  "pk": 385,
  "fields": {
    "data": 8,
    "path": "9.png",
    "frame": 13,
    "width": 894,
    "height": 278
  }
},
{
  "model": "engine.image",
  "pk": 386,
  "fields": {
    "data": 9,
    "path": "52.png",
    "frame": 0,
    "width": 220,
    "height": 596
  }
},
{
  "model": "engine.image",
  "pk": 387,
  "fields": {
    "data": 9,
    "path": "53.png",
    "frame": 1,
    "width": 749,
    "height": 967
  }
},
{
  "model": "engine.image",
  "pk": 388,
  "fields": {
    "data": 9,
    "path": "54.png",
    "frame": 2,
    "width": 961,
    "height": 670
  }
},
{
  "model": "engine.image",
  "pk": 389,
  "fields": {
    "data": 9,
    "path": "55.png",
    "frame": 3,
    "width": 393,
    "height": 736
  }
},
{
  "model": "engine.image",
  "pk": 390,
  "fields": {
    "data": 9,
    "path": "56.png",
    "frame": 4,
    "width": 650,
    "height": 140
  }
},
{
  "model": "engine.image",
  "pk": 391,
  "fields": {
    "data": 9,
    "path": "57.png",
    "frame": 5,
    "width": 199,
    "height": 710
  }
},
{
  "model": "engine.image",
  "pk": 392,
  "fields": {
    "data": 9,
    "path": "58.png",
    "frame": 6,
    "width": 948,
    "height": 659
  }
},
{
  "model": "engine.image",
  "pk": 393,
  "fields": {
    "data": 9,
    "path": "59.png",
    "frame": 7,
    "width": 837,
    "height": 367
  }
},
{
  "model": "engine.image",
  "pk": 394,
  "fields": {
    "data": 9,
    "path": "60.png",
    "frame": 8,
    "width": 257,
    "height": 265
  }
},
{
  "model": "engine.image",
  "pk": 395,
  "fields": {
    "data": 9,
    "path": "61.png",
    "frame": 9,
    "width": 104,
    "height": 811
  }
},
{
  "model": "engine.image",
  "pk": 396,
  "fields": {
    "data": 9,
    "path": "62.png",
    "frame": 10,
    "width": 665,
    "height": 512
  }
},
{
  "model": "engine.image",
  "pk": 397,
  "fields": {
    "data": 9,
    "path": "63.png",
    "frame": 11,
    "width": 234,
    "height": 975
  }
},
{
  "model": "engine.image",
  "pk": 398,
  "fields": {
    "data": 9,
    "path": "64.png",
    "frame": 12,
    "width": 809,
    "height": 350
  }
},
{
  "model": "engine.image",
  "pk": 399,
  "fields": {
    "data": 9,
    "path": "65.png",
    "frame": 13,
    "width": 359,
    "height": 943
  }
},
{
  "model": "engine.image",
  "pk": 400,
  "fields": {
    "data": 9,
    "path": "66.png",
    "frame": 14,
    "width": 782,
    "height": 383
  }
},
{
  "model": "engine.image",
  "pk": 401,
  "fields": {
    "data": 9,
    "path": "67.png",
    "frame": 15,
    "width": 571,
    "height": 945
  }
},
{
  "model": "engine.image",
  "pk": 402,
  "fields": {
    "data": 9,
    "path": "68.png",
    "frame": 16,
    "width": 414,
    "height": 212
  }
},
{
  "model": "engine.image",
  "pk": 403,
  "fields": {
    "data": 9,
    "path": "69.png",
    "frame": 17,
    "width": 680,
    "height": 583
  }
},
{
  "model": "engine.image",
  "pk": 404,
  "fields": {
    "data": 9,
    "path": "70.png",
    "frame": 18,
    "width": 779,
    "height": 877
  }
},
{
  "model": "engine.image",
  "pk": 405,
  "fields": {
    "data": 9,
    "path": "71.png",
    "frame": 19,
    "width": 411,
    "height": 672
  }
},
{
  "model": "engine.image",
  "pk": 417,
  "fields": {
    "data": 11,
    "path": "30.png",
    "frame": 0,
    "width": 810,
    "height": 399
  }
},
{
  "model": "engine.image",
  "pk": 418,
  "fields": {
    "data": 11,
    "path": "31.png",
    "frame": 1,
    "width": 916,
    "height": 158
  }
},
{
  "model": "engine.image",
  "pk": 419,
  "fields": {
    "data": 11,
    "path": "32.png",
    "frame": 2,
    "width": 936,
    "height": 182
  }
},
{
  "model": "engine.image",
  "pk": 420,
  "fields": {
    "data": 11,
    "path": "33.png",
    "frame": 3,
    "width": 783,
    "height": 433
  }
},
{
  "model": "engine.image",
  "pk": 421,
  "fields": {
    "data": 11,
    "path": "34.png",
    "frame": 4,
    "width": 231,
    "height": 121
  }
},
{
  "model": "engine.image",
  "pk": 422,
  "fields": {
    "data": 11,
    "path": "35.png",
    "frame": 5,
    "width": 721,
    "height": 705
  }
},
{
  "model": "engine.image",
  "pk": 423,
  "fields": {
    "data": 11,
    "path": "36.png",
    "frame": 6,
    "width": 631,
    "height": 225
  }
},
{
  "model": "engine.image",
  "pk": 424,
  "fields": {
    "data": 11,
    "path": "37.png",
    "frame": 7,
    "width": 540,
    "height": 167
  }
},
{
  "model": "engine.image",
  "pk": 425,
  "fields": {
    "data": 11,
    "path": "38.png",
    "frame": 8,
    "width": 203,
    "height": 211
  }
},
{
  "model": "engine.image",
  "pk": 426,
  "fields": {
    "data": 11,
    "path": "39.png",
    "frame": 9,
    "width": 677,
    "height": 144
  }
},
{
  "model": "engine.image",
  "pk": 427,
  "fields": {
    "data": 11,
    "path": "40.png",
    "frame": 10,
    "width": 697,
    "height": 954
  }
},
{
  "model": "engine.image",
  "pk": 428,
  "fields": {
    "data": 12,
    "path": "0.png",
    "frame": 0,
    "width": 974,
    "height": 452
  }
},
{
  "model": "engine.image",
  "pk": 429,
  "fields": {
    "data": 12,
    "path": "1.png",
    "frame": 1,
    "width": 783,
    "height": 760
  }
},
{
  "model": "engine.image",
  "pk": 430,
  "fields": {
    "data": 12,
    "path": "2.png",
    "frame": 2,
    "width": 528,
    "height": 458
  }
},
{
  "model": "engine.image",
  "pk": 431,
  "fields": {
    "data": 12,
    "path": "3.png",
    "frame": 3,
    "width": 520,
    "height": 350
  }
},
{
  "model": "engine.image",
  "pk": 432,
  "fields": {
    "data": 12,
    "path": "4.png",
    "frame": 4,
    "width": 569,
    "height": 483
  }
},
{
  "model": "engine.image",
  "pk": 433,
  "fields": {
    "data": 13,
    "path": "1.png",
    "frame": 0,
    "width": 783,
    "height": 760
  }
},
{
  "model": "engine.image",
  "pk": 434,
  "fields": {
    "data": 13,
    "path": "2.png",
    "frame": 1,
    "width": 528,
    "height": 458
  }
},
{
  "model": "engine.image",
  "pk": 435,
  "fields": {
    "data": 13,
    "path": "3.png",
    "frame": 2,
    "width": 520,
    "height": 350
  }
},
{
  "model": "engine.image",
  "pk": 436,
  "fields": {
    "data": 13,
    "path": "4.png",
    "frame": 3,
    "width": 569,
    "height": 483
  }
},
{
  "model": "engine.image",
  "pk": 437,
  "fields": {
    "data": 13,
    "path": "5.png",
    "frame": 4,
    "width": 514,
    "height": 935
  }
},
{
  "model": "engine.image",
  "pk": 438,
  "fields": {
    "data": 13,
    "path": "6.png",
    "frame": 5,
    "width": 502,
    "height": 705
  }
},
{
  "model": "engine.image",
  "pk": 439,
  "fields": {
    "data": 13,
    "path": "7.png",
    "frame": 6,
    "width": 541,
    "height": 825
  }
},
{
  "model": "engine.image",
  "pk": 440,
  "fields": {
    "data": 13,
    "path": "8.png",
    "frame": 7,
    "width": 883,
    "height": 208
  }
},
{
  "model": "engine.image",
  "pk": 446,
  "fields": {
    "data": 16,
    "path": "0.png",
    "frame": 0,
    "width": 974,
    "height": 452
  }
},
{
  "model": "engine.image",
  "pk": 447,
  "fields": {
    "data": 16,
    "path": "1.png",
    "frame": 1,
    "width": 783,
    "height": 760
  }
},
{
  "model": "engine.image",
  "pk": 448,
  "fields": {
    "data": 16,
    "path": "2.png",
    "frame": 2,
    "width": 528,
    "height": 458
  }
},
{
  "model": "engine.image",
  "pk": 449,
  "fields": {
    "data": 16,
    "path": "3.png",
    "frame": 3,
    "width": 520,
    "height": 350
  }
},
{
  "model": "engine.image",
  "pk": 450,
  "fields": {
    "data": 16,
    "path": "4.png",
    "frame": 4,
    "width": 569,
    "height": 483
  }
},
{
  "model": "engine.image",
  "pk": 451,
  "fields": {
    "data": 17,
    "path": "12.png",
    "frame": 0,
    "width": 607,
    "height": 668
  }
},
{
  "model": "engine.image",
  "pk": 452,
  "fields": {
    "data": 17,
    "path": "13.png",
    "frame": 1,
    "width": 483,
    "height": 483
  }
},
{
  "model": "engine.image",
  "pk": 453,
  "fields": {
    "data": 18,
    "path": "15.png",
    "frame": 0,
    "width": 982,
    "height": 376
  }
},
{
  "model": "engine.image",
  "pk": 454,
  "fields": {
    "data": 18,
    "path": "16.png",
    "frame": 1,
    "width": 565,
    "height": 365
  }
},
{
  "model": "engine.image",
  "pk": 455,
  "fields": {
    "data": 19,
    "path": "33.png",
    "frame": 0,
    "width": 339,
    "height": 351
  }
},
{
  "model": "engine.image",
  "pk": 456,
  "fields": {
    "data": 19,
    "path": "34.png",
    "frame": 1,
    "width": 944,
    "height": 271
  }
},
{
  "model": "engine.image",
  "pk": 457,
  "fields": {
    "data": 20,
    "path": "0.png",
    "frame": 0,
    "width": 865,
    "height": 401
  }
},
{
  "model": "engine.image",
  "pk": 458,
  "fields": {
    "data": 20,
    "path": "1.png",
    "frame": 1,
    "width": 912,
    "height": 346
  }
},
{
  "model": "engine.image",
  "pk": 459,
  "fields": {
    "data": 20,
    "path": "2.png",
    "frame": 2,
    "width": 681,
    "height": 460
  }
},
{
  "model": "engine.image",
  "pk": 460,
  "fields": {
    "data": 20,
    "path": "3.png",
    "frame": 3,
    "width": 844,
    "height": 192
  }
},
{
  "model": "engine.image",
  "pk": 461,
  "fields": {
    "data": 20,
    "path": "4.png",
    "frame": 4,
    "width": 462,
    "height": 252
  }
},
{
  "model": "engine.image",
  "pk": 462,
  "fields": {
    "data": 20,
    "path": "5.png",
    "frame": 5,
    "width": 191,
    "height": 376
  }
},
{
  "model": "engine.image",
  "pk": 463,
  "fields": {
    "data": 20,
    "path": "6.png",
    "frame": 6,
    "width": 333,
    "height": 257
  }
},
{
  "model": "engine.image",
  "pk": 464,
  "fields": {
    "data": 20,
    "path": "7.png",
    "frame": 7,
    "width": 474,
    "height": 619
  }
},
{
  "model": "engine.image",
  "pk": 465,
  "fields": {
    "data": 20,
    "path": "8.png",
    "frame": 8,
    "width": 809,
    "height": 543
  }
},
{
  "model": "engine.image",
  "pk": 466,
  "fields": {
    "data": 20,
    "path": "9.png",
    "frame": 9,
    "width": 993,
    "height": 151
  }
},
{
  "model": "engine.project",
  "pk": 1,
  "fields": {
    "name": "project1",
    "owner": [
      "business1"
    ],
    "assignee": [
      "user6"
    ],
    "bug_tracker": "",
    "created_date": "2021-12-14T19:46:37.969Z",
    "updated_date": "2022-11-03T13:57:25.895Z",
    "status": "annotation",
    "organization": null,
    "source_storage": null,
    "target_storage": null
  }
},
{
  "model": "engine.project",
  "pk": 2,
  "fields": {
    "name": "project2",
    "owner": [
      "business1"
    ],
    "assignee": [
      "user2"
    ],
    "bug_tracker": "",
    "created_date": "2021-12-14T19:52:37.278Z",
    "updated_date": "2022-06-30T08:56:45.601Z",
    "status": "annotation",
    "organization": 2,
    "source_storage": 3,
    "target_storage": 1
  }
},
{
  "model": "engine.project",
  "pk": 3,
  "fields": {
    "name": "project 3",
    "owner": [
      "user2"
    ],
    "assignee": [
      "user5"
    ],
    "bug_tracker": "",
    "created_date": "2022-03-28T13:05:24.659Z",
    "updated_date": "2022-03-28T13:06:09.283Z",
    "status": "annotation",
    "organization": 2,
    "source_storage": null,
    "target_storage": null
  }
},
{
  "model": "engine.project",
  "pk": 4,
  "fields": {
    "name": "project4",
    "owner": [
      "admin1"
    ],
    "assignee": null,
    "bug_tracker": "",
    "created_date": "2022-06-08T08:32:45.521Z",
    "updated_date": "2023-02-10T11:50:18.436Z",
    "status": "annotation",
    "organization": 2,
    "source_storage": null,
    "target_storage": null
  }
},
{
  "model": "engine.project",
  "pk": 5,
  "fields": {
    "name": "project5",
    "owner": [
      "admin1"
    ],
    "assignee": null,
    "bug_tracker": "",
    "created_date": "2022-09-22T14:21:53.791Z",
    "updated_date": "2022-09-28T12:26:49.493Z",
    "status": "annotation",
    "organization": 2,
    "source_storage": 5,
    "target_storage": 6
  }
},
{
  "model": "engine.project",
  "pk": 6,
  "fields": {
    "name": "user1_project",
    "owner": [
      "user1"
    ],
    "assignee": [
      "business4"
    ],
    "bug_tracker": "",
    "created_date": "2022-09-28T12:15:50.768Z",
    "updated_date": "2022-09-28T12:25:54.563Z",
    "status": "annotation",
    "organization": null,
    "source_storage": 9,
    "target_storage": 10
  }
},
{
  "model": "engine.project",
  "pk": 7,
  "fields": {
    "name": "admin1_project",
    "owner": [
      "admin1"
    ],
    "assignee": [
      "worker4"
    ],
    "bug_tracker": "",
    "created_date": "2022-09-28T12:26:25.296Z",
    "updated_date": "2022-09-28T12:26:29.285Z",
    "status": "annotation",
    "organization": null,
    "source_storage": 11,
    "target_storage": 12
  }
},
{
  "model": "engine.project",
  "pk": 8,
  "fields": {
    "name": "project with video data",
    "owner": [
      "admin1"
    ],
    "assignee": null,
    "bug_tracker": "",
    "created_date": "2022-12-01T12:52:42.454Z",
    "updated_date": "2022-12-01T12:53:34.917Z",
    "status": "annotation",
    "organization": null,
    "source_storage": 13,
    "target_storage": 14
  }
},
{
  "model": "engine.project",
  "pk": 10,
  "fields": {
    "name": "project 6",
    "owner": [
      "user3"
    ],
    "assignee": [
      "worker3"
    ],
    "bug_tracker": "",
    "created_date": "2023-02-10T11:42:43.192Z",
    "updated_date": "2023-02-10T11:42:57.733Z",
    "status": "annotation",
    "organization": 2,
    "source_storage": 19,
    "target_storage": 20
  }
},
{
  "model": "engine.project",
  "pk": 11,
  "fields": {
    "name": "project7",
    "owner": [
      "admin1"
    ],
    "assignee": null,
    "bug_tracker": "",
    "created_date": "2023-03-01T15:36:11.840Z",
    "updated_date": "2023-03-01T15:36:37.812Z",
    "status": "annotation",
    "organization": 2,
    "source_storage": 21,
    "target_storage": 22
  }
},
{
  "model": "engine.project",
  "pk": 12,
  "fields": {
    "name": "project with attributes",
    "owner": [
      "admin1"
    ],
    "assignee": null,
    "bug_tracker": "",
    "created_date": "2023-03-10T11:57:14.944Z",
    "updated_date": "2023-03-10T11:57:48.747Z",
    "status": "annotation",
    "organization": null,
    "source_storage": 27,
    "target_storage": 28
  }
},
{
  "model": "engine.project",
  "pk": 13,
  "fields": {
    "name": "project with attributes 2",
    "owner": [
      "admin1"
    ],
    "assignee": null,
    "bug_tracker": "",
    "created_date": "2023-03-10T11:58:04.216Z",
    "updated_date": "2023-03-10T11:58:04.216Z",
    "status": "annotation",
    "organization": null,
    "source_storage": 31,
    "target_storage": 32
  }
},
{
  "model": "engine.task",
  "pk": 2,
  "fields": {
    "project": null,
    "name": "task2",
    "mode": "annotation",
    "owner": [
      "user1"
    ],
    "assignee": [
      "worker2"
    ],
    "bug_tracker": "",
    "created_date": "2021-12-14T18:50:29.458Z",
    "updated_date": "2021-12-22T07:14:15.234Z",
    "overlap": 0,
    "segment_size": 23,
    "status": "annotation",
    "data": 2,
    "dimension": "2d",
    "subset": "",
    "organization": 1,
    "source_storage": null,
    "target_storage": null
  }
},
{
  "model": "engine.task",
  "pk": 5,
  "fields": {
    "project": null,
    "name": "task2",
    "mode": "interpolation",
    "owner": [
      "user1"
    ],
    "assignee": [
      "dummy2"
    ],
    "bug_tracker": "",
    "created_date": "2022-02-16T06:25:48.168Z",
    "updated_date": "2022-02-21T10:40:21.257Z",
    "overlap": 5,
    "segment_size": 25,
    "status": "annotation",
    "data": 5,
    "dimension": "2d",
    "subset": "",
    "organization": null,
    "source_storage": null,
    "target_storage": null
  }
},
{
  "model": "engine.task",
  "pk": 6,
  "fields": {
    "project": null,
    "name": "task3",
    "mode": "annotation",
    "owner": [
      "user1"
    ],
    "assignee": null,
    "bug_tracker": "",
    "created_date": "2022-02-16T06:26:54.631Z",
    "updated_date": "2022-02-16T06:26:54.836Z",
    "overlap": 0,
    "segment_size": 1,
    "status": "annotation",
    "data": 6,
    "dimension": "3d",
    "subset": "",
    "organization": null,
    "source_storage": null,
    "target_storage": null
  }
},
{
  "model": "engine.task",
  "pk": 7,
  "fields": {
    "project": null,
    "name": "task_2_org2",
    "mode": "annotation",
    "owner": [
      "business2"
    ],
    "assignee": [
      "worker2"
    ],
    "bug_tracker": "",
    "created_date": "2022-02-21T10:31:52.429Z",
    "updated_date": "2022-02-21T10:41:38.540Z",
    "overlap": 0,
    "segment_size": 11,
    "status": "annotation",
    "data": 7,
    "dimension": "2d",
    "subset": "",
    "organization": 2,
    "source_storage": null,
    "target_storage": null
  }
},
{
  "model": "engine.task",
  "pk": 8,
  "fields": {
    "project": null,
    "name": "task1",
    "mode": "annotation",
    "owner": [
      "user1"
    ],
    "assignee": [
      "worker4"
    ],
    "bug_tracker": "",
    "created_date": "2022-03-05T08:30:48.612Z",
    "updated_date": "2022-03-05T08:52:34.908Z",
    "overlap": 0,
    "segment_size": 14,
    "status": "annotation",
    "data": 8,
    "dimension": "2d",
    "subset": "",
    "organization": null,
    "source_storage": null,
    "target_storage": null
  }
},
{
  "model": "engine.task",
  "pk": 9,
  "fields": {
    "project": 1,
    "name": "task1_in_project1",
    "mode": "annotation",
    "owner": [
      "business1"
    ],
    "assignee": [
      "admin1"
    ],
    "bug_tracker": "",
    "created_date": "2022-03-05T09:33:10.420Z",
    "updated_date": "2022-11-03T13:57:26.007Z",
    "overlap": 0,
    "segment_size": 5,
    "status": "annotation",
    "data": 9,
    "dimension": "2d",
    "subset": "",
    "organization": null,
    "source_storage": null,
    "target_storage": null
  }
},
{
  "model": "engine.task",
  "pk": 11,
  "fields": {
    "project": 2,
    "name": "task1_in_project2",
    "mode": "annotation",
    "owner": [
      "business1"
    ],
    "assignee": [
      "user5"
    ],
    "bug_tracker": "",
    "created_date": "2022-03-05T10:32:19.149Z",
    "updated_date": "2022-06-30T08:56:45.594Z",
    "overlap": 0,
    "segment_size": 11,
    "status": "annotation",
    "data": 11,
    "dimension": "2d",
    "subset": "Train",
    "organization": 2,
    "source_storage": 4,
    "target_storage": 2
  }
},
{
  "model": "engine.task",
  "pk": 12,
  "fields": {
    "project": null,
    "name": "task_without_data",
    "mode": "",
    "owner": [
      "admin1"
    ],
    "assignee": null,
    "bug_tracker": "",
    "created_date": "2022-03-14T13:24:05.852Z",
    "updated_date": "2022-03-14T13:24:05.861Z",
    "overlap": null,
    "segment_size": 0,
    "status": "annotation",
    "data": null,
    "dimension": "2d",
    "subset": "",
    "organization": null,
    "source_storage": null,
    "target_storage": null
  }
},
{
  "model": "engine.task",
  "pk": 13,
  "fields": {
    "project": 4,
    "name": "task1_in_project4",
    "mode": "annotation",
    "owner": [
      "admin1"
    ],
    "assignee": [
      "user3"
    ],
    "bug_tracker": "",
    "created_date": "2022-06-08T08:33:06.505Z",
    "updated_date": "2023-02-10T11:50:18.414Z",
    "overlap": 0,
    "segment_size": 5,
    "status": "annotation",
    "data": 12,
    "dimension": "2d",
    "subset": "",
    "organization": 2,
    "source_storage": null,
    "target_storage": null
  }
},
{
  "model": "engine.task",
  "pk": 14,
  "fields": {
    "project": 5,
    "name": "task1 in project5",
    "mode": "annotation",
    "owner": [
      "admin1"
    ],
    "assignee": null,
    "bug_tracker": "https://bugtracker.localhost/task/12345",
    "created_date": "2022-09-22T14:22:25.820Z",
    "updated_date": "2022-09-23T11:57:02.300Z",
    "overlap": 0,
    "segment_size": 8,
    "status": "annotation",
    "data": 13,
    "dimension": "2d",
    "subset": "",
    "organization": 2,
    "source_storage": 7,
    "target_storage": 8
  }
},
{
  "model": "engine.task",
  "pk": 15,
  "fields": {
    "project": 8,
    "name": "task with video data",
    "mode": "interpolation",
    "owner": [
      "admin1"
    ],
    "assignee": null,
    "bug_tracker": "",
    "created_date": "2022-12-01T12:53:10.425Z",
    "updated_date": "2022-12-01T12:53:35.028Z",
    "overlap": 5,
    "segment_size": 25,
    "status": "annotation",
    "data": 14,
    "dimension": "2d",
    "subset": "",
    "organization": null,
    "source_storage": 15,
    "target_storage": 16
  }
},
{
  "model": "engine.task",
  "pk": 17,
  "fields": {
    "project": null,
    "name": "task_3_org2",
    "mode": "annotation",
    "owner": [
      "admin1"
    ],
    "assignee": [
      "user2"
    ],
    "bug_tracker": "",
    "created_date": "2023-02-10T14:05:25.947Z",
    "updated_date": "2023-02-10T14:08:05.873Z",
    "overlap": 0,
    "segment_size": 5,
    "status": "annotation",
    "data": 16,
    "dimension": "2d",
    "subset": "",
    "organization": 2,
    "source_storage": null,
    "target_storage": null
  }
},
{
  "model": "engine.task",
  "pk": 18,
  "fields": {
    "project": 11,
    "name": "task in project7",
    "mode": "annotation",
    "owner": [
      "admin1"
    ],
    "assignee": null,
    "bug_tracker": "",
    "created_date": "2023-03-01T15:36:26.668Z",
    "updated_date": "2023-03-01T15:36:37.897Z",
    "overlap": 0,
    "segment_size": 2,
    "status": "annotation",
    "data": 17,
    "dimension": "2d",
    "subset": "",
    "organization": 2,
    "source_storage": 23,
    "target_storage": 24
  }
},
{
  "model": "engine.task",
  "pk": 19,
  "fields": {
    "project": null,
    "name": "task with attributes",
    "mode": "annotation",
    "owner": [
      "admin1"
    ],
    "assignee": null,
    "bug_tracker": "",
    "created_date": "2023-03-10T11:56:33.757Z",
    "updated_date": "2023-03-10T11:56:54.904Z",
    "overlap": 0,
    "segment_size": 2,
    "status": "annotation",
    "data": 18,
    "dimension": "2d",
    "subset": "",
    "organization": null,
    "source_storage": 25,
    "target_storage": 26
  }
},
{
  "model": "engine.task",
  "pk": 20,
  "fields": {
    "project": 12,
    "name": "task in project with attributes",
    "mode": "annotation",
    "owner": [
      "admin1"
    ],
    "assignee": null,
    "bug_tracker": "",
    "created_date": "2023-03-10T11:57:31.614Z",
    "updated_date": "2023-03-10T11:57:48.835Z",
    "overlap": 0,
    "segment_size": 2,
    "status": "annotation",
    "data": 19,
    "dimension": "2d",
    "subset": "",
    "organization": null,
    "source_storage": 29,
    "target_storage": 30
  }
},
{
  "model": "engine.task",
  "pk": 21,
  "fields": {
    "project": null,
    "name": "task with several jobs",
    "mode": "annotation",
    "owner": [
      "admin1"
    ],
    "assignee": null,
    "bug_tracker": "",
    "created_date": "2023-03-27T19:08:07.649Z",
    "updated_date": "2023-03-27T19:08:40.032Z",
    "overlap": 0,
    "segment_size": 6,
    "status": "annotation",
    "data": 20,
    "dimension": "2d",
    "subset": "",
    "organization": null,
    "source_storage": 33,
    "target_storage": 34
  }
},
{
  "model": "engine.clientfile",
  "pk": 131,
  "fields": {
    "data": 2,
    "file": "/home/django/data/data/2/raw/120.png"
  }
},
{
  "model": "engine.clientfile",
  "pk": 132,
  "fields": {
    "data": 2,
    "file": "/home/django/data/data/2/raw/127.png"
  }
},
{
  "model": "engine.clientfile",
  "pk": 133,
  "fields": {
    "data": 2,
    "file": "/home/django/data/data/2/raw/124.png"
  }
},
{
  "model": "engine.clientfile",
  "pk": 134,
  "fields": {
    "data": 2,
    "file": "/home/django/data/data/2/raw/133.png"
  }
},
{
  "model": "engine.clientfile",
  "pk": 135,
  "fields": {
    "data": 2,
    "file": "/home/django/data/data/2/raw/131.png"
  }
},
{
  "model": "engine.clientfile",
  "pk": 136,
  "fields": {
    "data": 2,
    "file": "/home/django/data/data/2/raw/125.png"
  }
},
{
  "model": "engine.clientfile",
  "pk": 137,
  "fields": {
    "data": 2,
    "file": "/home/django/data/data/2/raw/121.png"
  }
},
{
  "model": "engine.clientfile",
  "pk": 138,
  "fields": {
    "data": 2,
    "file": "/home/django/data/data/2/raw/122.png"
  }
},
{
  "model": "engine.clientfile",
  "pk": 139,
  "fields": {
    "data": 2,
    "file": "/home/django/data/data/2/raw/126.png"
  }
},
{
  "model": "engine.clientfile",
  "pk": 140,
  "fields": {
    "data": 2,
    "file": "/home/django/data/data/2/raw/130.png"
  }
},
{
  "model": "engine.clientfile",
  "pk": 141,
  "fields": {
    "data": 2,
    "file": "/home/django/data/data/2/raw/123.png"
  }
},
{
  "model": "engine.clientfile",
  "pk": 142,
  "fields": {
    "data": 2,
    "file": "/home/django/data/data/2/raw/132.png"
  }
},
{
  "model": "engine.clientfile",
  "pk": 143,
  "fields": {
    "data": 2,
    "file": "/home/django/data/data/2/raw/119.png"
  }
},
{
  "model": "engine.clientfile",
  "pk": 144,
  "fields": {
    "data": 2,
    "file": "/home/django/data/data/2/raw/137.png"
  }
},
{
  "model": "engine.clientfile",
  "pk": 145,
  "fields": {
    "data": 2,
    "file": "/home/django/data/data/2/raw/129.png"
  }
},
{
  "model": "engine.clientfile",
  "pk": 146,
  "fields": {
    "data": 2,
    "file": "/home/django/data/data/2/raw/118.png"
  }
},
{
  "model": "engine.clientfile",
  "pk": 147,
  "fields": {
    "data": 2,
    "file": "/home/django/data/data/2/raw/135.png"
  }
},
{
  "model": "engine.clientfile",
  "pk": 148,
  "fields": {
    "data": 2,
    "file": "/home/django/data/data/2/raw/140.png"
  }
},
{
  "model": "engine.clientfile",
  "pk": 149,
  "fields": {
    "data": 2,
    "file": "/home/django/data/data/2/raw/139.png"
  }
},
{
  "model": "engine.clientfile",
  "pk": 150,
  "fields": {
    "data": 2,
    "file": "/home/django/data/data/2/raw/136.png"
  }
},
{
  "model": "engine.clientfile",
  "pk": 151,
  "fields": {
    "data": 2,
    "file": "/home/django/data/data/2/raw/128.png"
  }
},
{
  "model": "engine.clientfile",
  "pk": 152,
  "fields": {
    "data": 2,
    "file": "/home/django/data/data/2/raw/138.png"
  }
},
{
  "model": "engine.clientfile",
  "pk": 153,
  "fields": {
    "data": 2,
    "file": "/home/django/data/data/2/raw/134.png"
  }
},
{
  "model": "engine.clientfile",
  "pk": 360,
  "fields": {
    "data": 5,
    "file": "/home/django/data/data/5/raw/test_video_1.mp4"
  }
},
{
  "model": "engine.clientfile",
  "pk": 361,
  "fields": {
    "data": 6,
    "file": "/home/django/data/data/6/raw/test_pointcloud_pcd.zip"
  }
},
{
  "model": "engine.clientfile",
  "pk": 362,
  "fields": {
    "data": 7,
    "file": "/home/django/data/data/7/raw/10.png"
  }
},
{
  "model": "engine.clientfile",
  "pk": 363,
  "fields": {
    "data": 7,
    "file": "/home/django/data/data/7/raw/3.png"
  }
},
{
  "model": "engine.clientfile",
  "pk": 364,
  "fields": {
    "data": 7,
    "file": "/home/django/data/data/7/raw/9.png"
  }
},
{
  "model": "engine.clientfile",
  "pk": 365,
  "fields": {
    "data": 7,
    "file": "/home/django/data/data/7/raw/6.png"
  }
},
{
  "model": "engine.clientfile",
  "pk": 366,
  "fields": {
    "data": 7,
    "file": "/home/django/data/data/7/raw/0.png"
  }
},
{
  "model": "engine.clientfile",
  "pk": 367,
  "fields": {
    "data": 7,
    "file": "/home/django/data/data/7/raw/8.png"
  }
},
{
  "model": "engine.clientfile",
  "pk": 368,
  "fields": {
    "data": 7,
    "file": "/home/django/data/data/7/raw/2.png"
  }
},
{
  "model": "engine.clientfile",
  "pk": 369,
  "fields": {
    "data": 7,
    "file": "/home/django/data/data/7/raw/7.png"
  }
},
{
  "model": "engine.clientfile",
  "pk": 370,
  "fields": {
    "data": 7,
    "file": "/home/django/data/data/7/raw/5.png"
  }
},
{
  "model": "engine.clientfile",
  "pk": 371,
  "fields": {
    "data": 7,
    "file": "/home/django/data/data/7/raw/1.png"
  }
},
{
  "model": "engine.clientfile",
  "pk": 372,
  "fields": {
    "data": 7,
    "file": "/home/django/data/data/7/raw/4.png"
  }
},
{
  "model": "engine.clientfile",
  "pk": 373,
  "fields": {
    "data": 8,
    "file": "/home/django/data/data/8/raw/10.png"
  }
},
{
  "model": "engine.clientfile",
  "pk": 374,
  "fields": {
    "data": 8,
    "file": "/home/django/data/data/8/raw/3.png"
  }
},
{
  "model": "engine.clientfile",
  "pk": 375,
  "fields": {
    "data": 8,
    "file": "/home/django/data/data/8/raw/9.png"
  }
},
{
  "model": "engine.clientfile",
  "pk": 376,
  "fields": {
    "data": 8,
    "file": "/home/django/data/data/8/raw/6.png"
  }
},
{
  "model": "engine.clientfile",
  "pk": 377,
  "fields": {
    "data": 8,
    "file": "/home/django/data/data/8/raw/13.png"
  }
},
{
  "model": "engine.clientfile",
  "pk": 378,
  "fields": {
    "data": 8,
    "file": "/home/django/data/data/8/raw/0.png"
  }
},
{
  "model": "engine.clientfile",
  "pk": 379,
  "fields": {
    "data": 8,
    "file": "/home/django/data/data/8/raw/12.png"
  }
},
{
  "model": "engine.clientfile",
  "pk": 380,
  "fields": {
    "data": 8,
    "file": "/home/django/data/data/8/raw/8.png"
  }
},
{
  "model": "engine.clientfile",
  "pk": 381,
  "fields": {
    "data": 8,
    "file": "/home/django/data/data/8/raw/2.png"
  }
},
{
  "model": "engine.clientfile",
  "pk": 382,
  "fields": {
    "data": 8,
    "file": "/home/django/data/data/8/raw/7.png"
  }
},
{
  "model": "engine.clientfile",
  "pk": 383,
  "fields": {
    "data": 8,
    "file": "/home/django/data/data/8/raw/1.png"
  }
},
{
  "model": "engine.clientfile",
  "pk": 384,
  "fields": {
    "data": 8,
    "file": "/home/django/data/data/8/raw/4.png"
  }
},
{
  "model": "engine.clientfile",
  "pk": 385,
  "fields": {
    "data": 8,
    "file": "/home/django/data/data/8/raw/11.png"
  }
},
{
  "model": "engine.clientfile",
  "pk": 386,
  "fields": {
    "data": 8,
    "file": "/home/django/data/data/8/raw/14.png"
  }
},
{
  "model": "engine.clientfile",
  "pk": 387,
  "fields": {
    "data": 9,
    "file": "/home/django/data/data/9/raw/53.png"
  }
},
{
  "model": "engine.clientfile",
  "pk": 388,
  "fields": {
    "data": 9,
    "file": "/home/django/data/data/9/raw/52.png"
  }
},
{
  "model": "engine.clientfile",
  "pk": 389,
  "fields": {
    "data": 9,
    "file": "/home/django/data/data/9/raw/59.png"
  }
},
{
  "model": "engine.clientfile",
  "pk": 390,
  "fields": {
    "data": 9,
    "file": "/home/django/data/data/9/raw/65.png"
  }
},
{
  "model": "engine.clientfile",
  "pk": 391,
  "fields": {
    "data": 9,
    "file": "/home/django/data/data/9/raw/57.png"
  }
},
{
  "model": "engine.clientfile",
  "pk": 392,
  "fields": {
    "data": 9,
    "file": "/home/django/data/data/9/raw/71.png"
  }
},
{
  "model": "engine.clientfile",
  "pk": 393,
  "fields": {
    "data": 9,
    "file": "/home/django/data/data/9/raw/61.png"
  }
},
{
  "model": "engine.clientfile",
  "pk": 394,
  "fields": {
    "data": 9,
    "file": "/home/django/data/data/9/raw/58.png"
  }
},
{
  "model": "engine.clientfile",
  "pk": 395,
  "fields": {
    "data": 9,
    "file": "/home/django/data/data/9/raw/68.png"
  }
},
{
  "model": "engine.clientfile",
  "pk": 396,
  "fields": {
    "data": 9,
    "file": "/home/django/data/data/9/raw/70.png"
  }
},
{
  "model": "engine.clientfile",
  "pk": 397,
  "fields": {
    "data": 9,
    "file": "/home/django/data/data/9/raw/55.png"
  }
},
{
  "model": "engine.clientfile",
  "pk": 398,
  "fields": {
    "data": 9,
    "file": "/home/django/data/data/9/raw/62.png"
  }
},
{
  "model": "engine.clientfile",
  "pk": 399,
  "fields": {
    "data": 9,
    "file": "/home/django/data/data/9/raw/67.png"
  }
},
{
  "model": "engine.clientfile",
  "pk": 400,
  "fields": {
    "data": 9,
    "file": "/home/django/data/data/9/raw/63.png"
  }
},
{
  "model": "engine.clientfile",
  "pk": 401,
  "fields": {
    "data": 9,
    "file": "/home/django/data/data/9/raw/64.png"
  }
},
{
  "model": "engine.clientfile",
  "pk": 402,
  "fields": {
    "data": 9,
    "file": "/home/django/data/data/9/raw/69.png"
  }
},
{
  "model": "engine.clientfile",
  "pk": 403,
  "fields": {
    "data": 9,
    "file": "/home/django/data/data/9/raw/56.png"
  }
},
{
  "model": "engine.clientfile",
  "pk": 404,
  "fields": {
    "data": 9,
    "file": "/home/django/data/data/9/raw/66.png"
  }
},
{
  "model": "engine.clientfile",
  "pk": 405,
  "fields": {
    "data": 9,
    "file": "/home/django/data/data/9/raw/54.png"
  }
},
{
  "model": "engine.clientfile",
  "pk": 406,
  "fields": {
    "data": 9,
    "file": "/home/django/data/data/9/raw/60.png"
  }
},
{
  "model": "engine.clientfile",
  "pk": 418,
  "fields": {
    "data": 11,
    "file": "/home/django/data/data/11/raw/30.png"
  }
},
{
  "model": "engine.clientfile",
  "pk": 419,
  "fields": {
    "data": 11,
    "file": "/home/django/data/data/11/raw/36.png"
  }
},
{
  "model": "engine.clientfile",
  "pk": 420,
  "fields": {
    "data": 11,
    "file": "/home/django/data/data/11/raw/40.png"
  }
},
{
  "model": "engine.clientfile",
  "pk": 421,
  "fields": {
    "data": 11,
    "file": "/home/django/data/data/11/raw/34.png"
  }
},
{
  "model": "engine.clientfile",
  "pk": 422,
  "fields": {
    "data": 11,
    "file": "/home/django/data/data/11/raw/31.png"
  }
},
{
  "model": "engine.clientfile",
  "pk": 423,
  "fields": {
    "data": 11,
    "file": "/home/django/data/data/11/raw/38.png"
  }
},
{
  "model": "engine.clientfile",
  "pk": 424,
  "fields": {
    "data": 11,
    "file": "/home/django/data/data/11/raw/39.png"
  }
},
{
  "model": "engine.clientfile",
  "pk": 425,
  "fields": {
    "data": 11,
    "file": "/home/django/data/data/11/raw/33.png"
  }
},
{
  "model": "engine.clientfile",
  "pk": 426,
  "fields": {
    "data": 11,
    "file": "/home/django/data/data/11/raw/35.png"
  }
},
{
  "model": "engine.clientfile",
  "pk": 427,
  "fields": {
    "data": 11,
    "file": "/home/django/data/data/11/raw/32.png"
  }
},
{
  "model": "engine.clientfile",
  "pk": 428,
  "fields": {
    "data": 11,
    "file": "/home/django/data/data/11/raw/37.png"
  }
},
{
  "model": "engine.clientfile",
  "pk": 429,
  "fields": {
    "data": 12,
    "file": "/home/django/data/data/12/raw/4.png"
  }
},
{
  "model": "engine.clientfile",
  "pk": 430,
  "fields": {
    "data": 12,
    "file": "/home/django/data/data/12/raw/0.png"
  }
},
{
  "model": "engine.clientfile",
  "pk": 431,
  "fields": {
    "data": 12,
    "file": "/home/django/data/data/12/raw/1.png"
  }
},
{
  "model": "engine.clientfile",
  "pk": 432,
  "fields": {
    "data": 12,
    "file": "/home/django/data/data/12/raw/3.png"
  }
},
{
  "model": "engine.clientfile",
  "pk": 433,
  "fields": {
    "data": 12,
    "file": "/home/django/data/data/12/raw/2.png"
  }
},
{
  "model": "engine.clientfile",
  "pk": 434,
  "fields": {
    "data": 13,
    "file": "/home/django/data/data/13/raw/6.png"
  }
},
{
  "model": "engine.clientfile",
  "pk": 435,
  "fields": {
    "data": 13,
    "file": "/home/django/data/data/13/raw/4.png"
  }
},
{
  "model": "engine.clientfile",
  "pk": 436,
  "fields": {
    "data": 13,
    "file": "/home/django/data/data/13/raw/7.png"
  }
},
{
  "model": "engine.clientfile",
  "pk": 437,
  "fields": {
    "data": 13,
    "file": "/home/django/data/data/13/raw/1.png"
  }
},
{
  "model": "engine.clientfile",
  "pk": 438,
  "fields": {
    "data": 13,
    "file": "/home/django/data/data/13/raw/3.png"
  }
},
{
  "model": "engine.clientfile",
  "pk": 439,
  "fields": {
    "data": 13,
    "file": "/home/django/data/data/13/raw/8.png"
  }
},
{
  "model": "engine.clientfile",
  "pk": 440,
  "fields": {
    "data": 13,
    "file": "/home/django/data/data/13/raw/5.png"
  }
},
{
  "model": "engine.clientfile",
  "pk": 441,
  "fields": {
    "data": 13,
    "file": "/home/django/data/data/13/raw/2.png"
  }
},
{
  "model": "engine.clientfile",
  "pk": 442,
  "fields": {
    "data": 14,
    "file": "/home/django/data/data/14/raw/test_video_1.mp4"
  }
},
{
  "model": "engine.clientfile",
  "pk": 443,
  "fields": {
    "data": 17,
    "file": "/home/django/data/data/17/raw/12.png"
  }
},
{
  "model": "engine.clientfile",
  "pk": 444,
  "fields": {
    "data": 17,
    "file": "/home/django/data/data/17/raw/13.png"
  }
},
{
  "model": "engine.clientfile",
  "pk": 445,
  "fields": {
    "data": 18,
    "file": "/home/django/data/data/18/raw/16.png"
  }
},
{
  "model": "engine.clientfile",
  "pk": 446,
  "fields": {
    "data": 18,
    "file": "/home/django/data/data/18/raw/15.png"
  }
},
{
  "model": "engine.clientfile",
  "pk": 447,
  "fields": {
    "data": 19,
    "file": "/home/django/data/data/19/raw/33.png"
  }
},
{
  "model": "engine.clientfile",
  "pk": 448,
  "fields": {
    "data": 19,
    "file": "/home/django/data/data/19/raw/34.png"
  }
},
{
  "model": "engine.clientfile",
  "pk": 449,
  "fields": {
    "data": 20,
    "file": "/home/django/data/data/20/raw/3.png"
  }
},
{
  "model": "engine.clientfile",
  "pk": 450,
  "fields": {
    "data": 20,
    "file": "/home/django/data/data/20/raw/2.png"
  }
},
{
  "model": "engine.clientfile",
  "pk": 451,
  "fields": {
    "data": 20,
    "file": "/home/django/data/data/20/raw/5.png"
  }
},
{
  "model": "engine.clientfile",
  "pk": 452,
  "fields": {
    "data": 20,
    "file": "/home/django/data/data/20/raw/8.png"
  }
},
{
  "model": "engine.clientfile",
  "pk": 453,
  "fields": {
    "data": 20,
    "file": "/home/django/data/data/20/raw/9.png"
  }
},
{
  "model": "engine.clientfile",
  "pk": 454,
  "fields": {
    "data": 20,
    "file": "/home/django/data/data/20/raw/4.png"
  }
},
{
  "model": "engine.clientfile",
  "pk": 455,
  "fields": {
    "data": 20,
    "file": "/home/django/data/data/20/raw/6.png"
  }
},
{
  "model": "engine.clientfile",
  "pk": 456,
  "fields": {
    "data": 20,
    "file": "/home/django/data/data/20/raw/0.png"
  }
},
{
  "model": "engine.clientfile",
  "pk": 457,
  "fields": {
    "data": 20,
    "file": "/home/django/data/data/20/raw/1.png"
  }
},
{
  "model": "engine.clientfile",
  "pk": 458,
  "fields": {
    "data": 20,
    "file": "/home/django/data/data/20/raw/7.png"
  }
},
{
  "model": "engine.relatedfile",
  "pk": 1,
  "fields": {
    "data": 6,
    "path": "/home/django/data/data/6/raw/test_pointcloud_pcd/related_images/000001_pcd/000001.png",
    "primary_image": 360
  }
},
{
  "model": "engine.segment",
  "pk": 2,
  "fields": {
    "task": 2,
    "start_frame": 0,
    "stop_frame": 22
  }
},
{
  "model": "engine.segment",
  "pk": 7,
  "fields": {
    "task": 5,
    "start_frame": 0,
    "stop_frame": 24
  }
},
{
  "model": "engine.segment",
  "pk": 8,
  "fields": {
    "task": 6,
    "start_frame": 0,
    "stop_frame": 0
  }
},
{
  "model": "engine.segment",
  "pk": 9,
  "fields": {
    "task": 7,
    "start_frame": 0,
    "stop_frame": 10
  }
},
{
  "model": "engine.segment",
  "pk": 10,
  "fields": {
    "task": 8,
    "start_frame": 0,
    "stop_frame": 13
  }
},
{
  "model": "engine.segment",
  "pk": 11,
  "fields": {
    "task": 9,
    "start_frame": 0,
    "stop_frame": 4
  }
},
{
  "model": "engine.segment",
  "pk": 12,
  "fields": {
    "task": 9,
    "start_frame": 5,
    "stop_frame": 9
  }
},
{
  "model": "engine.segment",
  "pk": 13,
  "fields": {
    "task": 9,
    "start_frame": 10,
    "stop_frame": 14
  }
},
{
  "model": "engine.segment",
  "pk": 14,
  "fields": {
    "task": 9,
    "start_frame": 15,
    "stop_frame": 19
  }
},
{
  "model": "engine.segment",
  "pk": 16,
  "fields": {
    "task": 11,
    "start_frame": 0,
    "stop_frame": 10
  }
},
{
  "model": "engine.segment",
  "pk": 17,
  "fields": {
    "task": 13,
    "start_frame": 0,
    "stop_frame": 4
  }
},
{
  "model": "engine.segment",
  "pk": 18,
  "fields": {
    "task": 14,
    "start_frame": 0,
    "stop_frame": 7
  }
},
{
  "model": "engine.segment",
  "pk": 19,
  "fields": {
    "task": 15,
    "start_frame": 0,
    "stop_frame": 24
  }
},
{
  "model": "engine.segment",
  "pk": 21,
  "fields": {
    "task": 17,
    "start_frame": 0,
    "stop_frame": 4
  }
},
{
  "model": "engine.segment",
  "pk": 22,
  "fields": {
    "task": 18,
    "start_frame": 0,
    "stop_frame": 1
  }
},
{
  "model": "engine.segment",
  "pk": 23,
  "fields": {
    "task": 19,
    "start_frame": 0,
    "stop_frame": 1
  }
},
{
  "model": "engine.segment",
  "pk": 24,
  "fields": {
    "task": 20,
    "start_frame": 0,
    "stop_frame": 1
  }
},
{
  "model": "engine.segment",
  "pk": 25,
  "fields": {
    "task": 21,
    "start_frame": 0,
    "stop_frame": 5
  }
},
{
  "model": "engine.segment",
  "pk": 26,
  "fields": {
    "task": 21,
    "start_frame": 6,
    "stop_frame": 9
  }
},
{
  "model": "engine.job",
  "pk": 2,
  "fields": {
    "segment": 2,
    "assignee": [
      "worker1"
    ],
    "updated_date": "2022-06-22T09:18:45.296Z",
    "status": "annotation",
    "stage": "annotation",
    "state": "new"
  }
},
{
  "model": "engine.job",
  "pk": 7,
  "fields": {
    "segment": 7,
    "assignee": [
      "worker4"
    ],
    "updated_date": "2022-06-22T09:18:45.296Z",
    "status": "annotation",
    "stage": "annotation",
    "state": "in progress"
  }
},
{
  "model": "engine.job",
  "pk": 8,
  "fields": {
    "segment": 8,
    "assignee": null,
    "updated_date": "2022-06-22T09:18:45.296Z",
    "status": "annotation",
    "stage": "annotation",
    "state": "new"
  }
},
{
  "model": "engine.job",
  "pk": 9,
  "fields": {
    "segment": 9,
    "assignee": null,
    "updated_date": "2022-06-22T09:18:45.296Z",
    "status": "annotation",
    "stage": "annotation",
    "state": "in progress"
  }
},
{
  "model": "engine.job",
  "pk": 10,
  "fields": {
    "segment": 10,
    "assignee": [
      "admin1"
    ],
    "updated_date": "2022-06-22T09:18:45.296Z",
    "status": "annotation",
    "stage": "annotation",
    "state": "in progress"
  }
},
{
  "model": "engine.job",
  "pk": 11,
  "fields": {
    "segment": 11,
    "assignee": [
      "worker4"
    ],
    "updated_date": "2022-06-22T09:18:45.296Z",
    "status": "annotation",
    "stage": "annotation",
    "state": "in progress"
  }
},
{
  "model": "engine.job",
  "pk": 12,
  "fields": {
    "segment": 12,
    "assignee": null,
    "updated_date": "2022-06-22T09:18:45.296Z",
    "status": "validation",
    "stage": "validation",
    "state": "new"
  }
},
{
  "model": "engine.job",
  "pk": 13,
  "fields": {
    "segment": 13,
    "assignee": null,
    "updated_date": "2022-06-22T09:18:45.296Z",
    "status": "validation",
    "stage": "acceptance",
    "state": "new"
  }
},
{
  "model": "engine.job",
  "pk": 14,
  "fields": {
    "segment": 14,
    "assignee": null,
    "updated_date": "2022-11-03T13:57:26.346Z",
    "status": "annotation",
    "stage": "annotation",
    "state": "in progress"
  }
},
{
  "model": "engine.job",
  "pk": 16,
  "fields": {
    "segment": 16,
    "assignee": [
      "worker2"
    ],
    "updated_date": "2022-06-22T09:18:45.296Z",
    "status": "annotation",
    "stage": "annotation",
    "state": "in progress"
  }
},
{
  "model": "engine.job",
  "pk": 17,
  "fields": {
    "segment": 17,
    "assignee": null,
    "updated_date": "2022-12-05T07:47:01.633Z",
    "status": "annotation",
    "stage": "annotation",
    "state": "in progress"
  }
},
{
  "model": "engine.job",
  "pk": 18,
  "fields": {
    "segment": 18,
    "assignee": null,
    "updated_date": "2022-09-23T11:57:02.302Z",
    "status": "annotation",
    "stage": "annotation",
    "state": "in progress"
  }
},
{
  "model": "engine.job",
  "pk": 19,
  "fields": {
    "segment": 19,
    "assignee": null,
    "updated_date": "2022-12-01T12:53:35.354Z",
    "status": "annotation",
    "stage": "annotation",
    "state": "in progress"
  }
},
{
  "model": "engine.job",
  "pk": 21,
  "fields": {
    "segment": 21,
    "assignee": null,
    "updated_date": "2023-02-10T14:05:26.022Z",
    "status": "annotation",
    "stage": "annotation",
    "state": "new"
  }
},
{
  "model": "engine.job",
  "pk": 22,
  "fields": {
    "segment": 22,
    "assignee": null,
    "updated_date": "2023-03-01T15:36:38.114Z",
    "status": "annotation",
    "stage": "annotation",
    "state": "in progress"
  }
},
{
  "model": "engine.job",
  "pk": 23,
  "fields": {
    "segment": 23,
    "assignee": null,
    "updated_date": "2023-03-10T11:56:55.066Z",
    "status": "annotation",
    "stage": "annotation",
    "state": "in progress"
  }
},
{
  "model": "engine.job",
  "pk": 24,
  "fields": {
    "segment": 24,
    "assignee": null,
    "updated_date": "2023-03-10T11:57:49.019Z",
    "status": "annotation",
    "stage": "annotation",
    "state": "in progress"
  }
},
{
  "model": "engine.job",
  "pk": 25,
  "fields": {
    "segment": 25,
    "assignee": null,
    "updated_date": "2023-03-27T19:08:27.216Z",
    "status": "annotation",
    "stage": "annotation",
    "state": "in progress"
  }
},
{
  "model": "engine.job",
  "pk": 26,
  "fields": {
    "segment": 26,
    "assignee": null,
    "updated_date": "2023-03-27T19:08:40.166Z",
    "status": "annotation",
    "stage": "annotation",
    "state": "in progress"
  }
},
{
  "model": "engine.label",
  "pk": 3,
  "fields": {
    "task": 2,
    "project": null,
    "name": "car",
    "color": "#2080c0",
    "type": "any",
    "parent": null
  }
},
{
  "model": "engine.label",
  "pk": 4,
  "fields": {
    "task": 2,
    "project": null,
    "name": "person",
    "color": "#c06060",
    "type": "any",
    "parent": null
  }
},
{
  "model": "engine.label",
  "pk": 5,
  "fields": {
    "task": null,
    "project": 1,
    "name": "car",
    "color": "#2080c0",
    "type": "any",
    "parent": null
  }
},
{
  "model": "engine.label",
  "pk": 6,
  "fields": {
    "task": null,
    "project": 1,
    "name": "person",
    "color": "#c06060",
    "type": "any",
    "parent": null
  }
},
{
  "model": "engine.label",
  "pk": 7,
  "fields": {
    "task": null,
    "project": 2,
    "name": "cat",
    "color": "#6080c0",
    "type": "any",
    "parent": null
  }
},
{
  "model": "engine.label",
  "pk": 8,
  "fields": {
    "task": null,
    "project": 2,
    "name": "dog",
    "color": "#406040",
    "type": "any",
    "parent": null
  }
},
{
  "model": "engine.label",
  "pk": 9,
  "fields": {
    "task": 5,
    "project": null,
    "name": "car",
    "color": "#2080c0",
    "type": "any",
    "parent": null
  }
},
{
  "model": "engine.label",
  "pk": 10,
  "fields": {
    "task": 6,
    "project": null,
    "name": "car",
    "color": "#2080c0",
    "type": "any",
    "parent": null
  }
},
{
  "model": "engine.label",
  "pk": 11,
  "fields": {
    "task": 7,
    "project": null,
    "name": "cat",
    "color": "#6080c0",
    "type": "any",
    "parent": null
  }
},
{
  "model": "engine.label",
  "pk": 12,
  "fields": {
    "task": 7,
    "project": null,
    "name": "dog",
    "color": "#406040",
    "type": "any",
    "parent": null
  }
},
{
  "model": "engine.label",
  "pk": 13,
  "fields": {
    "task": 8,
    "project": null,
    "name": "cat",
    "color": "#6080c0",
    "type": "any",
    "parent": null
  }
},
{
  "model": "engine.label",
  "pk": 14,
  "fields": {
    "task": 8,
    "project": null,
    "name": "dog",
    "color": "#406040",
    "type": "any",
    "parent": null
  }
},
{
  "model": "engine.label",
  "pk": 15,
  "fields": {
    "task": 12,
    "project": null,
    "name": "Car",
    "color": "#2080c0",
    "type": "any",
    "parent": null
  }
},
{
  "model": "engine.label",
  "pk": 16,
  "fields": {
    "task": null,
    "project": 4,
    "name": "cat",
    "color": "#6080c0",
    "type": "any",
    "parent": null
  }
},
{
  "model": "engine.label",
  "pk": 17,
  "fields": {
    "task": null,
    "project": 4,
    "name": "dog",
    "color": "#406040",
    "type": "any",
    "parent": null
  }
},
{
  "model": "engine.label",
  "pk": 18,
  "fields": {
    "task": null,
    "project": 5,
    "name": "s1",
    "color": "#5c5eba",
    "type": "skeleton",
    "parent": null
  }
},
{
  "model": "engine.label",
  "pk": 19,
  "fields": {
    "task": null,
    "project": 5,
    "name": "1",
    "color": "#d12345",
    "type": "points",
    "parent": 18
  }
},
{
  "model": "engine.label",
  "pk": 20,
  "fields": {
    "task": null,
    "project": 5,
    "name": "2",
    "color": "#350dea",
    "type": "points",
    "parent": 18
  }
},
{
  "model": "engine.label",
  "pk": 21,
  "fields": {
    "task": null,
    "project": 5,
    "name": "3",
    "color": "#479ffe",
    "type": "points",
    "parent": 18
  }
},
{
  "model": "engine.label",
  "pk": 22,
  "fields": {
    "task": null,
    "project": 5,
    "name": "s2",
    "color": "#0c81b5",
    "type": "skeleton",
    "parent": null
  }
},
{
  "model": "engine.label",
  "pk": 23,
  "fields": {
    "task": null,
    "project": 5,
    "name": "1",
    "color": "#d53957",
    "type": "points",
    "parent": 22
  }
},
{
  "model": "engine.label",
  "pk": 24,
  "fields": {
    "task": null,
    "project": 5,
    "name": "2",
    "color": "#4925ec",
    "type": "points",
    "parent": 22
  }
},
{
  "model": "engine.label",
  "pk": 25,
  "fields": {
    "task": null,
    "project": 5,
    "name": "3",
    "color": "#59a8fe",
    "type": "points",
    "parent": 22
  }
},
{
  "model": "engine.label",
  "pk": 26,
  "fields": {
    "task": null,
    "project": 5,
    "name": "4",
    "color": "#4a649f",
    "type": "points",
    "parent": 22
  }
},
{
  "model": "engine.label",
  "pk": 27,
  "fields": {
    "task": null,
    "project": 6,
    "name": "label_0",
    "color": "#bde94a",
    "type": "any",
    "parent": null
  }
},
{
  "model": "engine.label",
  "pk": 28,
  "fields": {
    "task": null,
    "project": 7,
    "name": "label_0",
    "color": "#bde94a",
    "type": "any",
    "parent": null
  }
},
{
  "model": "engine.label",
  "pk": 29,
  "fields": {
    "task": null,
    "project": 8,
    "name": "car",
    "color": "#2080c0",
    "type": "any",
    "parent": null
  }
},
{
  "model": "engine.label",
  "pk": 30,
  "fields": {
    "task": null,
    "project": 8,
    "name": "person",
    "color": "#c06060",
    "type": "any",
    "parent": null
  }
},
{
  "model": "engine.label",
  "pk": 34,
  "fields": {
    "task": null,
    "project": 10,
    "name": "cat",
    "color": "#6080c0",
    "type": "rectangle",
    "parent": null
  }
},
{
  "model": "engine.label",
  "pk": 35,
  "fields": {
    "task": null,
    "project": 10,
    "name": "dog",
    "color": "#406040",
    "type": "polyline",
    "parent": null
  }
},
{
  "model": "engine.label",
  "pk": 38,
  "fields": {
    "task": 17,
    "project": null,
    "name": "cat",
    "color": "#6080c0",
    "type": "any",
    "parent": null
  }
},
{
  "model": "engine.label",
  "pk": 39,
  "fields": {
    "task": 17,
    "project": null,
    "name": "dog",
    "color": "#406040",
    "type": "any",
    "parent": null
  }
},
{
  "model": "engine.label",
  "pk": 40,
  "fields": {
    "task": 17,
    "project": null,
    "name": "skele1",
    "color": "#4602af",
    "type": "skeleton",
    "parent": null
  }
},
{
  "model": "engine.label",
  "pk": 41,
  "fields": {
    "task": 17,
    "project": null,
    "name": "1",
    "color": "#d12345",
    "type": "points",
    "parent": 40
  }
},
{
  "model": "engine.label",
  "pk": 42,
  "fields": {
    "task": 17,
    "project": null,
    "name": "2",
    "color": "#350dea",
    "type": "points",
    "parent": 40
  }
},
{
  "model": "engine.label",
  "pk": 43,
  "fields": {
    "task": 17,
    "project": null,
    "name": "3",
    "color": "#479ffe",
    "type": "points",
    "parent": 40
  }
},
{
  "model": "engine.label",
  "pk": 44,
  "fields": {
    "task": 17,
    "project": null,
    "name": "4",
    "color": "#4a649f",
    "type": "points",
    "parent": 40
  }
},
{
  "model": "engine.label",
  "pk": 45,
  "fields": {
    "task": 17,
    "project": null,
    "name": "5",
    "color": "#478144",
    "type": "points",
    "parent": 40
  }
},
{
  "model": "engine.label",
  "pk": 46,
  "fields": {
    "task": null,
    "project": 11,
    "name": "skeleton 1",
    "color": "#6fbee4",
    "type": "skeleton",
    "parent": null
  }
},
{
  "model": "engine.label",
  "pk": 47,
  "fields": {
    "task": null,
    "project": 11,
    "name": "label 1",
    "color": "#af2382",
    "type": "points",
    "parent": 46
  }
},
{
  "model": "engine.label",
  "pk": 48,
  "fields": {
    "task": null,
    "project": 11,
    "name": "label with multiple spaces in the name",
    "color": "#6b57d7",
    "type": "points",
    "parent": 46
  }
},
{
  "model": "engine.label",
  "pk": 49,
  "fields": {
    "task": null,
    "project": 11,
    "name": "label 3",
    "color": "#082245",
    "type": "points",
    "parent": 46
  }
},
{
  "model": "engine.label",
  "pk": 50,
  "fields": {
    "task": null,
    "project": 11,
    "name": "4",
    "color": "#4a649f",
    "type": "points",
    "parent": 46
  }
},
{
  "model": "engine.label",
  "pk": 51,
  "fields": {
    "task": 19,
    "project": null,
    "name": "cat",
    "color": "#6080c0",
    "type": "any",
    "parent": null
  }
},
{
  "model": "engine.label",
  "pk": 52,
  "fields": {
    "task": 19,
    "project": null,
    "name": "car",
    "color": "#2080c0",
    "type": "any",
    "parent": null
  }
},
{
  "model": "engine.label",
  "pk": 53,
  "fields": {
    "task": null,
    "project": 12,
    "name": "cat",
    "color": "#6080c0",
    "type": "any",
    "parent": null
  }
},
{
  "model": "engine.label",
  "pk": 54,
  "fields": {
    "task": null,
    "project": 12,
    "name": "car",
    "color": "#2080c0",
    "type": "any",
    "parent": null
  }
},
{
  "model": "engine.label",
  "pk": 55,
  "fields": {
    "task": null,
    "project": 13,
    "name": "cat",
    "color": "#6080c0",
    "type": "any",
    "parent": null
  }
},
{
  "model": "engine.label",
  "pk": 56,
  "fields": {
    "task": null,
    "project": 13,
    "name": "car",
    "color": "#2080c0",
    "type": "any",
    "parent": null
  }
},
{
  "model": "engine.label",
  "pk": 57,
  "fields": {
    "task": 21,
    "project": null,
    "name": "cat",
    "color": "#6080c0",
    "type": "any",
    "parent": null
  }
},
{
  "model": "engine.label",
  "pk": 58,
  "fields": {
    "task": 21,
    "project": null,
    "name": "skeleton1",
    "color": "#2b3145",
    "type": "skeleton",
    "parent": null
  }
},
{
  "model": "engine.label",
  "pk": 59,
  "fields": {
    "task": 21,
    "project": null,
    "name": "1",
    "color": "#d12345",
    "type": "points",
    "parent": 58
  }
},
{
  "model": "engine.label",
  "pk": 60,
  "fields": {
    "task": 21,
    "project": null,
    "name": "2",
    "color": "#350dea",
    "type": "points",
    "parent": 58
  }
},
{
  "model": "engine.label",
  "pk": 61,
  "fields": {
    "task": 21,
    "project": null,
    "name": "3",
    "color": "#479ffe",
    "type": "points",
    "parent": 58
  }
},
{
  "model": "engine.label",
  "pk": 62,
  "fields": {
    "task": 21,
    "project": null,
    "name": "4",
    "color": "#4a649f",
    "type": "points",
    "parent": 58
  }
},
{
  "model": "engine.skeleton",
  "pk": 1,
  "fields": {
    "root": 18,
    "svg": "<line x1=\"36.37385177612305\" y1=\"50.334449768066406\" x2=\"70.15311431884766\" y2=\"21.237457275390625\" stroke=\"black\" data-type=\"edge\" data-node-from=\"2\" stroke-width=\"0.5\" data-node-to=\"3\"></line><line x1=\"29.517663955688477\" y1=\"15.050167083740234\" x2=\"36.37385177612305\" y2=\"50.334449768066406\" stroke=\"black\" data-type=\"edge\" data-node-from=\"1\" stroke-width=\"0.5\" data-node-to=\"2\"></line><circle r=\"1.5\" stroke=\"black\" fill=\"#b3b3b3\" cx=\"29.517663955688477\" cy=\"15.050167083740234\" stroke-width=\"0.1\" data-type=\"element node\" data-element-id=\"1\" data-node-id=\"1\" data-label-id=\"19\"></circle><circle r=\"1.5\" stroke=\"black\" fill=\"#b3b3b3\" cx=\"36.37385177612305\" cy=\"50.334449768066406\" stroke-width=\"0.1\" data-type=\"element node\" data-element-id=\"2\" data-node-id=\"2\" data-label-id=\"20\"></circle><circle r=\"1.5\" stroke=\"black\" fill=\"#b3b3b3\" cx=\"70.15311431884766\" cy=\"21.237457275390625\" stroke-width=\"0.1\" data-type=\"element node\" data-element-id=\"3\" data-node-id=\"3\" data-label-id=\"21\"></circle>"
  }
},
{
  "model": "engine.skeleton",
  "pk": 2,
  "fields": {
    "root": 22,
    "svg": "<line x1=\"65.6380615234375\" y1=\"18.394649505615234\" x2=\"22.327028274536133\" y2=\"54.8494987487793\" stroke=\"black\" data-type=\"edge\" data-node-from=\"3\" stroke-width=\"0.5\" data-node-to=\"2\"></line><line x1=\"77.34375\" y1=\"55.18394470214844\" x2=\"65.6380615234375\" y2=\"18.394649505615234\" stroke=\"black\" data-type=\"edge\" data-node-from=\"4\" stroke-width=\"0.5\" data-node-to=\"3\"></line><line x1=\"4.434051036834717\" y1=\"27.257524490356445\" x2=\"77.34375\" y2=\"55.18394470214844\" stroke=\"black\" data-type=\"edge\" data-node-from=\"1\" stroke-width=\"0.5\" data-node-to=\"4\"></line><circle r=\"1.5\" stroke=\"black\" fill=\"#b3b3b3\" cx=\"4.434051036834717\" cy=\"27.257524490356445\" stroke-width=\"0.1\" data-type=\"element node\" data-element-id=\"1\" data-node-id=\"1\" data-label-id=\"23\"></circle><circle r=\"1.5\" stroke=\"black\" fill=\"#b3b3b3\" cx=\"22.327028274536133\" cy=\"54.8494987487793\" stroke-width=\"0.1\" data-type=\"element node\" data-element-id=\"2\" data-node-id=\"2\" data-label-id=\"24\"></circle><circle r=\"1.5\" stroke=\"black\" fill=\"#b3b3b3\" cx=\"65.6380615234375\" cy=\"18.394649505615234\" stroke-width=\"0.1\" data-type=\"element node\" data-element-id=\"3\" data-node-id=\"3\" data-label-id=\"25\"></circle><circle r=\"1.5\" stroke=\"black\" fill=\"#b3b3b3\" cx=\"77.34375\" cy=\"55.18394470214844\" stroke-width=\"0.1\" data-type=\"element node\" data-element-id=\"4\" data-node-id=\"4\" data-label-id=\"26\"></circle>"
  }
},
{
  "model": "engine.skeleton",
  "pk": 3,
  "fields": {
    "root": 40,
    "svg": "<line x1=\"33.80753707885742\" y1=\"62.16216278076172\" x2=\"57.11834716796875\" y2=\"47.635135650634766\" stroke=\"black\" data-type=\"edge\" data-node-from=\"4\" stroke-width=\"0.5\" data-node-to=\"3\"></line><line x1=\"23.334564208984375\" y1=\"48.47972869873047\" x2=\"33.80753707885742\" y2=\"62.16216278076172\" stroke=\"black\" data-type=\"edge\" data-node-from=\"5\" stroke-width=\"0.5\" data-node-to=\"4\"></line><line x1=\"24.34807777404785\" y1=\"25.675676345825195\" x2=\"51.54402542114258\" y2=\"27.533782958984375\" stroke=\"black\" data-type=\"edge\" data-node-from=\"1\" stroke-width=\"0.5\" data-node-to=\"2\"></line><circle r=\"1.5\" stroke=\"black\" fill=\"#b3b3b3\" cx=\"24.34807777404785\" cy=\"25.675676345825195\" stroke-width=\"0.1\" data-type=\"element node\" data-element-id=\"1\" data-node-id=\"1\" data-label-id=\"41\"></circle><circle r=\"1.5\" stroke=\"black\" fill=\"#b3b3b3\" cx=\"51.54402542114258\" cy=\"27.533782958984375\" stroke-width=\"0.1\" data-type=\"element node\" data-element-id=\"2\" data-node-id=\"2\" data-label-id=\"42\"></circle><circle r=\"1.5\" stroke=\"black\" fill=\"#b3b3b3\" cx=\"57.11834716796875\" cy=\"47.635135650634766\" stroke-width=\"0.1\" data-type=\"element node\" data-element-id=\"3\" data-node-id=\"3\" data-label-id=\"43\"></circle><circle r=\"1.5\" stroke=\"black\" fill=\"#b3b3b3\" cx=\"33.80753707885742\" cy=\"62.16216278076172\" stroke-width=\"0.1\" data-type=\"element node\" data-element-id=\"4\" data-node-id=\"4\" data-label-id=\"44\"></circle><circle r=\"1.5\" stroke=\"black\" fill=\"#b3b3b3\" cx=\"23.334564208984375\" cy=\"48.47972869873047\" stroke-width=\"0.1\" data-type=\"element node\" data-element-id=\"5\" data-node-id=\"5\" data-label-id=\"45\"></circle>"
  }
},
{
  "model": "engine.skeleton",
  "pk": 4,
  "fields": {
    "root": 46,
    "svg": "<line x1=\"55.60200500488281\" y1=\"21.477842330932617\" x2=\"28.344482421875\" y2=\"55.089881896972656\" stroke=\"black\" data-type=\"edge\" data-node-from=\"3\" stroke-width=\"0.5\" data-node-to=\"2\"></line><line x1=\"73.16053771972656\" y1=\"46.059783935546875\" x2=\"55.60200500488281\" y2=\"21.477842330932617\" stroke=\"black\" data-type=\"edge\" data-node-from=\"4\" stroke-width=\"0.5\" data-node-to=\"3\"></line><line x1=\"16.806020736694336\" y1=\"24.822324752807617\" x2=\"73.16053771972656\" y2=\"46.059783935546875\" stroke=\"black\" data-type=\"edge\" data-node-from=\"1\" stroke-width=\"0.5\" data-node-to=\"4\"></line><circle r=\"1.5\" stroke=\"black\" fill=\"#b3b3b3\" cx=\"16.806020736694336\" cy=\"24.822324752807617\" stroke-width=\"0.1\" data-type=\"element node\" data-element-id=\"1\" data-node-id=\"1\" data-label-id=\"47\"></circle><circle r=\"1.5\" stroke=\"black\" fill=\"#b3b3b3\" cx=\"28.344482421875\" cy=\"55.089881896972656\" stroke-width=\"0.1\" data-type=\"element node\" data-element-id=\"2\" data-node-id=\"2\" data-label-id=\"48\"></circle><circle r=\"1.5\" stroke=\"black\" fill=\"#b3b3b3\" cx=\"55.60200500488281\" cy=\"21.477842330932617\" stroke-width=\"0.1\" data-type=\"element node\" data-element-id=\"3\" data-node-id=\"3\" data-label-id=\"49\"></circle><circle r=\"1.5\" stroke=\"black\" fill=\"#b3b3b3\" cx=\"73.16053771972656\" cy=\"46.059783935546875\" stroke-width=\"0.1\" data-type=\"element node\" data-element-id=\"4\" data-node-id=\"4\" data-label-id=\"50\"></circle>"
  }
},
{
  "model": "engine.skeleton",
  "pk": 5,
  "fields": {
    "root": 58,
    "svg": "<line x1=\"49.88445281982422\" y1=\"18.897058486938477\" x2=\"35.59873962402344\" y2=\"61.081932067871094\" stroke=\"black\" data-type=\"edge\" data-node-from=\"3\" stroke-width=\"0.5\" data-node-to=\"2\"></line><line x1=\"70.72479248046875\" y1=\"68.30882263183594\" x2=\"49.88445281982422\" y2=\"18.897058486938477\" stroke=\"black\" data-type=\"edge\" data-node-from=\"4\" stroke-width=\"0.5\" data-node-to=\"3\"></line><line x1=\"25.0105037689209\" y1=\"31.165966033935547\" x2=\"70.72479248046875\" y2=\"68.30882263183594\" stroke=\"black\" data-type=\"edge\" data-node-from=\"1\" stroke-width=\"0.5\" data-node-to=\"4\"></line><circle r=\"1.5\" stroke=\"black\" fill=\"#b3b3b3\" cx=\"25.0105037689209\" cy=\"31.165966033935547\" stroke-width=\"0.1\" data-type=\"element node\" data-element-id=\"1\" data-node-id=\"1\" data-label-id=\"59\"></circle><circle r=\"1.5\" stroke=\"black\" fill=\"#b3b3b3\" cx=\"35.59873962402344\" cy=\"61.081932067871094\" stroke-width=\"0.1\" data-type=\"element node\" data-element-id=\"2\" data-node-id=\"2\" data-label-id=\"60\"></circle><circle r=\"1.5\" stroke=\"black\" fill=\"#b3b3b3\" cx=\"49.88445281982422\" cy=\"18.897058486938477\" stroke-width=\"0.1\" data-type=\"element node\" data-element-id=\"3\" data-node-id=\"3\" data-label-id=\"61\"></circle><circle r=\"1.5\" stroke=\"black\" fill=\"#b3b3b3\" cx=\"70.72479248046875\" cy=\"68.30882263183594\" stroke-width=\"0.1\" data-type=\"element node\" data-element-id=\"4\" data-node-id=\"4\" data-label-id=\"62\"></circle>"
  }
},
{
  "model": "engine.attributespec",
  "pk": 1,
  "fields": {
    "label": 5,
    "name": "model",
    "mutable": false,
    "input_type": "select",
    "default_value": "mazda",
    "values": "mazda\nvolvo\nbmw"
  }
},
{
  "model": "engine.attributespec",
  "pk": 2,
  "fields": {
    "label": 22,
    "name": "color",
    "mutable": false,
    "input_type": "select",
    "default_value": "white",
    "values": "white\nblack"
  }
},
{
  "model": "engine.attributespec",
  "pk": 3,
  "fields": {
    "label": 25,
    "name": "attr",
    "mutable": false,
    "input_type": "select",
    "default_value": "val1",
    "values": "val1\nval2"
  }
},
{
  "model": "engine.attributespec",
  "pk": 5,
  "fields": {
    "label": 35,
    "name": "a1",
    "mutable": true,
    "input_type": "checkbox",
    "default_value": "false",
    "values": "false"
  }
},
{
  "model": "engine.attributespec",
  "pk": 6,
  "fields": {
    "label": 40,
    "name": "attr",
    "mutable": true,
    "input_type": "checkbox",
    "default_value": "false",
    "values": "false"
  }
},
{
  "model": "engine.attributespec",
  "pk": 7,
  "fields": {
    "label": 51,
    "name": "attr",
    "mutable": false,
    "input_type": "text",
    "default_value": "default",
    "values": "default"
  }
},
{
  "model": "engine.attributespec",
  "pk": 8,
  "fields": {
    "label": 52,
    "name": "color",
    "mutable": false,
    "input_type": "radio",
    "default_value": "white",
    "values": "white\nblack\nred"
  }
},
{
  "model": "engine.attributespec",
  "pk": 9,
  "fields": {
    "label": 53,
    "name": "attr",
    "mutable": false,
    "input_type": "text",
    "default_value": "default",
    "values": "default"
  }
},
{
  "model": "engine.attributespec",
  "pk": 10,
  "fields": {
    "label": 54,
    "name": "color",
    "mutable": false,
    "input_type": "radio",
    "default_value": "white",
    "values": "white\nblack\nred"
  }
},
{
  "model": "engine.attributespec",
  "pk": 11,
  "fields": {
    "label": 55,
    "name": "attr",
    "mutable": false,
    "input_type": "text",
    "default_value": "default",
    "values": "default"
  }
},
{
  "model": "engine.attributespec",
  "pk": 12,
  "fields": {
    "label": 56,
    "name": "color",
    "mutable": false,
    "input_type": "radio",
    "default_value": "white",
    "values": "white\nblack\nred"
  }
},
{
  "model": "engine.labeledimage",
  "pk": 1,
  "fields": {
    "job": 17,
    "label": 17,
    "frame": 2,
    "group": 0,
    "source": "manual"
  }
},
{
  "model": "engine.labeledimage",
  "pk": 2,
  "fields": {
    "job": 17,
    "label": 16,
    "frame": 3,
    "group": 0,
    "source": "manual"
  }
},
{
  "model": "engine.labeledimage",
  "pk": 5,
  "fields": {
    "job": 21,
    "label": 39,
    "frame": 2,
    "group": 0,
    "source": "manual"
  }
},
{
  "model": "engine.labeledimage",
  "pk": 6,
  "fields": {
    "job": 21,
    "label": 38,
    "frame": 3,
    "group": 0,
    "source": "manual"
  }
},
{
  "model": "engine.labeledshape",
  "pk": 1,
  "fields": {
    "job": 2,
    "label": 3,
    "frame": 0,
    "group": 0,
    "source": "manual",
    "type": "rectangle",
    "occluded": false,
    "outside": false,
    "z_order": 0,
    "points": "[223.39453125, 226.0751953125, 513.7663269042969, 377.9619903564453]",
    "rotation": 0.0,
    "parent": null
  }
},
{
  "model": "engine.labeledshape",
  "pk": 2,
  "fields": {
    "job": 2,
    "label": 3,
    "frame": 1,
    "group": 0,
    "source": "manual",
    "type": "polygon",
    "occluded": false,
    "outside": false,
    "z_order": 0,
    "points": "[63.0791015625, 139.75390625, 132.19337349397574, 112.3867469879533, 189.71144578313397, 159.23614457831354, 191.1030120481937, 246.9048192771097, 86.73554216867524, 335.5012048192784, 32.00060240964012, 250.15180722891637]",
    "rotation": 0.0,
    "parent": null
  }
},
{
  "model": "engine.labeledshape",
  "pk": 3,
  "fields": {
    "job": 2,
    "label": 4,
    "frame": 1,
    "group": 0,
    "source": "manual",
    "type": "polygon",
    "occluded": false,
    "outside": false,
    "z_order": 0,
    "points": "[83.0244140625, 216.75390625, 112.24759036144678, 162.48313253012202, 167.44638554216908, 183.35662650602535, 149.35602409638705, 252.0072289156633, 84.41626506024113, 292.8265060240974, 72.81987951807241, 258.9650602409638]",
    "rotation": 0.0,
    "parent": null
  }
},
{
  "model": "engine.labeledshape",
  "pk": 4,
  "fields": {
    "job": 2,
    "label": 3,
    "frame": 2,
    "group": 0,
    "source": "manual",
    "type": "polyline",
    "occluded": false,
    "outside": false,
    "z_order": 0,
    "points": "[24.443359375, 107.2275390625, 84.91109877913368, 61.125083240844106, 169.4316315205324, 75.1561598224198, 226.5581576026634, 113.90865704772477, 240.5892341842391, 205.77880133185317, 210.52264150943483, 270.9230854605994]",
    "rotation": 0.0,
    "parent": null
  }
},
{
  "model": "engine.labeledshape",
  "pk": 5,
  "fields": {
    "job": 2,
    "label": 3,
    "frame": 22,
    "group": 0,
    "source": "manual",
    "type": "points",
    "occluded": false,
    "outside": false,
    "z_order": 0,
    "points": "[148.94921875, 285.6865234375, 313.515094339622, 400.32830188679145, 217.36415094339463, 585.2339622641503, 64.81698113207494, 499.25283018867776]",
    "rotation": 0.0,
    "parent": null
  }
},
{
  "model": "engine.labeledshape",
  "pk": 27,
  "fields": {
    "job": 9,
    "label": 11,
    "frame": 0,
    "group": 0,
    "source": "manual",
    "type": "polygon",
    "occluded": false,
    "outside": false,
    "z_order": 0,
    "points": "[448.3779296875, 356.4892578125, 438.2558352402775, 761.3861556064112, 744.1780320366161, 319.37356979405195, 446.1288329519466, 163.03832951945333]",
    "rotation": 0.0,
    "parent": null
  }
},
{
  "model": "engine.labeledshape",
  "pk": 29,
  "fields": {
    "job": 7,
    "label": 9,
    "frame": 0,
    "group": 0,
    "source": "manual",
    "type": "polygon",
    "occluded": false,
    "outside": false,
    "z_order": 0,
    "points": "[364.0361328125, 528.87890625, 609.5286041189956, 586.544622425632, 835.2494279176244, 360.0000000000018, 543.6247139588122, 175.4691075514893, 326.9656750572103, 192.76887871853796, 244.58581235698148, 319.63386727689067]",
    "rotation": 0.0,
    "parent": null
  }
},
{
  "model": "engine.labeledshape",
  "pk": 30,
  "fields": {
    "job": 10,
    "label": 13,
    "frame": 0,
    "group": 0,
    "source": "manual",
    "type": "polygon",
    "occluded": false,
    "outside": false,
    "z_order": 0,
    "points": "[440.0439453125, 84.0791015625, 71.83311938382576, 249.81514762516053, 380.4441591784325, 526.585365853658, 677.6251604621302, 260.42875481386363, 629.4557124518615, 127.35044929396645]",
    "rotation": 0.0,
    "parent": null
  }
},
{
  "model": "engine.labeledshape",
  "pk": 31,
  "fields": {
    "job": 11,
    "label": 6,
    "frame": 0,
    "group": 0,
    "source": "manual",
    "type": "rectangle",
    "occluded": false,
    "outside": false,
    "z_order": 0,
    "points": "[65.6189987163034, 100.96585365853753, 142.12734274711147, 362.6243902439037]",
    "rotation": 0.0,
    "parent": null
  }
},
{
  "model": "engine.labeledshape",
  "pk": 33,
  "fields": {
    "job": 16,
    "label": 7,
    "frame": 0,
    "group": 0,
    "source": "manual",
    "type": "polyline",
    "occluded": false,
    "outside": false,
    "z_order": 0,
    "points": "[100.14453125, 246.03515625, 408.8692551505537, 327.5483359746413, 588.5839936608554, 289.0380348652925, 623.8851030110927, 183.77654516640177, 329.2812995245622, 71.45483359746322]",
    "rotation": 0.0,
    "parent": null
  }
},
{
  "model": "engine.labeledshape",
  "pk": 34,
  "fields": {
    "job": 17,
    "label": 16,
    "frame": 0,
    "group": 0,
    "source": "manual",
    "type": "rectangle",
    "occluded": false,
    "outside": false,
    "z_order": 0,
    "points": "[106.361328125, 85.150390625, 240.083984375, 241.263671875]",
    "rotation": 45.9,
    "parent": null
  }
},
{
  "model": "engine.labeledshape",
  "pk": 35,
  "fields": {
    "job": 17,
    "label": 16,
    "frame": 1,
    "group": 0,
    "source": "manual",
    "type": "rectangle",
    "occluded": false,
    "outside": false,
    "z_order": 0,
    "points": "[414.29522752496996, 124.8035516093205, 522.2641509433943, 286.75693673695605]",
    "rotation": 0.0,
    "parent": null
  }
},
{
  "model": "engine.labeledshape",
  "pk": 36,
  "fields": {
    "job": 18,
    "label": 22,
    "frame": 0,
    "group": 0,
    "source": "manual",
    "type": "skeleton",
    "occluded": false,
    "outside": false,
    "z_order": 0,
    "points": "[]",
    "rotation": 0.0,
    "parent": null
  }
},
{
  "model": "engine.labeledshape",
  "pk": 37,
  "fields": {
    "job": 18,
    "label": 23,
    "frame": 0,
    "group": 0,
    "source": "manual",
    "type": "points",
    "occluded": false,
    "outside": false,
    "z_order": 0,
    "points": "[135.8260869565238, 118.10276296228554]",
    "rotation": 0.0,
    "parent": 36
  }
},
{
  "model": "engine.labeledshape",
  "pk": 38,
  "fields": {
    "job": 18,
    "label": 24,
    "frame": 0,
    "group": 0,
    "source": "manual",
    "type": "points",
    "occluded": false,
    "outside": false,
    "z_order": 0,
    "points": "[172.10450871201368, 274.6245183225243]",
    "rotation": 0.0,
    "parent": 36
  }
},
{
  "model": "engine.labeledshape",
  "pk": 39,
  "fields": {
    "job": 18,
    "label": 25,
    "frame": 0,
    "group": 0,
    "source": "manual",
    "type": "points",
    "occluded": false,
    "outside": false,
    "z_order": 0,
    "points": "[259.91862203681984, 67.8260869565238]",
    "rotation": 0.0,
    "parent": 36
  }
},
{
  "model": "engine.labeledshape",
  "pk": 40,
  "fields": {
    "job": 18,
    "label": 26,
    "frame": 0,
    "group": 0,
    "source": "manual",
    "type": "points",
    "occluded": false,
    "outside": false,
    "z_order": 0,
    "points": "[283.65217391304554, 276.52173913043686]",
    "rotation": 0.0,
    "parent": 36
  }
},
{
  "model": "engine.labeledshape",
  "pk": 41,
  "fields": {
    "job": 14,
    "label": 6,
    "frame": 15,
    "group": 0,
    "source": "manual",
    "type": "rectangle",
    "occluded": false,
    "outside": false,
    "z_order": 0,
    "points": "[53.062929061787145, 301.6390160183091, 197.94851258581548, 763.3266590389048]",
    "rotation": 0.0,
    "parent": null
  }
},
{
  "model": "engine.labeledshape",
  "pk": 42,
  "fields": {
    "job": 14,
    "label": 5,
    "frame": 16,
    "group": 0,
    "source": "manual",
    "type": "rectangle",
    "occluded": false,
    "outside": false,
    "z_order": 0,
    "points": "[172.0810546875, 105.990234375, 285.97262095255974, 138.40000000000146]",
    "rotation": 0.0,
    "parent": null
  }
},
{
  "model": "engine.labeledshape",
  "pk": 43,
  "fields": {
    "job": 19,
    "label": 30,
    "frame": 0,
    "group": 0,
    "source": "manual",
    "type": "rectangle",
    "occluded": false,
    "outside": false,
    "z_order": 0,
    "points": "[120.81927710843593, 213.52074966532928, 258.7576974564945, 643.614457831327]",
    "rotation": 0.0,
    "parent": null
  }
},
{
  "model": "engine.labeledshape",
  "pk": 44,
  "fields": {
    "job": 19,
    "label": 29,
    "frame": 0,
    "group": 0,
    "source": "manual",
    "type": "rectangle",
    "occluded": false,
    "outside": false,
    "z_order": 0,
    "points": "[479.97322623828586, 408.0053547523421, 942.6238286479238, 513.3868808567604]",
    "rotation": 0.0,
    "parent": null
  }
},
{
  "model": "engine.labeledshape",
  "pk": 47,
  "fields": {
    "job": 21,
    "label": 38,
    "frame": 0,
    "group": 0,
    "source": "manual",
    "type": "rectangle",
    "occluded": false,
    "outside": false,
    "z_order": 0,
    "points": "[106.361328125, 85.150390625, 240.083984375, 241.263671875]",
    "rotation": 45.9,
    "parent": null
  }
},
{
  "model": "engine.labeledshape",
  "pk": 48,
  "fields": {
    "job": 21,
    "label": 38,
    "frame": 1,
    "group": 0,
    "source": "manual",
    "type": "rectangle",
    "occluded": false,
    "outside": false,
    "z_order": 0,
    "points": "[414.29522752496996, 124.8035516093205, 522.2641509433943, 286.75693673695605]",
    "rotation": 0.0,
    "parent": null
  }
},
{
  "model": "engine.labeledshape",
  "pk": 49,
  "fields": {
    "job": 22,
    "label": 46,
    "frame": 0,
    "group": 0,
    "source": "manual",
    "type": "skeleton",
    "occluded": false,
    "outside": false,
    "z_order": 0,
    "points": "[]",
    "rotation": 0.0,
    "parent": null
  }
},
{
  "model": "engine.labeledshape",
  "pk": 50,
  "fields": {
    "job": 22,
    "label": 47,
    "frame": 0,
    "group": 0,
    "source": "manual",
    "type": "points",
    "occluded": false,
    "outside": false,
    "z_order": 0,
    "points": "[136.46993006993034, 138.72697241590762]",
    "rotation": 0.0,
    "parent": 49
  }
},
{
  "model": "engine.labeledshape",
  "pk": 51,
  "fields": {
    "job": 22,
    "label": 48,
    "frame": 0,
    "group": 0,
    "source": "manual",
    "type": "points",
    "occluded": false,
    "outside": false,
    "z_order": 0,
    "points": "[192.9001336620433, 421.9659673659692]",
    "rotation": 0.0,
    "parent": 49
  }
},
{
  "model": "engine.labeledshape",
  "pk": 52,
  "fields": {
    "job": 22,
    "label": 49,
    "frame": 0,
    "group": 0,
    "source": "manual",
    "type": "points",
    "occluded": false,
    "outside": false,
    "z_order": 0,
    "points": "[326.2062528608664, 107.42983682983868]",
    "rotation": 0.0,
    "parent": 49
  }
},
{
  "model": "engine.labeledshape",
  "pk": 53,
  "fields": {
    "job": 22,
    "label": 50,
    "frame": 0,
    "group": 0,
    "source": "manual",
    "type": "points",
    "occluded": false,
    "outside": false,
    "z_order": 0,
    "points": "[412.07832167832197, 337.46374412038085]",
    "rotation": 0.0,
    "parent": 49
  }
},
{
  "model": "engine.labeledshape",
  "pk": 54,
  "fields": {
    "job": 23,
    "label": 51,
    "frame": 0,
    "group": 0,
    "source": "manual",
    "type": "rectangle",
    "occluded": false,
    "outside": false,
    "z_order": 0,
    "points": "[244.32906271072352, 57.53054619015711, 340.34389750505943, 191.28914362778414]",
    "rotation": 0.0,
    "parent": null
  }
},
{
  "model": "engine.labeledshape",
  "pk": 55,
  "fields": {
    "job": 23,
    "label": 52,
    "frame": 0,
    "group": 0,
    "source": "manual",
    "type": "rectangle",
    "occluded": false,
    "outside": false,
    "z_order": 0,
    "points": "[424.4396493594086, 86.6660822656795, 664.8078219824692, 251.54672960215976]",
    "rotation": 0.0,
    "parent": null
  }
},
{
  "model": "engine.labeledshape",
  "pk": 56,
  "fields": {
    "job": 24,
    "label": 53,
    "frame": 0,
    "group": 0,
    "source": "manual",
    "type": "rectangle",
    "occluded": false,
    "outside": false,
    "z_order": 0,
    "points": "[35.913636363637124, 80.58636363636288, 94.8227272727272, 170.58636363636288]",
    "rotation": 0.0,
    "parent": null
  }
},
{
  "model": "engine.labeledshape",
  "pk": 57,
  "fields": {
    "job": 24,
    "label": 54,
    "frame": 0,
    "group": 0,
    "source": "manual",
    "type": "rectangle",
    "occluded": false,
    "outside": false,
    "z_order": 0,
    "points": "[190.95909090909117, 100.22272727272684, 297.7318181818191, 209.8590909090908]",
    "rotation": 0.0,
    "parent": null
  }
},
{
  "model": "engine.labeledshape",
  "pk": 58,
  "fields": {
    "job": 26,
    "label": 57,
    "frame": 6,
    "group": 0,
    "source": "manual",
    "type": "rectangle",
    "occluded": false,
    "outside": false,
    "z_order": 0,
    "points": "[42.63157931421483, 51.228199155397306, 106.13274329786509, 138.0929989443539]",
    "rotation": 0.0,
    "parent": null
  }
},
{
  "model": "engine.labeledshape",
  "pk": 59,
  "fields": {
    "job": 26,
    "label": 58,
    "frame": 6,
    "group": 0,
    "source": "manual",
    "type": "skeleton",
    "occluded": false,
    "outside": false,
    "z_order": 0,
    "points": "[]",
    "rotation": 0.0,
    "parent": null
  }
},
{
  "model": "engine.labeledshape",
  "pk": 60,
  "fields": {
    "job": 26,
    "label": 59,
    "frame": 6,
    "group": 0,
    "source": "manual",
    "type": "points",
    "occluded": false,
    "outside": false,
    "z_order": 0,
    "points": "[103.73647295885894, 51.085564225393554]",
    "rotation": 0.0,
    "parent": 59
  }
},
{
  "model": "engine.labeledshape",
  "pk": 61,
  "fields": {
    "job": 26,
    "label": 60,
    "frame": 6,
    "group": 0,
    "source": "manual",
    "type": "points",
    "occluded": false,
    "outside": false,
    "z_order": 0,
    "points": "[125.86783527366472, 101.86367376801435]",
    "rotation": 0.0,
    "parent": 59
  }
},
{
  "model": "engine.labeledshape",
  "pk": 62,
  "fields": {
    "job": 26,
    "label": 61,
    "frame": 6,
    "group": 0,
    "source": "manual",
    "type": "points",
    "occluded": false,
    "outside": false,
    "z_order": 0,
    "points": "[155.7276059652392, 30.260833689097126]",
    "rotation": 0.0,
    "parent": 59
  }
},
{
  "model": "engine.labeledshape",
  "pk": 63,
  "fields": {
    "job": 26,
    "label": 62,
    "frame": 6,
    "group": 0,
    "source": "manual",
    "type": "points",
    "occluded": false,
    "outside": false,
    "z_order": 0,
    "points": "[199.28775272671066, 114.13029555429613]",
    "rotation": 0.0,
    "parent": 59
  }
},
{
  "model": "engine.labeledshapeattributeval",
  "pk": 1,
  "fields": {
    "spec": 2,
    "value": "white",
    "shape": 36
  }
},
{
  "model": "engine.labeledshapeattributeval",
  "pk": 2,
  "fields": {
    "spec": 3,
    "value": "val1",
    "shape": 39
  }
},
{
  "model": "engine.labeledshapeattributeval",
  "pk": 3,
  "fields": {
    "spec": 1,
    "value": "mazda",
    "shape": 42
  }
},
{
  "model": "engine.labeledshapeattributeval",
  "pk": 4,
  "fields": {
    "spec": 7,
    "value": "non-default",
    "shape": 54
  }
},
{
  "model": "engine.labeledshapeattributeval",
  "pk": 5,
  "fields": {
    "spec": 8,
    "value": "black",
    "shape": 55
  }
},
{
  "model": "engine.labeledshapeattributeval",
  "pk": 6,
  "fields": {
    "spec": 9,
    "value": "non-default",
    "shape": 56
  }
},
{
  "model": "engine.labeledshapeattributeval",
  "pk": 7,
  "fields": {
    "spec": 10,
    "value": "black",
    "shape": 57
  }
},
{
  "model": "engine.labeledtrack",
  "pk": 1,
  "fields": {
    "job": 18,
    "label": 22,
    "frame": 0,
    "group": 0,
    "source": "manual",
    "parent": null
  }
},
{
  "model": "engine.labeledtrack",
  "pk": 2,
  "fields": {
    "job": 18,
    "label": 23,
    "frame": 0,
    "group": 0,
    "source": "manual",
    "parent": 1
  }
},
{
  "model": "engine.labeledtrack",
  "pk": 3,
  "fields": {
    "job": 18,
    "label": 24,
    "frame": 0,
    "group": 0,
    "source": "manual",
    "parent": 1
  }
},
{
  "model": "engine.labeledtrack",
  "pk": 4,
  "fields": {
    "job": 18,
    "label": 25,
    "frame": 0,
    "group": 0,
    "source": "manual",
    "parent": 1
  }
},
{
  "model": "engine.labeledtrack",
  "pk": 5,
  "fields": {
    "job": 18,
    "label": 26,
    "frame": 0,
    "group": 0,
    "source": "manual",
    "parent": 1
  }
},
{
  "model": "engine.labeledtrack",
  "pk": 6,
  "fields": {
    "job": 25,
    "label": 58,
    "frame": 0,
    "group": 0,
    "source": "manual",
    "parent": null
  }
},
{
  "model": "engine.labeledtrack",
  "pk": 7,
  "fields": {
    "job": 25,
    "label": 59,
    "frame": 0,
    "group": 0,
    "source": "manual",
    "parent": 6
  }
},
{
  "model": "engine.labeledtrack",
  "pk": 8,
  "fields": {
    "job": 25,
    "label": 60,
    "frame": 0,
    "group": 0,
    "source": "manual",
    "parent": 6
  }
},
{
  "model": "engine.labeledtrack",
  "pk": 9,
  "fields": {
    "job": 25,
    "label": 61,
    "frame": 0,
    "group": 0,
    "source": "manual",
    "parent": 6
  }
},
{
  "model": "engine.labeledtrack",
  "pk": 10,
  "fields": {
    "job": 25,
    "label": 62,
    "frame": 0,
    "group": 0,
    "source": "manual",
    "parent": 6
  }
},
{
  "model": "engine.labeledtrack",
  "pk": 11,
  "fields": {
    "job": 26,
    "label": 58,
    "frame": 6,
    "group": 0,
    "source": "manual",
    "parent": null
  }
},
{
  "model": "engine.labeledtrack",
  "pk": 12,
  "fields": {
    "job": 26,
    "label": 59,
    "frame": 6,
    "group": 0,
    "source": "manual",
    "parent": 11
  }
},
{
  "model": "engine.labeledtrack",
  "pk": 13,
  "fields": {
    "job": 26,
    "label": 60,
    "frame": 6,
    "group": 0,
    "source": "manual",
    "parent": 11
  }
},
{
  "model": "engine.labeledtrack",
  "pk": 14,
  "fields": {
    "job": 26,
    "label": 61,
    "frame": 6,
    "group": 0,
    "source": "manual",
    "parent": 11
  }
},
{
  "model": "engine.labeledtrack",
  "pk": 15,
  "fields": {
    "job": 26,
    "label": 62,
    "frame": 6,
    "group": 0,
    "source": "manual",
    "parent": 11
  }
},
{
  "model": "engine.labeledtrackattributeval",
  "pk": 3,
  "fields": {
    "spec": 2,
    "value": "white",
    "track": 1
  }
},
{
  "model": "engine.labeledtrackattributeval",
  "pk": 4,
  "fields": {
    "spec": 3,
    "value": "val1",
    "track": 4
  }
},
{
  "model": "engine.trackedshape",
  "pk": 1,
  "fields": {
    "type": "skeleton",
    "occluded": false,
    "outside": false,
    "z_order": 0,
    "points": "[]",
    "rotation": 0.0,
    "track": 1,
    "frame": 0
  }
},
{
  "model": "engine.trackedshape",
  "pk": 2,
  "fields": {
    "type": "points",
    "occluded": false,
    "outside": false,
    "z_order": 0,
    "points": "[381.9130434782637, 355.0592829431864]",
    "rotation": 0.0,
    "track": 2,
    "frame": 0
  }
},
{
  "model": "engine.trackedshape",
  "pk": 3,
  "fields": {
    "type": "points",
    "occluded": false,
    "outside": false,
    "z_order": 0,
    "points": "[461.9389738212561, 583.320176176868]",
    "rotation": 0.0,
    "track": 3,
    "frame": 0
  }
},
{
  "model": "engine.trackedshape",
  "pk": 4,
  "fields": {
    "type": "points",
    "occluded": false,
    "outside": false,
    "z_order": 0,
    "points": "[655.6465767436227, 281.7391304347839]",
    "rotation": 0.0,
    "track": 4,
    "frame": 0
  }
},
{
  "model": "engine.trackedshape",
  "pk": 5,
  "fields": {
    "type": "points",
    "occluded": false,
    "outside": false,
    "z_order": 0,
    "points": "[708.000000000003, 586.0869565217404]",
    "rotation": 0.0,
    "track": 5,
    "frame": 0
  }
},
{
  "model": "engine.trackedshape",
  "pk": 6,
  "fields": {
    "type": "points",
    "occluded": false,
    "outside": false,
    "z_order": 0,
    "points": "[137.0966796875, 156.11214469590232]",
    "rotation": 0.0,
    "track": 2,
    "frame": 3
  }
},
{
  "model": "engine.trackedshape",
  "pk": 7,
  "fields": {
    "type": "points",
    "occluded": false,
    "outside": false,
    "z_order": 0,
    "points": "[217.12261003049207, 384.3730379295848]",
    "rotation": 0.0,
    "track": 3,
    "frame": 3
  }
},
{
  "model": "engine.trackedshape",
  "pk": 8,
  "fields": {
    "type": "points",
    "occluded": false,
    "outside": false,
    "z_order": 0,
    "points": "[410.83021295285835, 82.7919921875]",
    "rotation": 0.0,
    "track": 4,
    "frame": 3
  }
},
{
  "model": "engine.trackedshape",
  "pk": 9,
  "fields": {
    "type": "points",
    "occluded": false,
    "outside": false,
    "z_order": 0,
    "points": "[463.1836362092399, 387.13981827445605]",
    "rotation": 0.0,
    "track": 5,
    "frame": 3
  }
},
{
  "model": "engine.trackedshape",
  "pk": 10,
  "fields": {
    "type": "skeleton",
    "occluded": false,
    "outside": false,
    "z_order": 0,
    "points": "[]",
    "rotation": 0.0,
    "track": 6,
    "frame": 0
  }
},
{
  "model": "engine.trackedshape",
  "pk": 11,
  "fields": {
    "type": "points",
    "occluded": false,
    "outside": true,
    "z_order": 0,
    "points": "[230.39103314621025, 149.98846070356873]",
    "rotation": 0.0,
    "track": 7,
    "frame": 0
  }
},
{
  "model": "engine.trackedshape",
  "pk": 12,
  "fields": {
    "type": "points",
    "occluded": false,
    "outside": false,
    "z_order": 0,
    "points": "[230.39103314621025, 149.98846070356873]",
    "rotation": 0.0,
    "track": 7,
    "frame": 3
  }
},
{
  "model": "engine.trackedshape",
  "pk": 13,
  "fields": {
    "type": "points",
    "occluded": false,
    "outside": false,
    "z_order": 0,
    "points": "[292.80597636674844, 284.1818841927473]",
    "rotation": 0.0,
    "track": 8,
    "frame": 0
  }
},
{
  "model": "engine.trackedshape",
  "pk": 14,
  "fields": {
    "type": "points",
    "occluded": false,
    "outside": false,
    "z_order": 0,
    "points": "[377.016603158851, 94.95407858346152]",
    "rotation": 0.0,
    "track": 9,
    "frame": 0
  }
},
{
  "model": "engine.trackedshape",
  "pk": 15,
  "fields": {
    "type": "points",
    "occluded": false,
    "outside": false,
    "z_order": 0,
    "points": "[499.86507710826913, 316.59939612801213]",
    "rotation": 0.0,
    "track": 10,
    "frame": 0
  }
},
{
  "model": "engine.trackedshape",
  "pk": 16,
  "fields": {
    "type": "skeleton",
    "occluded": false,
    "outside": false,
    "z_order": 0,
    "points": "[]",
    "rotation": 0.0,
    "track": 11,
    "frame": 6
  }
},
{
  "model": "engine.trackedshape",
  "pk": 17,
  "fields": {
    "type": "points",
    "occluded": false,
    "outside": false,
    "z_order": 0,
    "points": "[92.95325643333308, 129.2954675940839]",
    "rotation": 0.0,
    "track": 12,
    "frame": 6
  }
},
{
  "model": "engine.trackedshape",
  "pk": 18,
  "fields": {
    "type": "points",
    "occluded": false,
    "outside": false,
    "z_order": 0,
    "points": "[133.81649280769233, 195.4883603907146]",
    "rotation": 0.0,
    "track": 13,
    "frame": 6
  }
},
{
  "model": "engine.trackedshape",
  "pk": 19,
  "fields": {
    "type": "points",
    "occluded": false,
    "outside": false,
    "z_order": 0,
    "points": "[188.94942364574058, 102.14894385926891]",
    "rotation": 0.0,
    "track": 14,
    "frame": 6
  }
},
{
  "model": "engine.trackedshape",
  "pk": 20,
  "fields": {
    "type": "points",
    "occluded": false,
    "outside": false,
    "z_order": 0,
    "points": "[269.3786601426267, 211.47877807640333]",
    "rotation": 0.0,
    "track": 15,
    "frame": 6
  }
},
{
  "model": "engine.profile",
  "pk": 1,
  "fields": {
    "user": [
      "admin1"
    ],
    "rating": 0.0
  }
},
{
  "model": "engine.profile",
  "pk": 2,
  "fields": {
    "user": [
      "user1"
    ],
    "rating": 0.0
  }
},
{
  "model": "engine.profile",
  "pk": 3,
  "fields": {
    "user": [
      "user2"
    ],
    "rating": 0.0
  }
},
{
  "model": "engine.profile",
  "pk": 4,
  "fields": {
    "user": [
      "user3"
    ],
    "rating": 0.0
  }
},
{
  "model": "engine.profile",
  "pk": 5,
  "fields": {
    "user": [
      "user4"
    ],
    "rating": 0.0
  }
},
{
  "model": "engine.profile",
  "pk": 6,
  "fields": {
    "user": [
      "worker1"
    ],
    "rating": 0.0
  }
},
{
  "model": "engine.profile",
  "pk": 7,
  "fields": {
    "user": [
      "worker2"
    ],
    "rating": 0.0
  }
},
{
  "model": "engine.profile",
  "pk": 8,
  "fields": {
    "user": [
      "worker3"
    ],
    "rating": 0.0
  }
},
{
  "model": "engine.profile",
  "pk": 9,
  "fields": {
    "user": [
      "worker4"
    ],
    "rating": 0.0
  }
},
{
  "model": "engine.profile",
  "pk": 10,
  "fields": {
    "user": [
      "business1"
    ],
    "rating": 0.0
  }
},
{
  "model": "engine.profile",
  "pk": 11,
  "fields": {
    "user": [
      "business2"
    ],
    "rating": 0.0
  }
},
{
  "model": "engine.profile",
  "pk": 12,
  "fields": {
    "user": [
      "business3"
    ],
    "rating": 0.0
  }
},
{
  "model": "engine.profile",
  "pk": 13,
  "fields": {
    "user": [
      "business4"
    ],
    "rating": 0.0
  }
},
{
  "model": "engine.profile",
  "pk": 14,
  "fields": {
    "user": [
      "dummy1"
    ],
    "rating": 0.0
  }
},
{
  "model": "engine.profile",
  "pk": 15,
  "fields": {
    "user": [
      "dummy2"
    ],
    "rating": 0.0
  }
},
{
  "model": "engine.profile",
  "pk": 16,
  "fields": {
    "user": [
      "dummy3"
    ],
    "rating": 0.0
  }
},
{
  "model": "engine.profile",
  "pk": 17,
  "fields": {
    "user": [
      "dummy4"
    ],
    "rating": 0.0
  }
},
{
  "model": "engine.profile",
  "pk": 18,
  "fields": {
    "user": [
      "admin2"
    ],
    "rating": 0.0
  }
},
{
  "model": "engine.profile",
  "pk": 19,
  "fields": {
    "user": [
      "user5"
    ],
    "rating": 0.0
  }
},
{
  "model": "engine.profile",
  "pk": 20,
  "fields": {
    "user": [
      "user6"
    ],
    "rating": 0.0
  }
},
{
  "model": "engine.profile",
  "pk": 21,
  "fields": {
    "user": [
      "lonely_user"
    ],
    "rating": 0.0
  }
},
{
  "model": "engine.issue",
  "pk": 1,
  "fields": {
    "frame": 0,
    "position": "[244.58581235698148, 319.63386727689067, 326.9656750572103, 192.76887871853796, 543.6247139588122, 175.4691075514893, 835.2494279176244, 360.0000000000018, 609.5286041189956, 586.544622425632, 364.0361328125, 528.87890625, 244.58581235698148, 319.63386727689067]",
    "job": 7,
    "owner": [
      "user1"
    ],
    "assignee": null,
    "created_date": "2022-03-16T11:04:39.444Z",
    "updated_date": null,
    "resolved": true
  }
},
{
  "model": "engine.issue",
  "pk": 2,
  "fields": {
    "frame": 0,
    "position": "[98.48046875, 696.72265625, 326.1220703125, 841.5859375]",
    "job": 9,
    "owner": [
      "business2"
    ],
    "assignee": null,
    "created_date": "2022-03-16T11:07:22.170Z",
    "updated_date": null,
    "resolved": false
  }
},
{
  "model": "engine.issue",
  "pk": 3,
  "fields": {
    "frame": 5,
    "position": "[108.1845703125, 235.0, 720.0087890625, 703.3505859375]",
    "job": 16,
    "owner": [
      "business2"
    ],
    "assignee": null,
    "created_date": "2022-03-16T11:08:18.367Z",
    "updated_date": null,
    "resolved": false
  }
},
{
  "model": "engine.issue",
  "pk": 4,
  "fields": {
    "frame": 5,
    "position": "[295.36328125, 243.6044921875, 932.23046875, 561.4921875]",
    "job": 10,
    "owner": [
      "user1"
    ],
    "assignee": [
      "user1"
    ],
    "created_date": "2022-03-16T12:40:00.764Z",
    "updated_date": null,
    "resolved": false
  }
},
{
  "model": "engine.issue",
  "pk": 5,
  "fields": {
    "frame": 0,
    "position": "[65.6189987163034, 100.96585365853753, 142.12734274711147, 362.6243902439037]",
    "job": 11,
    "owner": [
      "user6"
    ],
    "assignee": null,
    "created_date": "2022-03-16T12:49:29.369Z",
    "updated_date": null,
    "resolved": false
  }
},
{
  "model": "engine.comment",
  "pk": 1,
  "fields": {
    "issue": 1,
    "owner": [
      "user1"
    ],
    "message": "Why are we still here?",
    "created_date": "2022-03-16T11:04:39.447Z",
    "updated_date": "2022-03-16T11:04:39.447Z"
  }
},
{
  "model": "engine.comment",
  "pk": 2,
  "fields": {
    "issue": 1,
    "owner": [
      "user1"
    ],
    "message": "Just to suffer?",
    "created_date": "2022-03-16T11:04:49.821Z",
    "updated_date": "2022-03-16T11:04:49.821Z"
  }
},
{
  "model": "engine.comment",
  "pk": 3,
  "fields": {
    "issue": 2,
    "owner": [
      "business2"
    ],
    "message": "Something should be here",
    "created_date": "2022-03-16T11:07:22.173Z",
    "updated_date": "2022-03-16T11:07:22.173Z"
  }
},
{
  "model": "engine.comment",
  "pk": 4,
  "fields": {
    "issue": 3,
    "owner": [
      "business2"
    ],
    "message": "Another one issue",
    "created_date": "2022-03-16T11:08:18.370Z",
    "updated_date": "2022-03-16T11:08:18.370Z"
  }
},
{
  "model": "engine.comment",
  "pk": 5,
  "fields": {
    "issue": 4,
    "owner": [
      "user1"
    ],
    "message": "Issue with empty frame",
    "created_date": "2022-03-16T12:40:00.767Z",
    "updated_date": "2022-03-16T12:40:00.767Z"
  }
},
{
  "model": "engine.comment",
  "pk": 6,
  "fields": {
    "issue": 5,
    "owner": [
      "user6"
    ],
    "message": "Wrong position",
    "created_date": "2022-03-16T12:49:29.372Z",
    "updated_date": "2022-03-16T12:49:29.372Z"
  }
},
{
  "model": "engine.manifest",
  "pk": 1,
  "fields": {
    "filename": "manifest.jsonl",
    "cloud_storage": 1
  }
},
{
  "model": "engine.manifest",
  "pk": 2,
  "fields": {
    "filename": "sub/manifest.jsonl",
    "cloud_storage": 2
  }
},
{
  "model": "engine.manifest",
  "pk": 3,
  "fields": {
    "filename": "manifest.jsonl",
    "cloud_storage": 3
  }
},
{
  "model": "engine.cloudstorage",
  "pk": 1,
  "fields": {
    "provider_type": "AWS_S3_BUCKET",
    "resource": "public",
    "display_name": "Bucket 1",
    "owner": [
      "user1"
    ],
    "created_date": "2022-03-17T07:22:49.519Z",
    "updated_date": "2022-03-17T07:22:49.529Z",
    "credentials": "",
    "credentials_type": "ANONYMOUS_ACCESS",
    "specific_attributes": "endpoint_url=http%3A%2F%2Fminio%3A9000",
    "description": "",
    "organization": null
  }
},
{
  "model": "engine.cloudstorage",
  "pk": 2,
  "fields": {
    "provider_type": "AWS_S3_BUCKET",
    "resource": "private",
    "display_name": "Bucket 2",
    "owner": [
      "business2"
    ],
    "created_date": "2022-03-17T07:23:59.305Z",
    "updated_date": "2022-07-13T12:46:45.587Z",
    "credentials": "minio_access_key minio_secret_key",
    "credentials_type": "KEY_SECRET_KEY_PAIR",
    "specific_attributes": "endpoint_url=http%3A%2F%2Fminio%3A9000",
    "description": "",
    "organization": 2
  }
},
{
  "model": "engine.cloudstorage",
  "pk": 3,
  "fields": {
    "provider_type": "AWS_S3_BUCKET",
    "resource": "importexportbucket",
    "display_name": "Import/Export bucket",
    "owner": [
      "admin1"
    ],
    "created_date": "2022-06-29T12:56:18.257Z",
    "updated_date": "2022-06-29T12:56:18.264Z",
    "credentials": "minio_access_key minio_secret_key",
    "credentials_type": "KEY_SECRET_KEY_PAIR",
    "specific_attributes": "endpoint_url=http%3A%2F%2Fminio%3A9000",
    "description": "Bucket for importing and exporting annotations and backups",
    "organization": 2
  }
},
{
  "model": "engine.storage",
  "pk": 1,
  "fields": {
    "location": "cloud_storage",
    "cloud_storage_id": 2
  }
},
{
  "model": "engine.storage",
  "pk": 2,
  "fields": {
    "location": "cloud_storage",
    "cloud_storage_id": 2
  }
},
{
  "model": "engine.storage",
  "pk": 3,
  "fields": {
    "location": "cloud_storage",
    "cloud_storage_id": 2
  }
},
{
  "model": "engine.storage",
  "pk": 4,
  "fields": {
    "location": "cloud_storage",
    "cloud_storage_id": 2
  }
},
{
  "model": "engine.storage",
  "pk": 5,
  "fields": {
    "location": "local",
    "cloud_storage_id": null
  }
},
{
  "model": "engine.storage",
  "pk": 6,
  "fields": {
    "location": "local",
    "cloud_storage_id": null
  }
},
{
  "model": "engine.storage",
  "pk": 7,
  "fields": {
    "location": "local",
    "cloud_storage_id": null
  }
},
{
  "model": "engine.storage",
  "pk": 8,
  "fields": {
    "location": "local",
    "cloud_storage_id": null
  }
},
{
  "model": "engine.storage",
  "pk": 9,
  "fields": {
    "location": "local",
    "cloud_storage_id": null
  }
},
{
  "model": "engine.storage",
  "pk": 10,
  "fields": {
    "location": "local",
    "cloud_storage_id": null
  }
},
{
  "model": "engine.storage",
  "pk": 11,
  "fields": {
    "location": "local",
    "cloud_storage_id": null
  }
},
{
  "model": "engine.storage",
  "pk": 12,
  "fields": {
    "location": "local",
    "cloud_storage_id": null
  }
},
{
  "model": "engine.storage",
  "pk": 13,
  "fields": {
    "location": "local",
    "cloud_storage_id": null
  }
},
{
  "model": "engine.storage",
  "pk": 14,
  "fields": {
    "location": "local",
    "cloud_storage_id": null
  }
},
{
  "model": "engine.storage",
  "pk": 15,
  "fields": {
    "location": "local",
    "cloud_storage_id": null
  }
},
{
  "model": "engine.storage",
  "pk": 16,
  "fields": {
    "location": "local",
    "cloud_storage_id": null
  }
},
{
  "model": "engine.storage",
  "pk": 17,
  "fields": {
    "location": "local",
    "cloud_storage_id": null
  }
},
{
  "model": "engine.storage",
  "pk": 18,
  "fields": {
    "location": "local",
    "cloud_storage_id": null
  }
},
{
  "model": "engine.storage",
  "pk": 19,
  "fields": {
    "location": "local",
    "cloud_storage_id": null
  }
},
{
  "model": "engine.storage",
  "pk": 20,
  "fields": {
    "location": "local",
    "cloud_storage_id": null
  }
},
{
  "model": "engine.storage",
  "pk": 21,
  "fields": {
    "location": "local",
    "cloud_storage_id": null
  }
},
{
  "model": "engine.storage",
  "pk": 22,
  "fields": {
    "location": "local",
    "cloud_storage_id": null
  }
},
{
  "model": "engine.storage",
  "pk": 23,
  "fields": {
    "location": "local",
    "cloud_storage_id": null
  }
},
{
  "model": "engine.storage",
  "pk": 24,
  "fields": {
    "location": "local",
    "cloud_storage_id": null
  }
},
{
  "model": "engine.storage",
  "pk": 25,
  "fields": {
    "location": "local",
    "cloud_storage_id": null
  }
},
{
  "model": "engine.storage",
  "pk": 26,
  "fields": {
    "location": "local",
    "cloud_storage_id": null
  }
},
{
  "model": "engine.storage",
  "pk": 27,
  "fields": {
    "location": "local",
    "cloud_storage_id": null
  }
},
{
  "model": "engine.storage",
  "pk": 28,
  "fields": {
    "location": "local",
    "cloud_storage_id": null
  }
},
{
  "model": "engine.storage",
  "pk": 29,
  "fields": {
    "location": "local",
    "cloud_storage_id": null
  }
},
{
  "model": "engine.storage",
  "pk": 30,
  "fields": {
    "location": "local",
    "cloud_storage_id": null
  }
},
{
  "model": "engine.storage",
  "pk": 31,
  "fields": {
    "location": "local",
    "cloud_storage_id": null
  }
},
{
  "model": "engine.storage",
  "pk": 32,
  "fields": {
    "location": "local",
    "cloud_storage_id": null
  }
},
{
  "model": "engine.storage",
  "pk": 33,
  "fields": {
    "location": "local",
    "cloud_storage_id": null
  }
},
{
  "model": "engine.storage",
  "pk": 34,
  "fields": {
    "location": "local",
    "cloud_storage_id": null
  }
},
{
  "model": "webhooks.webhook",
  "pk": 1,
  "fields": {
    "target_url": "http://example.com/",
    "description": "",
    "events": "delete:task,update:task,create:task,update:job",
    "type": "project",
    "content_type": "application/json",
    "secret": "",
    "is_active": true,
    "enable_ssl": true,
    "created_date": "2022-09-28T12:16:28.311Z",
    "updated_date": "2022-09-28T12:16:28.311Z",
    "owner": [
      "user1"
    ],
    "project": 6,
    "organization": null
  }
},
{
  "model": "webhooks.webhook",
  "pk": 2,
  "fields": {
    "target_url": "http://example.com/",
    "description": "",
    "events": "delete:comment,update:issue,update:comment,update:job,update:project,delete:task,create:comment,delete:issue,update:task,create:task,create:issue",
    "type": "project",
    "content_type": "application/json",
    "secret": "",
    "is_active": true,
    "enable_ssl": true,
    "created_date": "2022-09-28T12:18:12.412Z",
    "updated_date": "2022-09-28T12:18:12.412Z",
    "owner": [
      "business1"
    ],
    "project": 1,
    "organization": null
  }
},
{
  "model": "webhooks.webhook",
  "pk": 3,
  "fields": {
    "target_url": "http://example.com",
    "description": "",
    "events": "update:issue,delete:issue,create:issue,update:project",
    "type": "project",
    "content_type": "application/json",
    "secret": "",
    "is_active": true,
    "enable_ssl": true,
    "created_date": "2022-09-28T12:19:49.744Z",
    "updated_date": "2022-09-28T12:19:49.744Z",
    "owner": [
      "user2"
    ],
    "project": 3,
    "organization": 2
  }
},
{
  "model": "webhooks.webhook",
  "pk": 6,
  "fields": {
    "target_url": "http://example.com/",
    "description": "",
    "events": "delete:task,create:task,update:issue,update:membership,create:comment,delete:comment,update:job,update:comment,create:project,delete:invitation,create:invitation,update:project,update:task,delete:membership,delete:issue,delete:project,update:organization,create:issue",
    "type": "organization",
    "content_type": "application/json",
    "secret": "",
    "is_active": true,
    "enable_ssl": true,
    "created_date": "2022-09-29T08:00:48.440Z",
    "updated_date": "2022-09-29T08:00:48.441Z",
    "owner": [
      "admin1"
    ],
    "project": null,
    "organization": 1
  }
},
{
  "model": "admin.logentry",
  "pk": 1,
  "fields": {
    "action_time": "2021-12-14T18:20:01.999Z",
    "user": [
      "admin1"
    ],
    "content_type": [
      "auth",
      "user"
    ],
    "object_id": "1",
    "object_repr": "admin",
    "action_flag": 2,
    "change_message": "[{\"changed\": {\"fields\": [\"Email address\"]}}]"
  }
},
{
  "model": "admin.logentry",
  "pk": 2,
  "fields": {
    "action_time": "2021-12-14T18:21:09.151Z",
    "user": [
      "admin1"
    ],
    "content_type": [
      "auth",
      "user"
    ],
    "object_id": "2",
    "object_repr": "user1",
    "action_flag": 1,
    "change_message": "[{\"added\": {}}]"
  }
},
{
  "model": "admin.logentry",
  "pk": 3,
  "fields": {
    "action_time": "2021-12-14T18:23:58.718Z",
    "user": [
      "admin1"
    ],
    "content_type": [
      "auth",
      "user"
    ],
    "object_id": "2",
    "object_repr": "user1",
    "action_flag": 2,
    "change_message": "[{\"changed\": {\"fields\": [\"First name\", \"Last name\", \"Email address\"]}}]"
  }
},
{
  "model": "admin.logentry",
  "pk": 4,
  "fields": {
    "action_time": "2021-12-14T18:24:12.553Z",
    "user": [
      "admin1"
    ],
    "content_type": [
      "auth",
      "user"
    ],
    "object_id": "3",
    "object_repr": "user2",
    "action_flag": 1,
    "change_message": "[{\"added\": {}}]"
  }
},
{
  "model": "admin.logentry",
  "pk": 5,
  "fields": {
    "action_time": "2021-12-14T18:24:24.326Z",
    "user": [
      "admin1"
    ],
    "content_type": [
      "auth",
      "user"
    ],
    "object_id": "3",
    "object_repr": "user2",
    "action_flag": 2,
    "change_message": "[{\"changed\": {\"fields\": [\"First name\", \"Last name\", \"Email address\"]}}]"
  }
},
{
  "model": "admin.logentry",
  "pk": 6,
  "fields": {
    "action_time": "2021-12-14T18:24:39.624Z",
    "user": [
      "admin1"
    ],
    "content_type": [
      "auth",
      "user"
    ],
    "object_id": "4",
    "object_repr": "user3",
    "action_flag": 1,
    "change_message": "[{\"added\": {}}]"
  }
},
{
  "model": "admin.logentry",
  "pk": 7,
  "fields": {
    "action_time": "2021-12-14T18:24:53.704Z",
    "user": [
      "admin1"
    ],
    "content_type": [
      "auth",
      "user"
    ],
    "object_id": "4",
    "object_repr": "user3",
    "action_flag": 2,
    "change_message": "[{\"changed\": {\"fields\": [\"First name\", \"Last name\", \"Email address\"]}}]"
  }
},
{
  "model": "admin.logentry",
  "pk": 8,
  "fields": {
    "action_time": "2021-12-14T18:25:10.952Z",
    "user": [
      "admin1"
    ],
    "content_type": [
      "auth",
      "user"
    ],
    "object_id": "5",
    "object_repr": "user4",
    "action_flag": 1,
    "change_message": "[{\"added\": {}}]"
  }
},
{
  "model": "admin.logentry",
  "pk": 9,
  "fields": {
    "action_time": "2021-12-14T18:25:31.451Z",
    "user": [
      "admin1"
    ],
    "content_type": [
      "auth",
      "user"
    ],
    "object_id": "5",
    "object_repr": "user4",
    "action_flag": 2,
    "change_message": "[{\"changed\": {\"fields\": [\"First name\", \"Last name\", \"Email address\"]}}]"
  }
},
{
  "model": "admin.logentry",
  "pk": 10,
  "fields": {
    "action_time": "2021-12-14T18:30:00.390Z",
    "user": [
      "admin1"
    ],
    "content_type": [
      "auth",
      "user"
    ],
    "object_id": "6",
    "object_repr": "worker1",
    "action_flag": 1,
    "change_message": "[{\"added\": {}}]"
  }
},
{
  "model": "admin.logentry",
  "pk": 11,
  "fields": {
    "action_time": "2021-12-14T18:30:20.019Z",
    "user": [
      "admin1"
    ],
    "content_type": [
      "auth",
      "user"
    ],
    "object_id": "6",
    "object_repr": "worker1",
    "action_flag": 2,
    "change_message": "[{\"changed\": {\"fields\": [\"First name\", \"Last name\", \"Email address\", \"Groups\"]}}]"
  }
},
{
  "model": "admin.logentry",
  "pk": 12,
  "fields": {
    "action_time": "2021-12-14T18:30:43.380Z",
    "user": [
      "admin1"
    ],
    "content_type": [
      "auth",
      "user"
    ],
    "object_id": "7",
    "object_repr": "worker2",
    "action_flag": 1,
    "change_message": "[{\"added\": {}}]"
  }
},
{
  "model": "admin.logentry",
  "pk": 13,
  "fields": {
    "action_time": "2021-12-14T18:31:05.739Z",
    "user": [
      "admin1"
    ],
    "content_type": [
      "auth",
      "user"
    ],
    "object_id": "7",
    "object_repr": "worker2",
    "action_flag": 2,
    "change_message": "[{\"changed\": {\"fields\": [\"First name\", \"Last name\", \"Email address\", \"Groups\"]}}]"
  }
},
{
  "model": "admin.logentry",
  "pk": 14,
  "fields": {
    "action_time": "2021-12-14T18:31:25.912Z",
    "user": [
      "admin1"
    ],
    "content_type": [
      "auth",
      "user"
    ],
    "object_id": "8",
    "object_repr": "worker3",
    "action_flag": 1,
    "change_message": "[{\"added\": {}}]"
  }
},
{
  "model": "admin.logentry",
  "pk": 15,
  "fields": {
    "action_time": "2021-12-14T18:31:46.096Z",
    "user": [
      "admin1"
    ],
    "content_type": [
      "auth",
      "user"
    ],
    "object_id": "8",
    "object_repr": "worker3",
    "action_flag": 2,
    "change_message": "[{\"changed\": {\"fields\": [\"First name\", \"Last name\", \"Email address\", \"Groups\"]}}]"
  }
},
{
  "model": "admin.logentry",
  "pk": 16,
  "fields": {
    "action_time": "2021-12-14T18:32:01.519Z",
    "user": [
      "admin1"
    ],
    "content_type": [
      "auth",
      "user"
    ],
    "object_id": "9",
    "object_repr": "worker4",
    "action_flag": 1,
    "change_message": "[{\"added\": {}}]"
  }
},
{
  "model": "admin.logentry",
  "pk": 17,
  "fields": {
    "action_time": "2021-12-14T18:32:21.067Z",
    "user": [
      "admin1"
    ],
    "content_type": [
      "auth",
      "user"
    ],
    "object_id": "9",
    "object_repr": "worker4",
    "action_flag": 2,
    "change_message": "[{\"changed\": {\"fields\": [\"First name\", \"Last name\", \"Email address\", \"Groups\"]}}]"
  }
},
{
  "model": "admin.logentry",
  "pk": 18,
  "fields": {
    "action_time": "2021-12-14T18:33:06.933Z",
    "user": [
      "admin1"
    ],
    "content_type": [
      "auth",
      "user"
    ],
    "object_id": "10",
    "object_repr": "business1",
    "action_flag": 1,
    "change_message": "[{\"added\": {}}]"
  }
},
{
  "model": "admin.logentry",
  "pk": 19,
  "fields": {
    "action_time": "2021-12-14T18:33:12.541Z",
    "user": [
      "admin1"
    ],
    "content_type": [
      "auth",
      "user"
    ],
    "object_id": "10",
    "object_repr": "business1",
    "action_flag": 2,
    "change_message": "[{\"changed\": {\"fields\": [\"First name\", \"Last name\"]}}]"
  }
},
{
  "model": "admin.logentry",
  "pk": 20,
  "fields": {
    "action_time": "2021-12-14T18:33:28.422Z",
    "user": [
      "admin1"
    ],
    "content_type": [
      "auth",
      "user"
    ],
    "object_id": "10",
    "object_repr": "business1",
    "action_flag": 2,
    "change_message": "[{\"changed\": {\"fields\": [\"Last name\", \"Email address\", \"Groups\"]}}]"
  }
},
{
  "model": "admin.logentry",
  "pk": 21,
  "fields": {
    "action_time": "2021-12-14T18:34:02.007Z",
    "user": [
      "admin1"
    ],
    "content_type": [
      "auth",
      "user"
    ],
    "object_id": "11",
    "object_repr": "business2",
    "action_flag": 1,
    "change_message": "[{\"added\": {}}]"
  }
},
{
  "model": "admin.logentry",
  "pk": 22,
  "fields": {
    "action_time": "2021-12-14T18:34:18.560Z",
    "user": [
      "admin1"
    ],
    "content_type": [
      "auth",
      "user"
    ],
    "object_id": "11",
    "object_repr": "business2",
    "action_flag": 2,
    "change_message": "[{\"changed\": {\"fields\": [\"First name\", \"Last name\", \"Email address\", \"Groups\"]}}]"
  }
},
{
  "model": "admin.logentry",
  "pk": 23,
  "fields": {
    "action_time": "2021-12-14T18:34:34.313Z",
    "user": [
      "admin1"
    ],
    "content_type": [
      "auth",
      "user"
    ],
    "object_id": "12",
    "object_repr": "business3",
    "action_flag": 1,
    "change_message": "[{\"added\": {}}]"
  }
},
{
  "model": "admin.logentry",
  "pk": 24,
  "fields": {
    "action_time": "2021-12-14T18:34:54.186Z",
    "user": [
      "admin1"
    ],
    "content_type": [
      "auth",
      "user"
    ],
    "object_id": "12",
    "object_repr": "business3",
    "action_flag": 2,
    "change_message": "[{\"changed\": {\"fields\": [\"First name\", \"Last name\", \"Email address\", \"Groups\"]}}]"
  }
},
{
  "model": "admin.logentry",
  "pk": 25,
  "fields": {
    "action_time": "2021-12-14T18:35:15.352Z",
    "user": [
      "admin1"
    ],
    "content_type": [
      "auth",
      "user"
    ],
    "object_id": "13",
    "object_repr": "business4",
    "action_flag": 1,
    "change_message": "[{\"added\": {}}]"
  }
},
{
  "model": "admin.logentry",
  "pk": 26,
  "fields": {
    "action_time": "2021-12-14T18:35:31.459Z",
    "user": [
      "admin1"
    ],
    "content_type": [
      "auth",
      "user"
    ],
    "object_id": "13",
    "object_repr": "business4",
    "action_flag": 2,
    "change_message": "[{\"changed\": {\"fields\": [\"First name\", \"Last name\", \"Email address\", \"Groups\"]}}]"
  }
},
{
  "model": "admin.logentry",
  "pk": 27,
  "fields": {
    "action_time": "2021-12-14T18:36:00.882Z",
    "user": [
      "admin1"
    ],
    "content_type": [
      "auth",
      "user"
    ],
    "object_id": "14",
    "object_repr": "dummy1",
    "action_flag": 1,
    "change_message": "[{\"added\": {}}]"
  }
},
{
  "model": "admin.logentry",
  "pk": 28,
  "fields": {
    "action_time": "2021-12-14T18:36:16.686Z",
    "user": [
      "admin1"
    ],
    "content_type": [
      "auth",
      "user"
    ],
    "object_id": "14",
    "object_repr": "dummy1",
    "action_flag": 2,
    "change_message": "[{\"changed\": {\"fields\": [\"First name\", \"Last name\", \"Email address\", \"Groups\"]}}]"
  }
},
{
  "model": "admin.logentry",
  "pk": 29,
  "fields": {
    "action_time": "2021-12-14T18:36:31.775Z",
    "user": [
      "admin1"
    ],
    "content_type": [
      "auth",
      "user"
    ],
    "object_id": "15",
    "object_repr": "dummy2",
    "action_flag": 1,
    "change_message": "[{\"added\": {}}]"
  }
},
{
  "model": "admin.logentry",
  "pk": 30,
  "fields": {
    "action_time": "2021-12-14T18:36:47.117Z",
    "user": [
      "admin1"
    ],
    "content_type": [
      "auth",
      "user"
    ],
    "object_id": "15",
    "object_repr": "dummy2",
    "action_flag": 2,
    "change_message": "[{\"changed\": {\"fields\": [\"First name\", \"Last name\", \"Email address\", \"Groups\"]}}]"
  }
},
{
  "model": "admin.logentry",
  "pk": 31,
  "fields": {
    "action_time": "2021-12-14T18:37:09.321Z",
    "user": [
      "admin1"
    ],
    "content_type": [
      "auth",
      "user"
    ],
    "object_id": "16",
    "object_repr": "dummy3",
    "action_flag": 1,
    "change_message": "[{\"added\": {}}]"
  }
},
{
  "model": "admin.logentry",
  "pk": 32,
  "fields": {
    "action_time": "2021-12-14T18:37:25.887Z",
    "user": [
      "admin1"
    ],
    "content_type": [
      "auth",
      "user"
    ],
    "object_id": "16",
    "object_repr": "dummy3",
    "action_flag": 2,
    "change_message": "[{\"changed\": {\"fields\": [\"First name\", \"Last name\", \"Email address\", \"Groups\"]}}]"
  }
},
{
  "model": "admin.logentry",
  "pk": 33,
  "fields": {
    "action_time": "2021-12-14T18:37:41.262Z",
    "user": [
      "admin1"
    ],
    "content_type": [
      "auth",
      "user"
    ],
    "object_id": "17",
    "object_repr": "dummy4",
    "action_flag": 1,
    "change_message": "[{\"added\": {}}]"
  }
},
{
  "model": "admin.logentry",
  "pk": 34,
  "fields": {
    "action_time": "2021-12-14T18:38:00.903Z",
    "user": [
      "admin1"
    ],
    "content_type": [
      "auth",
      "user"
    ],
    "object_id": "17",
    "object_repr": "dummy4",
    "action_flag": 2,
    "change_message": "[{\"changed\": {\"fields\": [\"First name\", \"Last name\", \"Email address\", \"Groups\"]}}]"
  }
},
{
  "model": "admin.logentry",
  "pk": 35,
  "fields": {
    "action_time": "2021-12-14T18:38:21.968Z",
    "user": [
      "admin1"
    ],
    "content_type": [
      "auth",
      "user"
    ],
    "object_id": "1",
    "object_repr": "admin1",
    "action_flag": 2,
    "change_message": "[{\"changed\": {\"fields\": [\"Username\", \"First name\", \"Last name\", \"Email address\"]}}]"
  }
},
{
  "model": "admin.logentry",
  "pk": 36,
  "fields": {
    "action_time": "2021-12-14T18:38:27.813Z",
    "user": [
      "admin1"
    ],
    "content_type": [
      "auth",
      "user"
    ],
    "object_id": "1",
    "object_repr": "admin1",
    "action_flag": 2,
    "change_message": "[{\"changed\": {\"fields\": [\"Last name\"]}}]"
  }
},
{
  "model": "admin.logentry",
  "pk": 37,
  "fields": {
    "action_time": "2021-12-14T18:38:46.549Z",
    "user": [
      "admin1"
    ],
    "content_type": [
      "auth",
      "user"
    ],
    "object_id": "18",
    "object_repr": "admin2",
    "action_flag": 1,
    "change_message": "[{\"added\": {}}]"
  }
},
{
  "model": "admin.logentry",
  "pk": 38,
  "fields": {
    "action_time": "2021-12-14T18:39:13.940Z",
    "user": [
      "admin1"
    ],
    "content_type": [
      "auth",
      "user"
    ],
    "object_id": "18",
    "object_repr": "admin2",
    "action_flag": 2,
    "change_message": "[{\"changed\": {\"fields\": [\"First name\", \"Last name\", \"Email address\", \"Groups\"]}}]"
  }
},
{
  "model": "admin.logentry",
  "pk": 39,
  "fields": {
    "action_time": "2021-12-14T18:41:27.383Z",
    "user": [
      "admin1"
    ],
    "content_type": [
      "auth",
      "user"
    ],
    "object_id": "18",
    "object_repr": "admin2",
    "action_flag": 2,
    "change_message": "[{\"changed\": {\"fields\": [\"Staff status\", \"Superuser status\"]}}]"
  }
},
{
  "model": "admin.logentry",
  "pk": 40,
  "fields": {
    "action_time": "2021-12-14T18:41:37.492Z",
    "user": [
      "admin1"
    ],
    "content_type": [
      "auth",
      "user"
    ],
    "object_id": "18",
    "object_repr": "admin2",
    "action_flag": 2,
    "change_message": "[{\"changed\": {\"fields\": [\"password\"]}}]"
  }
},
{
  "model": "admin.logentry",
  "pk": 41,
  "fields": {
    "action_time": "2021-12-14T18:41:50.468Z",
    "user": [
      "admin1"
    ],
    "content_type": [
      "auth",
      "user"
    ],
    "object_id": "1",
    "object_repr": "admin1",
    "action_flag": 2,
    "change_message": "[{\"changed\": {\"fields\": [\"password\"]}}]"
  }
},
{
  "model": "admin.logentry",
  "pk": 42,
  "fields": {
    "action_time": "2022-02-24T20:45:07.810Z",
    "user": [
      "admin1"
    ],
    "content_type": [
      "auth",
      "user"
    ],
    "object_id": "19",
    "object_repr": "user5",
    "action_flag": 1,
    "change_message": "[{\"added\": {}}]"
  }
},
{
  "model": "admin.logentry",
  "pk": 43,
  "fields": {
    "action_time": "2022-02-24T20:45:13.620Z",
    "user": [
      "admin1"
    ],
    "content_type": [
      "auth",
      "user"
    ],
    "object_id": "19",
    "object_repr": "user5",
    "action_flag": 2,
    "change_message": "[{\"changed\": {\"fields\": [\"First name\", \"Last name\", \"Email address\"]}}]"
  }
},
{
  "model": "admin.logentry",
  "pk": 44,
  "fields": {
    "action_time": "2022-02-24T20:45:19.301Z",
    "user": [
      "admin1"
    ],
    "content_type": [
      "auth",
      "user"
    ],
    "object_id": "20",
    "object_repr": "user6",
    "action_flag": 1,
    "change_message": "[{\"added\": {}}]"
  }
},
{
  "model": "admin.logentry",
  "pk": 45,
  "fields": {
    "action_time": "2022-02-24T20:45:25.772Z",
    "user": [
      "admin1"
    ],
    "content_type": [
      "auth",
      "user"
    ],
    "object_id": "20",
    "object_repr": "user6",
    "action_flag": 2,
    "change_message": "[{\"changed\": {\"fields\": [\"First name\", \"Last name\", \"Email address\"]}}]"
  }
}
]
